mention,group_type,group_category
widows with children,Other,
towns,Social group,Geography
customers',Social group,Other
the individual,General public,
investors,Social group,Economic class
all who enter secondary school after the summer of 1967,Social group,Age/generation
those who work in industry,Social group,Economic class
retired members of the armed forces and other government servants,Professional group,
Scotland,Social group,Geography
over the whole country,Social group,Geography
out-dated residential areas,Social group,Geography
secluded areas,Social group,Geography
Britain,General public,
older areas,Social group,Geography
the nation's,General public,
householders,Social group,Other
home nurses,Professional group,
individuals,General public,
throughout Great Britain,Social group,Geography
individual,General public,
those who can no longer manage on their own ,Social group,Health
tenants,Social group,Economic class
a modern Britain,General public,
"more than 50,000 students from developing countries",Social group,Nationality
"every man, woman and child in the country",Social group,Gender
women,Social group,Gender
throughout the United Kingdom,Social group,Geography
workers who fall ill,Social group,Health
those who undertake to save regularly,Social group,Economic class
the whole country,Social group,Geography
every boy and girl up to at least 18,Social group,Gender
people changing jobs,Social group,Economic class
the many new towns,Social group,Geography
each nation,Social group,Geography
the older pensioners,Social group,Age/generation
those householders living on small fixed incomes,Social group,Economic class
industrial workers under 18,Social group,Economic class
one family in every four,Social group,Other
teachers,Professional group,
companies,Social group,Economic class
each region,Social group,Geography
most of England,Social group,Geography
London,Social group,Geography
out-dated residential areas,Social group,Economic class
northeast England,Social group,Geography
passengers,Social group,Other
the handicapped,Social group,Health
the South,Social group,Geography
men,Social group,Gender
the nation,General public,
our crowded country,General public,
"every man, woman and child in the country",Other,
farmers',Professional group,
workers who fall ill,Social group,Economic class
widows with children,Social group,Gender
"more than 50,000 students from developing countries",Social group,Economic class
trade unions,Interest group,
widows at work,Social group,Gender
the public,General public,
those leaving school to start work at once,Social group,Economic class
this country,General public,
the victims of violent crime,Social group,Other
young people,Social group,Age/generation
those receiving such benefits,Social group,Economic class
the older pensioners,Social group,Economic class
Britain's,General public,
"100,000 extra students",Social group,Economic class
families,Social group,Other
towns and cities where most remaining slums are concentrated,Social group,Geography
management,Social group,Economic class
widows at work,Social group,Economic class
offenders,Social group,Other
viewers and listeners,Social group,Other
the elderly,Social group,Age/generation
qualified married women,Social group,Gender
cities and towns,Social group,Geography
Northern Ireland's,Social group,Geography
widows,Social group,Gender
industrial workers under 18,Social group,Age/generation
country's,General public,
"every man, woman and child in the country",Social group,Gender
ratepayer,Social group,Other
a person,General public,
the old,Social group,Age/generation
private woodland owners,Social group,Economic class
landlords,Social group,Economic class
patients,Social group,Health
new teachers,Professional group,
the British people,General public,
war widows,Social group,Gender
employers' associations,Interest group,
the consumer,Social group,Other
housewives,Social group,Gender
contemporary artists,Professional group,
those disabled in the service of their country,Professional group,
housing societies,Interest group,
other parts of the countryside,Social group,Geography
old people living at home,Social group,Age/generation
those disabled in the service of their country,Social group,Health
the family doctor,Professional group,
the sick,Social group,Health
the child,Other,
the young,Social group,Age/generation
those who cannot afford them,Social group,Economic class
the countryside,Social group,Geography
social workers,Professional group,
redundant workers,Social group,Economic class
young people deprived of normal home life,Social group,Economic class
built-up areas,Social group,Geography
health visitors,Professional group,
taxpayer,Social group,Other
industrial regions,Social group,Geography
central Scotland,Social group,Geography
areas where expansion can bring social and employment benefits ,Social group,Geography
shipowners,Social group,Economic class
shop-workers,Social group,Economic class
towns and cities where most remaining slums are concentrated,Social group,Economic class
major cities,Social group,Geography
shoppers,Social group,Other
those not needing hospital care,Social group,Health
every mother,Social group,Gender
taxpayers,Social group,Other
rural areas,Social group,Geography
Wales,Social group,Geography
the healing professions,Professional group,
unions,Interest group,
those who suffer from this form of hooliganism,Social group,Other
the physically and mentally handicapped,Social group,Health
doctors,Professional group,
our country,General public,
"some 19,000 British men and women",Social group,Gender
retired members of the armed forces,Social group,Economic class
those who work after retirement age,Social group,Age/generation
"some 19,000 British men and women",Social group,Gender
those householders living on small fixed incomes,Social group,Other
growers ,Professional group,
new and expanded towns,Social group,Geography
our fighting Services,Professional group,
home helps,Professional group,
employees,Social group,Economic class
southeast England,Social group,Geography
young people deprived of normal home life,Social group,Age/generation
British farmers,Professional group,
those whose needs are greatest,Social group,Economic class
those who work after retirement age,Social group,Economic class
the towns and cities,Social group,Geography
every boy and girl up to at least 18,Social group,Gender
youth,Social group,Age/generation
throughout the country,Social group,Geography
many,Social group,Other
people,General public,
parents,Social group,Other
family,Social group,Other
girls,Social group,Gender
Northern Ireland,Social group,Geography
technicians,Professional group,
production engineers,Professional group,
the housewife,Social group,Gender
Midland regions,Social group,Geography
lower paid workers,Social group,Economic class
the retired,Social group,Economic class
our towns,Social group,Geography
all our cities,Social group,Geography
ordinary families,Social group,Other
the unemployed,Social group,Economic class
general practitioners,Professional group,
The pensioner,Social group,Economic class
firms,Social group,Economic class
the North,Social group,Geography
old people,Social group,Age/generation
Older people,Social group,Age/generation
those least able to pay,Social group,Economic class
cities,Social group,Geography
designers,Professional group,
the patient,Social group,Health
public employees,Social group,Economic class
technologists,Professional group,
owner-occupiers,Social group,Economic class
senior executives,Professional group,
child,Other,
the worker on average pay,Social group,Economic class
the young worker,Social group,Age/generation
woman,Social group,Gender
the children,Other,
small exporters,Social group,Economic class
sick,Social group,Health
the owner i.e. of land,Social group,Economic class
Those whose incomes fall below the minimum i.e.e national minimum benefit,Social group,Economic class
Central Wales,Social group,Geography
widows of contributors i.e. to a pension scheme,Social group,Economic class
those who live in rural areas,Social group,Geography
The British people,General public,
the people,General public,
dentists,Professional group,
part-time teachers,Professional group,
ordinary people,Social group,Other
go-ahead people,Social group,Other
owners i.e. of homes,Social group,Economic class
adult workers,Social group,Economic class
the young worker,Social group,Economic class
adults with experience of practical life,Social group,Other
a small wealthy minority,Social group,Economic class
children,Other,
tenants who wish to become owner-occupiers,Social group,Economic class
ancillary staffs i.e. in the NHS,Professional group,
Those who are married,Social group,Other
our children,Other,
the different regions of the United Kingdom,Social group,Geography
our families,Social group,Other
employers' organisations,Interest group,
radiographers,Professional group,
the unions,Interest group,
entrants to teaching,Professional group,
all its i.e. Britain's citizens,General public,
immigrants,Social group,Nationality
employers,Social group,Economic class
householders with an original lease of more than 21 years,Social group,Economic class
the whole people,General public,
nurses,Professional group,
its i.e. the community's members,Social group,Other
the Regions,Social group,Geography
Directors i.e. of companies,Professional group,
public employees,Professional group,
"every women who wishes to, or needs to, have her baby in hospital",Social group,Gender
the subject,General public,
trained men,Social group,Gender
owner-occupier,Social group,Economic class
the regions of England,Social group,Geography
dieticians,Professional group,
the lower paid worker,Social group,Economic class
all owner-occupiers,Social group,Economic class
the large family,Social group,Other
the community,Social group,Other
community,Social group,Other
the British,General public,
the family,Social group,Other
British communities,Social group,Geography
the farmer,Professional group,
The country,General public,
trained men,Social group,Other
the citizen,General public,
every man,Social group,Gender
qualified medical staff,Professional group,
responsible citizens,General public,
boys,Social group,Gender
other parts of our country i.e. not the South,Social group,Geography
Widows,Social group,Gender
elderly teachers,Professional group,
our citizens,General public,
those already retired,Social group,Economic class
the old people,Social group,Age/generation
our major cities,Social group,Geography
Farmers,Professional group,
students,Social group,Economic class
people in the capital,Social group,Geography
widows of contributors i.e. to a pension scheme,Social group,Gender
enterprises,Social group,Economic class
new town,Social group,Geography
the whole people in the regions,Social group,Geography
the mentally ill,Social group,Health
"employees who, through no fault of their own, find that their job has disappeared",Social group,Economic class
all employees,Social group,Economic class
the car driver,Social group,Other
expectant mothers,Social group,Gender
the commuter,Social group,Other
those areas i.e. in Scotland where it i.e. development is most needed,Social group,Geography
people who have put by some savings,Social group,Economic class
those who have special needs not yet met by the Welfare State,Social group,Other
"the remaining slums in Glasgow, Edinburgh, Dundee, and other cities",Social group,Geography
our community,Social group,Other
everyone,General public,
Caernarvon,Social group,Geography
areas where there is most need,Social group,Economic class
part-time teachers,Professional group,
countryside,Social group,Geography
widows who have been out of employment for many years,Social group,Economic class
other country areas i.e. in Scotland,Social group,Geography
children in families where the income is below the minimum need,Social group,Other
war pensioners,Social group,Economic class
individual men,Social group,Gender
any dependens who might at any time wish to join them i.e. immigrants living in the UK,Social group,Nationality
the severely disabled,Social group,Health
small firms,Social group,Economic class
the people of Britain,General public,
the very old,Social group,Age/generation
war pensioners,Social group,Other
family doctors,Professional group,
the country,General public,
those areas i.e. in Scotland where it i.e. development is most needed,Social group,Economic class
the trade unions,Interest group,
"the growing numbers who leave the towns to sail, ski, climb, picnic, or go caravaning",Social group,Other
those too old to be covered by National Insurance,Social group,Age/generation
the big cities,Social group,Geography
mid-Wales,Social group,Geography
people below the standard rate of tax who are buying their home,Social group,Economic class
those who retired before 1956,Social group,Economic class
"the remaining slums in Glasgow Edinburgh, Dundee, and other cities",Social group,Geography
home buyer,Social group,Economic class
industrial consultants,Professional group,
new immigrants,Social group,Nationality
every woman,Social group,Gender
the UK,Social group,Geography
those who really need them i.e. council house subsidies,Social group,Economic class
"the growing numbers who leave the towns to sail, ski, climb, picnic, or go caravaning",Social group,Geography
the counties west of the Bann,Social group,Geography
"the remaining slums in Glasgow, Edinburgh, Dundee, and other cities",Social group,Geography
existing towns i.e. in mid-Wales,Social group,Geography
widows,Social group,Other
disabled,Social group,Health
South Wales,Social group,Geography
those areas where immigrants are concentrated,Social group,Nationality
Ulster farmers,Professional group,
areas where there is most need,Social group,Geography
Queensferry,Social group,Geography
"the growing numbers who leave the towns to sail, ski, climb, picnic, or go caravaning",Social group,Other
Each Area,Social group,Geography
children in families where the income is below the minimum need,Social group,Economic class
People eligible for the present tax allowance i.e. for mortgages,Social group,Economic class
nursing mothers,Social group,Gender
Ulster farmers,Social group,Geography
their families i.e. of immigrants,Social group,Other
dependants,Social group,Other
those areas where immigrants are concentrated,Social group,Geography
married women,Social group,Gender
the travelling public,Social group,Other
North Wales,Social group,Geography
those most in need,Social group,Economic class
regional recreation areas,Social group,Geography
Cardigan Bay,Social group,Geography
"the growing numbers who leave the towns to sail, ski, climb, picnic, or go caravaning",Social group,Other
"the remaining slums in Glasgow Edinburgh, Dundee, and other cities",Social group,Geography
the i.e. Scottish Borders,Social group,Geography
others most in need,Social group,Economic class
adults,Social group,Other
Those in Need,Social group,Economic class
children in families where the income is below the minimum need,Other,
Cardiff,Social group,Geography
the chronic sick,Social group,Health
the English regions,Social group,Geography
visitors to the National Forests,Social group,Geography
the individual child,Other,
inspectors of welfare,Professional group,
the Highlands,Social group,Geography
chronic sick,Social group,Health
useful members of the community,Social group,Other
Shrewsbury,Social group,Geography
those in prison,Social group,Other
British trade unions,Interest group,
ground leaseholders,Social group,Economic class
all immigrants living in Britain,Social group,Nationality
"the growing numbers who leave the towns to sail , ski, climb, picnic, or go caravaning",Social group,Other
scientists,Professional group,
North Wales,Social group,Geography
all immigrants,Social group,Nationality
the disabled,Social group,Health
immigrants already here,Social group,Nationality
home buyers,Social group,Economic class
widows who have been out of employment for many years,Social group,Gender
those needing help,Social group,Economic class
everybody,General public,
go-ahead companies,Social group,Economic class
anyone,General public,
those who really believe in this country,Social group,Other
our communities,Social group,Other
many groups,Social group,Other
those on fixed incomes,Social group,Economic class
the needy,Social group,Economic class
forces ,Professional group,
hundreds of thousands of families,Social group,Other
skilled labour,Social group,Economic class
those in need,Social group,Economic class
Birmingham,Social group,Geography
expanding firms,Social group,Economic class
the workers by hand and by brain,Social group,Economic class
family doctor,Professional group,
mortgagee,Social group,Economic class
the citizens,General public,
medical students,Social group,Economic class
those best able to shoulder it ,Social group,Economic class
the average citizen,General public,
everyone who joins the home ownership plan,Social group,Economic class
the whole community,General public,
all children,Other,
the community,General public,
"some 2,000 women a year",Social group,Gender
new towns,Social group,Geography
all,General public,
road users,Social group,Other
citizens ,Social group,Geography
much bigger towns,Social group,Geography
the producer ,Professional group,
the lower paid,Social group,Economic class
doorstep salesmen,Professional group,
those areas confronted with a severe shortage ,Social group,Geography
cities crippled with slums,Social group,Geography
the congested South East,Social group,Geography
those who wish to buy their own homes,Social group,Economic class
those affected by redundancy ,Social group,Economic class
the unspoiled countryside,Social group,Geography
private car commuters,Social group,Other
almost everyone,General public,
our farmers,Professional group,
our towns and cities,Social group,Geography
millions of our people,General public,
women workers,Social group,Economic class
adult offenders,Social group,Other
our forces ,Professional group,
millions of people,General public,
builders,Professional group,
the worker,Social group,Economic class
juvenile offenders,Social group,Other
those who can no longer do so ,Social group,Health
the leaseholder,Social group,Economic class
the areas of chronic unemployment,Social group,Geography
male workers,Social group,Economic class
widows',Social group,Gender
the council house tenant,Social group,Economic class
women workers,Social group,Gender
our young people,Social group,Age/generation
younger artists,Social group,Age/generation
Commonwealth immigrants ,Social group,Nationality
the motorist,Social group,Other
hundreds of thousands of tenants,Social group,Economic class
the farm worker,Social group,Economic class
the workers by hand and by brain,Social group,Economic class
a new and better Britain,General public,
our urban centres,Social group,Geography
exporters,Social group,Economic class
your family,General public,
young workers,Social group,Age/generation
large parts of our cities,Social group,Geography
those with family responsibilities ,Social group,Economic class
the mentally handicapped,Social group,Health
wage-earners,Social group,Economic class
those displaced ,Social group,Economic class
drivers ,Professional group,
the lodger ,Social group,Economic class
the owner-occupier,Social group,Economic class
the regions of high unemployment,Social group,Economic class
young people in Wales,Social group,Age/generation
the two million hardest hit families,Social group,Other
Liverpool,Social group,Geography
the teacher,Professional group,
one million house-owners,Social group,Economic class
building societies,Interest group,
development regions,Social group,Geography
Great Britain,General public,
the conurbations,Social group,Geography
the South East,Social group,Geography
the school leaver,Social group,Economic class
aliens,Social group,Nationality
yourself,General public,
the regions of high unemployment,Social group,Geography
the under-employed regions,Social group,Geography
the rural areas,Social group,Geography
employee,Social group,Economic class
the lower-paid worker,Social group,Economic class
full-time working directors,Social group,Economic class
young workers,Social group,Economic class
young people in Wales,Social group,Geography
those who prefer not to take a full course ,Social group,Economic class
central areas in our cities,Social group,Geography
the inmates,Social group,Other
the under-employed regions,Social group,Economic class
users ,Social group,Other
our farm workers,Social group,Economic class
the Islands ,Social group,Geography
the other great cities,Social group,Geography
those whose privileges and interests are threatened,Social group,Economic class
the areas of chronic unemployment,Social group,Economic class
all our towns,Social group,Geography
urban centres,Social group,Geography
industrialists,Social group,Economic class
Manchester,Social group,Geography
the West Midlands,Social group,Geography
all the people,General public,
those with special abilities ,Social group,Economic class
all domestic ratepayers,Social group,Other
the community,Social group,Geography
the responsible citizen,General public,
younger artists,Professional group,
the two million hardest hit families,Social group,Economic class
existing tenants of council houses,Social group,Economic class
male workers,Social group,Gender
the development areas,Social group,Geography
school leavers,Social group,Economic class
great majority of people,General public,
the most seriously disabled,Social group,Health
the young people,Social group,Age/generation
civil servants,Professional group,
a woman who is just over fifty ,Social group,Age/generation
 volunteers,Professional group,
every family,Social group,Other
"tenants, whether on a private property or of a council house",Social group,Economic class
a child,Other,
country,General public,
those who are now old,Social group,Age/generation
the criminal who causes personal injury or damages property,Social group,Other
sixteen ,Social group,Age/generation
families without a home or living in intolerable conditions receive priority,Social group,Economic class
 employer,Social group,Economic class
the professional ,Professional group,
those whose property is compulsorily purchased or adversely affected or blighted by road and redevelopment schemes,Social group,Economic class
people of Britain,General public,
council house tenants,Social group,Economic class
taxpayers,General public,
small businesses,Social group,Economic class
the most dangerous criminals,Social group,Other
the young people,General public,
individual citizens,General public,
local government staff,Social group,Geography
children still in poverty,Social group,Economic class
development areas,Social group,Geography
development and intermediate areas,Social group,Geography
the Scottish people,Social group,Geography
 individuals into Britain,Social group,Nationality
those confronted with housing problems,Social group,Economic class
 families below the poverty line],Social group,Other
those who are seriously ill or disabled,Social group,Health
constituents,General public,
tenants who cannot afford to pay fair rents,Social group,Economic class
a farmer,Professional group,
unofficial minorities ,Interest group,
all citizens,General public,
married couples,Social group,Other
the homeless,Social group,Economic class
 children's ,Other,
children ,Other,
 widows,Social group,Gender
the scroungers,Social group,Other
skilled workers,Social group,Economic class
victim,Social group,Other
the local community,Social group,Geography
the retired people,Social group,Age/generation
those whose property is compulsorily purchased or adversely affected or blighted by road and redevelopment schemes,Social group,Economic class
 those who are transferred,Professional group,
the aged,Social group,Age/generation
 age of eleven,Other,
any local government officer,Professional group,
any civil servant,Professional group,
Parents,Social group,Other
some people,General public,
married couples,Social group,Other
farmers unions,Interest group,
 staff,Professional group,
development and intermediate areas,Social group,Geography
they ,General public,
help everyone to build a better tomorrow for themselves,General public,
children,Social group,Other
the late developers ,Social group,Economic class
the volunteer ,Professional group,
 union,Interest group,
 his wife,Social group,Gender
farmers,Professional group,
those on housing lists,Social group,Economic class
nation,General public,
areas concerned,Social group,Geography
the shirkers,Social group,Other
families without a home or living in intolerable conditions receive priority,Social group,Other
consumer,Social group,Other
every part of our country,Social group,Geography
help everyone to build a better tomorrow for their families,Social group,Other
families that are homeless,Social group,Other
England,Social group,Geography
those who retired before 1956,Social group,Age/generation
tenants ,Social group,Economic class
farmers unions,Professional group,
the criminal who causes personal injury or damages property,Social group,Other
a widow just under fifty,Social group,Age/generation
some children,Social group,Economic class
any local government officer,Social group,Geography
pensioners,Social group,Age/generation
the over-80s without pensions,Social group,Age/generation
the over-eighties,Social group,Age/generation
"tenants, whether on a private property or of a council house",Social group,Economic class
children still in poverty,Other,
men,General public,
those now working,Social group,Economic class
Edinburgh,Social group,Geography
widow just under fifty,Social group,Gender
every child,Other,
families without a home or living in intolerable conditions,Social group,Economic class
family ,Social group,Economic class
children's ,Other,
development area,Social group,Geography
children ,Other,
children living in poverty,Social group,Economic class
the demonstrator who uses violence,Social group,Other
handicapped people,Social group,Health
deserted wives,Social group,Gender
 his young children,Other,
the South West,Social group,Geography
citizen,General public,
less prosperous areas,Social group,Geography
managers,Social group,Economic class
all areas,Social group,Geography
the majority of our nation,Social group,Other
many families,Social group,Other
the holder ,Social group,Nationality
Commonwealth immigrants,Social group,Nationality
women,Social group,Religion
United Kingdom,General public,
individual citizen,General public,
small firm,Social group,Economic class
a woman who is just over fifty when she is widowed,Social group,Gender
local government staff,Professional group,
prosperous areas,Social group,Geography
the Citizen,General public,
All children,Other,
they ,General public,
women,General public,
existing Commonwealth immigrant,Social group,Nationality
families that need them ,Social group,Economic class
families that are homeless,Social group,Other
those who are seriously ill or disabled,Social group,Health
ratepayers,General public,
 outside the urban areas,Social group,Geography
 his dependants,Other,
other families ,Social group,Other
taxpayer,General public,
all citizens in that part of the United Kingdom ,Social group,Geography
war pensioners,Social group,Age/generation
Women,Social group,Gender
Small businesses,Social group,Economic class
those working in the health service,Professional group,
young people,General public,
young ,Social group,Age/generation
most regions of England,Social group,Geography
pensioners,Social group,Economic class
young ,Social group,Age/generation
people ,General public,
the poor,Social group,Economic class
mentally ill people,General public,
existing pensioners,Social group,Age/generation
old people,General public,
 people in this country,General public,
 couples,Social group,Other
young people,Social group,Age/generation
the badly housed,Social group,Economic class
mentally ill people,Social group,Health
ss,Other,
the very severely disabled,Social group,Health
the aras of exapansion in the Midlands,Social group,Geography
the North West,Social group,Economic class
the Midlands,Social group,Geography
the lower-paid,Social group,Economic class
large areas of Britain,General public,
the areas of expansion in the South East,Social group,Geography
the far South West,Social group,Geography
the few,Social group,Economic class
farmer,Professional group,
all men of good will,General public,
law breakers,Social group,Economic class
magistrates,Professional group,
one million families,Social group,Other
all its i.e. society's members,General public,
the long-term sick,Social group,Health
hte non-earner,Social group,Economic class
the whole of Britain,General public,
One million leaseholders,Social group,Economic class
People,General public,
those on average and above average pay,Social group,Economic class
all the peopleof Britain,General public,
the wider community,Social group,Other
the under-fives,Other,
minorities of religion,Social group,Religion
minorities of race or colour,Social group,Ethnicity/race
people killed and seriously injured,Social group,Health
the national as a whole,General public,
15m. workpeople,Social group,Economic class
those least able to care for themselves,Social group,Economic class
every citizen of Northern Ireland,Social group,Geography
"1,400,000 people",General public,
developers,Social group,Economic class
Cwmbran,Social group,Geography
the adult community,Social group,Age/generation
Milton Keynes,Social group,Geography
man employed,Social group,Economic class
workers' representatives,Interest group,
different parts of the country,General public,
"25,000 students",Social group,Economic class
leaseholder,Social group,Economic class
the country's,General public,
full-time students in colleges and universities,Social group,Economic class
the rest of the United Kingdom i.e. Great Britain,General public,
80 per cent of our nation's children,Other,
low-income families,Social group,Other
Lancashire,Social group,Geography
young people in full-time higher education,Social group,Economic class
the different parts of the United Kingdom,Social group,Geography
those who are not solely moved by the search for profit or the hope of persnoal gain,Interest group,
full-time students in colleges and universities,Social group,Economic class
the different areas of Britain,General public,
"500,000 apprentices",Professional group,
full-time students in colleges and universities,Social group,Economic class
every worker,Social group,Economic class
consumer,Social group,Economic class
the generation that follows,Social group,Age/generation
those who are unable to provide for themselves on account of other circumstances,Social group,Economic class
Deeside,Social group,Geography
Humberside,Social group,Geography
those on average and above average pay,Social group,Economic class
Newtown,Social group,Geography
widow,Social group,Gender
twilight areas of our large cities,Social group,Geography
the wife,Social group,Gender
young people in full-time higher education,Social group,Age/generation
the widow,Social group,Gender
prisoner,Social group,Other
single-parent family,Social group,Other
elderly sick,Social group,Age/generation
trained staff,Social group,Economic class
every region,General public,
all people,General public,
young offender,Social group,Age/generation
the North East,Social group,Geography
elderly sick,Social group,Health
the eight new planning regions of England,Social group,Geography
Tayside,Social group,Geography
our people,General public,
its i.e. Britain's people,General public,
the Home Counties,Social group,Geography
Mid-Wales,Social group,Geography
for those who seek it i.e. work,Social group,Economic class
the very large firms,Social group,Economic class
three million on low incomes,Social group,Economic class
twlight areas of our large cities,Social group,Geography
low income families,Social group,Economic class
the rural community,Social group,Economic class
vandals,Social group,Other
Peterborough,Social group,Geography
occupants i.e. of older houses,Social group,Other
the different regions of our country,Social group,Geography
Ulster,Social group,Geography
central Lancashire,Social group,Geography
other i.e. NHS staffs,Professional group,
those who are unable to provide for themselves on account of age,Social group,Age/generation
all the people of Britain,General public,
i.e. the governed,General public,
workers,Social group,Economic class
other i.e. NHS staff,Professional group,
Erskine,Social group,Geography
Wales,Social group,Economic class
the North of England,Social group,Geography
Glasgow,Social group,Geography
adults of all ages,Social group,Age/generation
the different areas of Britain,Social group,Geography
citizens,General public,
Lanarkshire,Social group,Geography
communities,Social group,Geography
Warrington,Social group,Geography
the Principality i.e. of Wales,Social group,Geography
Northampton,Social group,Geography
those who have faith in the capacity and humanity of their fellow-men,Interest group,
the different regions of our country,General public,
Irvine,Social group,Geography
Severnside,Social group,Geography
those who are unable to provide for themselves on account of sickness,Social group,Health
limited liability company,Social group,Economic class
the pensioner,Social group,Economic class
officers in local government,Professional group,
miners,Professional group,
wives and children,Social group,Gender
regions,Social group,Geography
the individual consumer,Social group,Other
the ratepayers,General public,
union members,Other,
the families of inner-city areas,Social group,Geography
those who do not go on strike,Other,
we,General public,
towns and cities,Social group,Geography
low wage families,Social group,Economic class
shareholder,Social group,Economic class
London boroughs,Social group,Geography
British people,General public,
war pensioners veterans,Professional group,
those most in need,Social group,Other
those who strike,Other,
people whi have no union,Social group,Other
the mother,Social group,Gender
the householder,Social group,Economic class
self-employed,Social group,Economic class
large firms,Social group,Economic class
private enterprise,Social group,Economic class
the regions,Social group,Geography
wage-earners with long-term illness,Social group,Health
those retired,Social group,Economic class
those in need,Social group,Other
milk producers,Social group,Economic class
a people,General public,
people in the north,Social group,Geography
the parent,Social group,Other
Council tenants,Social group,Economic class
white majority,Social group,Ethnicity/race
the deaf,Social group,Health
the police,Professional group,
the weak,Social group,Other
over-80s,Social group,Age/generation
everyone else than miners,Professional group,
victims,Other,
the people in those regions,Social group,Geography
home-owners,Social group,Economic class
the individual trade unionist,Interest group,
small children,Social group,Other
disabled people,Social group,Health
a tenant,Social group,Economic class
families in a rented home,Social group,Economic class
immigrant communities,Social group,Nationality
six million workers,Social group,Economic class
offenders,Other,
people with small incomes,Social group,Economic class
public service pensioners,Social group,Economic class
the individual wage-earner,Social group,Economic class
elderly,Social group,Age/generation
criminals,Other,
towns and villages,Social group,Geography
farmers,Social group,Economic class
insurance companies,Other,
first-time purchasers of houses,Social group,Economic class
the less well-off taxpayer,Social group,Economic class
British soldiers,Professional group,
consumers,Social group,Other
people in the commonwealth,Social group,Nationality
those least able,Social group,Economic class
the ordinary shareholder,Social group,Economic class
the british people,General public,
coloured minority,Social group,Ethnicity/race
hard-pressed families with low income,Social group,Economic class
people at work,Other,
the silent majority of Notern Ireland,Social group,Geography
urban areas,Social group,Geography
deprived central areas of our large cities,Social group,Geography
the general public,General public,
better off tenants,Social group,Economic class
a nation,General public,
our,General public,
the rest of the country besides London,Social group,Geography
home-owner,Social group,Economic class
coloured people,Social group,Ethnicity/race
the taxpayer,General public,
young married couples,Social group,Age/generation
the British nation,General public,
those struggling,Social group,Economic class
country areas,Social group,Geography
the great majorty of people,General public,
all the people,Other,
the arthritic and rheumatic,Social group,Health
any company,Social group,Economic class
the taxpayers,General public,
poor,Social group,Economic class
rich,Social group,Economic class
ordinary wage earners,Social group,Economic class
the rich,Social group,Economic class
society,General public,
those less well off,Social group,Economic class
famlies,Social group,Other
the miners,Professional group,
Firms,Social group,Economic class
our the country's,General public,
the TUC,Interest group,
multinational oil companies,Social group,Economic class
wives,Social group,Gender
National Union of Mineworkers,Interest group,
Women at work,Social group,Gender
mothers,Social group,Gender
the pensioners,Social group,Economic class
They the country,General public,
the travelling public,Other,
16-18 year olds,Social group,Age/generation
individual firms,Social group,Economic class
inner urban areas,Social group,Geography
multi-national companies,Social group,Economic class
the manufacturer and seller,Social group,Other
the workers,Social group,Economic class
the poorer,Social group,Economic class
the low paid,Social group,Economic class
us all,General public,
Girls,Social group,Gender
trade union,Interest group,
the management,Social group,Economic class
the company,Social group,Economic class
our society,General public,
property companies,Social group,Economic class
working people,Social group,Economic class
the people of this country,General public,
severely disabled people,Social group,Health
firms,Professional group,
Families in need,Social group,Economic class
older people,Social group,Age/generation
nation as a whole,General public,
those who at present have too low a standard of living to enjoy many of the good things of life,Social group,Economic class
mothers,Social group,Other
servicemen,Professional group,
Housewives,Social group,Gender
small shopkeepers,Social group,Economic class
every family,Social group,Economic class
young apprentices in crime,Social group,Other
retired people living on small investment incomes,Social group,Economic class
union members,Interest group,
school governors,Professional group,
soldiers,Professional group,
people at work,Social group,Economic class
People at work,Social group,Economic class
representatives of the immigrant communities,Social group,Ethnicity/race
shop stewards,Interest group,
people over 65,Social group,Age/generation
married women so disabled that they cannot look after their homes and families,Social group,Health
married women students,Social group,Economic class
young offenders,Social group,Age/generation
voluntary agencies,Interest group,
Older People,Social group,Age/generation
every housewife,Social group,Gender
as many of them i.e. families who would like to own their home but for one reason or another cannot do so as possible,Social group,Economic class
children at school,Other,
every family in the country,General public,
separated wives,Social group,Gender
Women at work,Social group,Economic class
the British housewife,Social group,Gender
the families of men who go on strike,Social group,Other
Single-Parent Families,Social group,Other
People in Wales,Social group,Geography
Reserve Forces,Professional group,
people from outside the ranks of our party,Interest group,
first-time house buyers,Social group,Economic class
Students,Social group,Economic class
the communities,Social group,Economic class
adolescents,Social group,Age/generation
families of strikers,Social group,Other
taxpayer,Social group,Economic class
workers throughout the public sector,Social group,Economic class
Women in Retirement,Social group,Economic class
married women in employment,Social group,Economic class
the less well-off families,Social group,Economic class
low income groups,Social group,Economic class
the less well-off taxpayers,Social group,Economic class
mentally handicapped people,Social group,Economic class
the accounting profession,Professional group,
young persons,Social group,Age/generation
the families that need them i.e. homes,Social group,Economic class
those i.e. firms whose efforts produce improved performance,Social group,Economic class
local people,Social group,Geography
hard-pressed families with low incomes,Social group,Economic class
retired people living on small investment incomes,Social group,Age/generation
a united nation,General public,
retired women,Social group,Economic class
young offenders,Social group,Other
close relatives living in the same house,Social group,Other
young apprentices in crime,Social group,Age/generation
those i.e. children from disadvantaged areas,Social group,Geography
other students,Social group,Economic class
married women in employment,Social group,Gender
People in Scotland,Social group,Geography
parents of children currently at school,Social group,Other
those i.e. firms who make their contribution by investing their savings in new factories and new machinery,Social group,Economic class
the pensioners dependent on long-term social security benefits,Social group,Economic class
the less well-off taxpayers,Social group,Other
the community at large,Social group,Economic class
young people,Social group,Other
all home buyers,Social group,Economic class
the first child,Other,
horticulturalists,Professional group,
those who work together in industry,Social group,Economic class
the less well-off families,Social group,Economic class
the great majority of people,General public,
families dependent on long-term social security benefits,Social group,Other
many people,General public,
Woman,Social group,Gender
people in need,Social group,Economic class
Teachers,Professional group,
women at home,Social group,Gender
families of strikers,Social group,Economic class
People in retirement,Social group,Age/generation
people in special need,Social group,Economic class
beef producers,Professional group,
those who cannot look after themselves,Social group,Economic class
young people in their last year at school,Social group,Age/generation
people in Wales,Social group,Geography
professional criminals,Social group,Other
retired women,Social group,Gender
every council tenant who has been in his home for three years or more,Social group,Economic class
new buyers i.e. of homes,Social group,Economic class
People in need,Social group,Economic class
Chronically Sick People,Social group,Health
people in Scotland,Social group,Geography
any single interest,Interest group,
Young Offenders,Social group,Other
Young Offenders,Social group,Age/generation
squatters,Social group,Other
women at work,Social group,Economic class
farmworkers,Professional group,
bright and able children,Other,
"the small, often family-owned business",Social group,Economic class
some students,Social group,Economic class
head teachers,Professional group,
authors,Professional group,
handicapped children,Other,
women at work,Social group,Gender
Our farmers,Professional group,
all men and women of good will,Social group,Gender
fellow citizens,General public,
immigrants already in Britain,Social group,Nationality
women at work,Social group,Gender
all men and women of good will,Social group,Gender
inshore fishermen,Professional group,
those i.e. children from disadvantaged areas,Other,
employee representatives,Interest group,
union officers,Interest group,
our troops,Professional group,
People in Northern Ireland,Social group,Geography
Young people,Social group,Age/generation
policemen,Professional group,
other specialist producers i.e. of horticulture,Professional group,
married women so disabled that they cannot look after their homes and families,Social group,Gender
Children,Other,
Women in Retirement,Social group,Gender
every family in the country,Social group,Economic class
the families of men who go on strike,Social group,Gender
twelve million people,General public,
consumer groups,Interest group,
juvenile offenders,Social group,Age/generation
Widows with children to bring up,Social group,Gender
many older taxpayers,Social group,Age/generation
married women students,Social group,Gender
Britain,Social group,Geography
hard-pressed families with low incomes,Social group,Other
our nation,General public,
football hooligans,Social group,Other
handicapped children,Social group,Health
them i.e. trade unions,Interest group,
Disabled People,Social group,Health
individual workers,Social group,Economic class
those disabled people who have never been able to undertake regular work,Social group,Health
those who want to add to their retirement pension,Social group,Other
families dependent on long-term social security benefits,Social group,Economic class
people prepared to take the law into their own hands,General public,
small children,Other,
health visitor,Social group,Health
deaf people,Social group,Economic class
Special Constables,Professional group,
the retired,Social group,Age/generation
millions of people in employment,Social group,Economic class
young people working in our cities,Social group,Economic class
"those who save, own property or make profits",Social group,Economic class
many small firms,Social group,Economic class
"those who save, own property, or make profits",Social group,Economic class
those existing buyers who have to struggle to find the extra money each month for the increased mortgage repayments for which tey were unprepared,Social group,Economic class
chronically ill people,Social group,Health
"those who save, own property or make profits",Social group,Economic class
young people working in our cities,Social group,Geography
its i.e. the government's own employees,Social group,Economic class
the pensioners on long-term social security benefits,Social group,Age/generation
the self-employed,Social group,Economic class
those in real need,Social group,Economic class
young people working in our cities,Social group,Age/generation
those employed in them i.e. small firms,Social group,Economic class
men and women who earned their wages,Social group,Economic class
men and women who earned their wages,Social group,Gender
men and women who earned their wages,Social group,Gender
people who made money,Social group,Economic class
Aims of Industry,Interest group,
the organised working people,Social group,Economic class
a million and a half people ,Social group,Economic class
rate-payers,Social group,Other
British men ,Social group,Gender
retired people,Social group,Age/generation
areas of deprivation,Social group,Geography
the whole community ,Social group,Geography
first-time buyers,Social group,Economic class
disabled housewives,Social group,Gender
home-buyers,Social group,Economic class
those receiving widows' benefits,Social group,Gender
 women,Social group,Gender
those hardest hit,Social group,Economic class
the pensioner,Social group,Age/generation
those least able to help themselves,Social group,Economic class
those who have retired,Social group,Age/generation
other workers in the Service ,Professional group,
Northern Irish people,Social group,Geography
teachers',Professional group,
women over 60,Social group,Age/generation
all our citizens,General public,
people in the arts and in entertainment,General public,
villages,Social group,Geography
the people of Northern Ireland,Social group,Geography
women over 60,Social group,Gender
older workers,Social group,Economic class
disabled housewives,Social group,Health
law-abiding citizens,General public,
law-abiding citizens,Social group,Other
Catholics,Social group,Religion
Protestants,Social group,Religion
those of working age,Social group,Economic class
the better-off,Social group,Economic class
children under 16,Other,
hard-pressed inner city areas,Social group,Geography
the low-paid,Social group,Economic class
all sections of the community in Northern Ireland,Social group,Geography
adults who cannot read,Social group,Other
 men ,Social group,Gender
the least well-off,Social group,Economic class
a citizen,General public,
council tenants,Social group,Economic class
the weak,Social group,Economic class
residents ,Social group,Economic class
invalidity pensioners,Social group,Health
young people who leave school early,Social group,Economic class
students',Social group,Economic class
The Regions,Social group,Geography
invalids,Social group,Health
agricultural workers,Social group,Economic class
disabled people,General public,
 one man ,Social group,Gender
people who live in furnished tenancies,Social group,Economic class
people in the arts and in entertainment,Professional group,
the rest of the United Kingdom,Social group,Geography
those receiving attendance allowances,Social group,Age/generation
Farmers' Unions,Interest group,
people of all ages,General public,
one-parent families,Social group,Other
 another,Social group,Gender
communities,General public,
people in the arts and in entertainment,Professional group,
young people who leave school early,Social group,Age/generation
married couple,Social group,Other
employers',Social group,Economic class
older workers,Social group,Age/generation
British women married to foreign husbands,Social group,Gender
apprentices',Social group,Economic class
disabled people,Social group,Health
tenant,Social group,Economic class
coal miner,Professional group,
furnished tenants of absentee landlords,Social group,Economic class
families ,Social group,Economic class
nation's,General public,
our teachers,Professional group,
deprived regions,Social group,Geography
those receiving unemployability supplements,Social group,Economic class
property speculators,Professional group,
one people,General public,
invalidity pensioners,Social group,Age/generation
those who give up their jobs to look after a severely disabled relative,Social group,Economic class
worker,Social group,Economic class
the citizen's,General public,
the blind,Social group,Health
invalidity pensioners,Social group,Economic class
house purchasers,Social group,Economic class
the better off,Social group,Economic class
future pensioners,Social group,Economic class
students of all ages,Social group,Economic class
Redundant workers,Social group,Economic class
a single person ,Social group,Other
workers ,Social group,Economic class
young couples,Social group,Other
house-buyers,Social group,Economic class
English regions in need of development,Social group,Geography
young couples,Social group,Age/generation
dentists',Professional group,
British women married to foreign husbands,Social group,Nationality
producers,Social group,Economic class
those most in need of help,Social group,Economic class
Everybody,General public,
the people of the United Kingdom,General public,
areas of high unemployment,Social group,Geography
difficult areas,Social group,Geography
private tenants,Social group,Economic class
those severely disabled people,Social group,Health
minorities,Social group,Ethnicity/race
"an area which has suffered over 1,000 dead and more than ten times as many injured ",Social group,Geography
TEST,Other,
The Uplands,Social group,Geography
our heritage,General public,
those in real need,Social group,Other
illegegal,Social group,Nationality
those regions,Social group,Geography
poor people,Social group,Economic class
people tenants,Social group,Economic class
strikers,Other,
council tenants who do not wish to buy their home,Social group,Economic class
the ratepayer,General public,
juveniles,Social group,Age/generation
trade union movement,Interest group,
a firm,Social group,Economic class
a disillusioned people,General public,
those who have done so home-owners,Social group,Economic class
smaller businesses,Social group,Economic class
the private sponsor of art,Other,
those in greatest need,Social group,Economic class
our reserve forces,General public,
parent,Social group,Other
first-time buyers,Social group,Other
poorer tenants,Social group,Economic class
housing association tenants,Social group,Economic class
British interests,General public,
the trade union movement,Interest group,
grandparents,Social group,Other
many people,Other,
Nothern Ireland,Social group,Geography
ethnic minorities,Social group,Ethnicity/race
existing tenants,Social group,Economic class
the owners landlords,Social group,Economic class
every company,Social group,Economic class
those settled,Social group,Nationality
overstayers,Social group,Nationality
the SLADE union,Interest group,
the work-force,Social group,Other
larger businesses,Social group,Economic class
all of us,General public,
the offender,Social group,Other
less well-off parents,Social group,Economic class
young offenders,Social group,Age/generation
ordinary people,General public,
trade unionist,Social group,Other
the companies,Social group,Economic class
fishermen,Professional group,
those who come here for a temporary stay,Social group,Nationality
armed forces,Professional group,
the British taxpayer,General public,
children over 18,Social group,Other
every child,Social group,Other
ethnic communities,Social group,Ethnicity/race
passengers,Other,
our armed forces,General public,
interest group trade unions,Interest group,
our defences,General public,
Many famlies who live on council estates,Social group,Economic class
husbands and male fiancés,Social group,Gender
our contribution to NATO,General public,
the deprived,Social group,Economic class
The public,General public,
bright children from modest backgrounds,Social group,Other
They small businesses,Social group,Economic class
responsible management,Social group,Economic class
our competive edge,General public,
unofficial groups of workers,Social group,Economic class
strike commities,Other,
millions of the most vulnerable,Social group,Other
those working for the cause of international peace,Interest group,
the rest of us not rich,Social group,Economic class
women struggling with low pay,Social group,Gender
multinationals companies,Social group,Economic class
the under-privileged,Social group,Economic class
the people of Nothern Ireland,Social group,Geography
all our people,General public,
women victims of rape,Social group,Gender
3-year olds,Social group,Other
victims of crime,Social group,Other
The homeless,Social group,Other
owners of holiday caravans,Social group,Economic class
rich people,Social group,Economic class
the TUC,Professional group,
the community,Other,
the blind,Social group,Economic class
tenants who want to buy,Social group,Economic class
working men and women,Social group,Economic class
the neighbourhood,Other,
home-buyers,Social group,Other
women looking after dependent relatives,Social group,Gender
monopoly producers,Social group,Economic class
public sector workers,Social group,Economic class
solicitors,Professional group,
those who live in mobile homes,Social group,Economic class
young people from low income families,Social group,Age/generation
everyone whose home is tied to their job,Social group,Other
those who are lox-paid,Social group,Economic class
a company,Social group,Economic class
our fellow countrymen,General public,
British companies,Social group,Economic class
all workers,Social group,Economic class
Disabled housewives,Social group,Gender
our people as a whole,General public,
the poor and vulnerable,Social group,Economic class
inner cities,Social group,Geography
old age pensioners,Social group,Age/generation
management,Professional group,
the ordinary citizen,General public,
handicapped,Social group,Health
one million people,Other,
liberation movements SA,Interest group,
tjose whose first language is not English,Social group,Nationality
major industrial companies,Social group,Economic class
national and multinational capitalist groups,Social group,Economic class
people from working-class backgrounds,Social group,Economic class
British women,Social group,Gender
old,Social group,Health
16-19 year olds,Social group,Age/generation
4-year-olds,Social group,Other
Single person,Social group,Other
OAPs pensioners,Social group,Economic class
hospital doctors,Professional group,
our scientists,Professional group,
young,Social group,Age/generation
the disabled,Social group,Economic class
the frail elderly,Social group,Age/generation
those working in the defence industries,Other,
those who wish to buy their own homes,Social group,Other
company board rooms,Social group,Economic class
the community Nothern Ireland,Social group,Geography
single mothers,Social group,Gender
the long-term unemployed,Social group,Economic class
consultant in NHS,Professional group,
youngsters,Social group,Age/generation
landlord,Social group,Economic class
Crime-Fighters,Professional group,
people who are ill or frail,Social group,Health
young hooligans,Social group,Age/generation
people who work in these industries,General public,
council and New Town tenant,Social group,Economic class
Merseyside,Social group,Geography
the self-employed man,Social group,Economic class
railway customers,Social group,Other
war widows',Social group,Gender
those with criminal records,Social group,Other
people in work,General public,
those who have been tenants for between twenty and thirty years,Social group,Economic class
smaller firms,Social group,Economic class
teenagers,Social group,Age/generation
one-parent ,Social group,Other
Trade Union,Interest group,
the older unemployed,Social group,Age/generation
our countryside,Social group,Geography
suspects,Social group,Other
residential areas,Social group,Geography
criminals,Social group,Other
people who live in them ,Social group,Economic class
people in work,Social group,Economic class
taxpayers',Social group,Other
some energy users,Social group,Other
the hardest-hit places in industrial Britain,Social group,Geography
Small Firms,Social group,Economic class
the London area,Social group,Geography
the inner cities,Social group,Geography
the edge of towns,Social group,Geography
those who want short-term rented accommodation,Social group,Economic class
the most vulnerable members of our society,Social group,Economic class
trade union leaders,Interest group,
young lecturers,Social group,Age/generation
the customer,Social group,Other
women who work in the public services,Social group,Economic class
the rest of society,General public,
firm,Social group,Economic class
Pensioner,Social group,Economic class
people who live in them ,General public,
businesses,Social group,Economic class
unemployed people,Social group,Economic class
prison officers,Professional group,
National Farmers' Union,Interest group,
 members,Interest group,
our cities,Social group,Geography
the small firm,Social group,Economic class
businessman,Social group,Economic class
staff,Social group,Economic class
local representatives of industry and commerce,Interest group,
the young unemployed,Social group,Age/generation
Public sector pensioners,Social group,Economic class
those without cars,Social group,Other
pupils',Social group,Other
small gas and electricity consumers,Social group,Other
the closed shop,Interest group,
the city centres,Social group,Geography
consumers',Social group,Other
hunger strikers,Social group,Other
Ratepayers',Social group,Other
people of Northern Ireland,Social group,Geography
women who work in the public services,Social group,Gender
midwives,Professional group,
the majority community in the Province,Social group,Geography
those parts of the country in the Midlands,Social group,Geography
those who work in the public services,Professional group,
employees ,Social group,Economic class
the thug,Social group,Other
This country,General public,
the worst inner-city areas,Social group,Geography
the uplands of England,Social group,Geography
areas which have been dependent on declining industries,Social group,Geography
those who are least able to help themselves,Social group,Economic class
television producers,Professional group,
Housing Association tenants,Social group,Economic class
Green Belts,Social group,Geography
the young unemployed,Social group,Economic class
the victims of crime,Social group,Other
hill farmers ,Professional group,
teacher,Professional group,
the employed,Social group,Economic class
men who work in the public services,Social group,Economic class
savers,Social group,Economic class
Family,Social group,Other
every one of us,General public,
larger cities,Social group,Geography
homesteaders,Social group,Economic class
other urban areas,Social group,Geography
the taxpayer,Social group,Other
the taxpayers',Social group,Other
people who are ill or frail,Social group,Health
small gas and electricity consumers,Social group,Other
young hooligans,Social group,Other
Builders,Professional group,
landowners,Social group,Economic class
every 16-year old,Social group,Age/generation
the areas most in need,Social group,Geography
TUC,Interest group,
early leavers ,Social group,Economic class
the older unemployed,Social group,Economic class
less well-off parents,Social group,Other
hijackers,Social group,Other
lecturers,Professional group,
managers ,Social group,Economic class
domestic ratepayers,Social group,Other
the self-employed man,Social group,Gender
the majority of people there ,Social group,Geography
Employees,Social group,Economic class
inner London,Social group,Geography
trade union members,Interest group,
customers,Social group,Other
Cities,Social group,Geography
parents',Social group,Other
The nation,General public,
individual trade union members,Interest group,
the whole country,General public,
young lecturers,Professional group,
people nearing retirement age,Social group,Age/generation
people who are ill or frail,General public,
the country,Social group,Geography
managers ,Social group,Economic class
those who enjoy and respect the countryside,Social group,Geography
low-paid working families,Social group,Economic class
people who work in these industries,Social group,Economic class
council and New Town tenant,Social group,Economic class
less well-off parents,Social group,Economic class
Nation,General public,
the rundown areas of our great cities,Social group,Geography
one leaving school at 16,Social group,Age/generation
public sector tenants,Social group,Economic class
the nation as a whole,General public,
anglers,Social group,Other
the Province ,Social group,Geography
those parts of the country in the North,Social group,Geography
small business,Social group,Economic class
small companies,Social group,Economic class
first-time buyers who are not council tenants,Social group,Economic class
children's,Other,
Country Landowners' Association,Interest group,
the thief,Social group,Other
local communities,Social group,Geography
Child,Other,
those who are least able to afford their fuel bills,Social group,Economic class
those who live in our inner cities,Social group,Geography
communities in need,Social group,Geography
ratepayers',Social group,Other
those who have no job,Social group,Economic class
men who work in the public services,Social group,Gender
man,Social group,Gender
hill farmers ,Social group,Geography
those who work in them ,Social group,Economic class
those who need it most,Social group,Economic class
housewife,Social group,Gender
the terrorist,Social group,Other
individual members,Interest group,
former tenant,Social group,Economic class
tenant's,Social group,Economic class
trade union leaders',Interest group,
"400,000 construction workers",Professional group,
overseas students,Social group,Economic class
the young denied work altogether,Social group,Economic class
refugees,Social group,Nationality
three quarter million men and women,Social group,Gender
all qualified young people seeking higher education,Social group,Age/generation
many sections of the community,Social group,Economic class
property developers,Social group,Economic class
people with disabilities,Social group,Health
three quater million men and women,Social group,Gender
single people,Other,
those women presently excluded i.e. from the invalid care allowance,Social group,Gender
the customers,Social group,Other
members of families,Social group,Other
overseas students,Social group,Nationality
our inner cities,Social group,Geography
the young denied work altogether,Social group,Age/generation
British firms,Professional group,
fathers,Social group,Gender
Thousands i.e. who live in council homes,Social group,Economic class
our youth,Social group,Age/generation
many women,Social group,Gender
the most senior officers i.e. on a council,Professional group,
engineers,Professional group,
those on Open University courses i.e. students,Social group,Economic class
absentee private landlords,Social group,Economic class
elderly people,Social group,Age/generation
priority groups i.e. for housing,Social group,Other
the many disabled people who are capable of working part-time or for limited periods,Social group,Health
Asian Britons,Social group,Ethnicity/race
all parts of the country,General public,
trade union colleagues,Interest group,
tenants i.e. private,Social group,Economic class
3 million full-time low-paid workers,Social group,Economic class
homosexuals,Social group,Other
private companies,Social group,Economic class
all 16 year olds,Social group,Age/generation
adults who never received education after eighteen,Social group,Age/generation
those i.e. public sector employees in contact with the public,Professional group,
the ethnic minorities,Social group,Ethnicity/race
co-opted members of the i.e. local authority,Professional group,
the victim,Social group,Other
all sections of the community,General public,
mobile home residents,Social group,Economic class
black Britons,Social group,Ethnicity/race
tenants in private sectors,Social group,Economic class
new town tenants,Social group,Economic class
families with chilren,Other,
black workers,Social group,Economic class
prisoners,Social group,Other
mentally ill,Social group,Health
all leading companies,Social group,Economic class
clients i.e. of councils,Social group,Other
their families i.e. of working people,Social group,Other
country dwellers,Social group,Geography
overseas visitors,Social group,Nationality
the young disabled,Social group,Age/generation
victims of rape,Other,
those with young children,Other,
children in the most deprived areas,Other,
some widows,Social group,Gender
Employers,Social group,Economic class
children needing residential education,Other,
the married man,Social group,Gender
the longer-term unemployed,Social group,Economic class
the rade unions,Interest group,
national companies,Social group,Economic class
anglers,Other,
their families i.e. of those who require long-term care,Social group,Other
town dwellers,Social group,Geography
the young disabled,Social group,Health
local councillors,Professional group,
adults,Social group,Age/generation
ordinary people,Social group,Economic class
those who care for disabled people,Social group,Other
families with children,Social group,Other
housing associations i.e. tenants,Social group,Economic class
all who need it i.e. health care,Social group,Health
the Northern Ireland community,Social group,Geography
small local firms,Social group,Geography
young women,Social group,Age/generation
members i.e. of occupational pension schemes,Social group,Other
young people without works,Social group,Economic class
people in the street,General public,
UK,General public,
those who wish to apply i.e. for citizenship,Social group,Nationality
NHS staff,Professional group,
local councillors,Social group,Geography
individual suspects,Social group,Other
children in the most deprived areas,Social group,Economic class
Married couples,Social group,Other
the young unemployed,Social group,Economic class
workers' safety representatives,Interest group,
those on non-advanced courses i.e. students,Social group,Economic class
workers in the arts,Social group,Economic class
small local firms,Social group,Economic class
others i.e. non-councillors in the community,General public,
a single person i.e. someone who is not married,Social group,Other
the strong,Other,
women prisoners,Social group,Gender
fiancÃ©s,Social group,Gender
black workers,Social group,Ethnicity/race
those on part-time advanced courses i.e. students,Social group,Economic class
the families of those involved in industrial disputes,Social group,Other
seamen,Professional group,
trade union representatives,Interest group,
children at risk,Other,
a single person,Other,
a married couple,Social group,Other
landed interests,Social group,Economic class
The inner cities,Social group,Geography
discriminator,Other,
entrants i.e. foreign students,Social group,Nationality
lower income groups,Social group,Economic class
the disabled at work,Social group,Health
part-time workers,Social group,Economic class
husbands,Social group,Gender
the families of those involved in industrial disputes,Social group,Economic class
owner occupiers,Social group,Economic class
cyclists,Social group,Other
women prisoners,Social group,Other
leaseholders,Social group,Economic class
homeworkers,Social group,Economic class
the many disabled people who are capable of working part-time or for limited periods,Social group,Economic class
the weak,Other,
young adults,Social group,Age/generation
those i.e. couples/families without dependents,Social group,Other
young people who are at work,Social group,Economic class
medium-sized local firms,Social group,Geography
all pre-school children,Other,
families with disabled dependents,Social group,Health
people without work,Social group,Economic class
organisations which represent young people,Interest group,
couples where one of the spouses is not in work,Social group,Other
women in childbirth,Social group,Gender
those who retire long-term care,Social group,Health
organisations which represent young people,Social group,Age/generation
pre-school children,Other,
young employees,Social group,Economic class
tenants in the public sectors,Social group,Economic class
private landlord i.e. tenants,Social group,Economic class
those i.e. prisoners with young children,Social group,Other
children in the most deprived areas,Social group,Geography
adults who have been denied educational opportunity,Social group,Age/generation
families with children,Other,
the disabled at work i.e. disabled workers,Social group,Economic class
political representatives of the people of Northern Ireland,Social group,Geography
individuals who would face arrest or death in their own countries i.e. refugees,Social group,Nationality
all tenants,Social group,Economic class
political representatives of the people of Northern Ireland,Interest group,
handicapped pupils,Social group,Other
Rural areas,Social group,Geography
qualified teachers,Professional group,
the large companies that dominate our economy,Social group,Economic class
full-time workers,Social group,Economic class
those who will benefit in the future from Labour's pension scheme,Social group,Age/generation
tenants i.e. in the private rental sector,Social group,Economic class
claimants i.e. of social security benefits,Social group,Economic class
those on average earnings,Social group,Economic class
those on remand,Social group,Other
couples where one of the spouses is not in work,Social group,Economic class
people living in the inner cities,Social group,Geography
the Northern Ireland people,Social group,Geography
those on low incomes,Social group,Economic class
16 and 17 year olds,Social group,Age/generation
all young people in employment,Social group,Age/generation
the 20 percent of children requiring various forms of special education,Social group,Health
Commonwealth nationals,Social group,Nationality
battered women,Social group,Gender
elderly parents,Social group,Age/generation
children in the most deprived areas,Social group,Geography
UK,Social group,Geography
the poorest families,Social group,Economic class
mentally handicapped,Social group,Health
"the richest 100,000 of the population",Social group,Economic class
today's pensioners,Social group,Age/generation
council i.e. tenants,Social group,Economic class
young people,Social group,Economic class
other relatives i.e. not children or parents,Social group,Other
those children whose needs are best met by ordinary schools,Other,
the City,Social group,Geography
consultants who make a full-time commitment to the NHS,Professional group,
multinational companies,Social group,Economic class
young employees,Social group,Age/generation
those who care for disabled people,Social group,Health
those in police custody,Social group,Other
council tenants,Social group,Economic class
their i.e. working people's families,Social group,Other
secondary school students,Social group,Economic class
all pupils,Other,
first time buyers,Social group,Economic class
homeless people,Social group,Economic class
those who serve it i.e. the NHS,Professional group,
new town ie.e tenants,Social group,Economic class
foreign nationals,Social group,Nationality
the victims of repression i.e. refugees,Social group,Nationality
young people without work,Social group,Age/generation
al those concerned i.e. in the agricultural industry,Professional group,
Men,Social group,Gender
the patients who need it i.e. NHS,Social group,Health
English regions,Social group,Geography
employee representatives,Professional group,
young people who are at work,Social group,Age/generation
elected members of the i.e. local authority,Professional group,
individual regions,Social group,Geography
all young people in employment,Social group,Economic class
the community i.e. local community,Social group,Geography
the 20 percent of children requiring various forms of special education,Other,
non-violent offenders,Social group,Other
petty offenders,Social group,Other
public companies,Social group,Economic class
young women,Social group,Gender
manufacturers,Professional group,
recipients i.e. of the mobility allowance for disabled people,Social group,Health
the poorest families,Social group,Other
major towns,Social group,Geography
one-parent families,Social group,Economic class
elderly parents,Social group,Other
the many disabled people who are capable of working part-time or for limited periods,Social group,Economic class
British nationals from independent i.e. ex-colonial countries,Social group,Nationality
the City of London,Social group,Geography
handicappd pupils,Social group,Health
families with disabled dependents,Social group,Economic class
those leaving prison,Social group,Other
medium-sized local firms,Social group,Economic class
women in child birth,Social group,Gender
their local communities i.e. those of the police,Social group,Geography
disadvantaged job seekers,Social group,Economic class
a prisoner,Social group,Other
refugees in Britain,Social group,Nationality
enterprise,Social group,Economic class
UK fishermen,Social group,Economic class
those who have to depend on the community,Social group,Other
many thousands of people,General public,
the 10 million employees,Social group,Economic class
approved provate landlords,Social group,Economic class
trade unionists,Other,
individual members of unions,Other,
the tenant,Social group,Economic class
young workers,Social group,Age/generation
those with families,Social group,Other
small investers,Social group,Economic class
the broadcasters,Professional group,
the efficient familiy farm,Social group,Economic class
those out of work,Social group,Economic class
business,Social group,Economic class
families on income support,Social group,Economic class
traffickers,Other,
our national self-respect,General public,
Those who would prefer to rent,Other,
pupils,Other,
those in retirement,Social group,Economic class
the whole nation,General public,
low income families,Social group,Economic class
local electors,Social group,Other
those who commit serious crime,Social group,Other
private and housing association tenants,Social group,Economic class
old people,Social group,Health
all businesses,Social group,Economic class
people looking for work,Other,
school-leavers aged 17 and 17,Social group,Age/generation
non-union employees,Social group,Economic class
architects,Professional group,
small private landlords,Social group,Economic class
communities in the rural economy,Social group,Geography
youngsters,Social group,Economic class
millions of individuals,General public,
the security forces in Northern Ireland,Professional group,
our servicemen,Professional group,
genuine travelers,Social group,Nationality
the average pensioner,Social group,Economic class
all those who have been unemployed,Social group,Economic class
the farmers,Social group,Economic class
British exporters,Social group,Economic class
the passenger,Social group,Other
the less-well-off,Social group,Economic class
child victims,Social group,Other
our national interests,General public,
both communities UK and Nothern Ireland,Social group,Geography
rape victims,Social group,Other
voluntary relief agencies,Interest group,
the average family,Social group,Other
children from less well-off backgrounds,Social group,Economic class
surveyors,Professional group,
those living in our inner cities,Social group,Geography
union,Interest group,
us,General public,
those suffering long-term illness,Social group,Health
local business,Social group,Economic class
vets,Professional group,
those who suffer from disabilities,Social group,Health
individual trade union members,Other,
any person who has been unemployed,Social group,Economic class
retired people,Social group,Economic class
those who find work away from home,Other,
Everyone who has been unemployed,Social group,Economic class
drug traffckers,Social group,Other
Brittish firms,Social group,Economic class
terrorists,Social group,Other
millions of employees,Social group,Economic class
our farmers,Social group,Economic class
those who need it most it=help,Social group,Other
the few,Social group,Other
the million people working in the NHS,Other,
the individual citizen,General public,
those under 18 who deliberately choose to remain unemployed,Social group,Age/generation
stockbrokers,Professional group,
bogus visitors,Social group,Nationality
people who have been out of work,Social group,Economic class
a headmaster married to a nurse,Professional group,
consultants in NHS,Professional group,
accountants,Professional group,
our fishermen,Social group,Economic class
every employee,Social group,Economic class
farmers in Less Favoured Areas,Social group,Economic class
British citizens,Social group,Nationality
so many people,General public,
broadcasters,Professional group,
families with children,Social group,Other
everyone who is under 50 and who has been unemployed for more than two years,Social group,Economic class
those suffering long-term sickness,Social group,Health
parents,Social group,Economic class
workforce,Social group,Economic class
100.000 people,General public,
hooligans,Other,
management in NHS,Social group,Economic class
everyone aged between 18 and 25 years,Social group,Age/generation
the many,Social group,Other
the consumers,Social group,Other
the academic community,Professional group,
long-term unemployed,Social group,Economic class
schoool-leavers,Social group,Age/generation
a million and a half people,General public,
groups of tenants,Social group,Economic class
individual trade unionist,Other,
families,General public,
unemployed people,Social group,Economic class
the family man on average earnings,Social group,Economic class
Brittain,General public,
speculators,Social group,Economic class
non-unionist,Social group,Other
everyone needing to use it NHS,Social group,Health
building workers,Social group,Economic class
the needy,Social group,Other
the richest 5 per cent,Social group,Economic class
all who use the service NHS,Social group,Health
young unemployed people,Social group,Economic class
Workers,Social group,Economic class
those who can afford to buy privilege,Social group,Economic class
all Britain's people,General public,
rich and poor,Social group,Economic class
that great majority who are neither rich nor poor,Social group,Economic class
inner city,Social group,Geography
private and public tenants,Social group,Economic class
white and black,Social group,Ethnicity/race
Front line forces military,Professional group,
town and cities,Social group,Geography
inner-city areas,Social group,Geography
young unemployed people,Social group,Age/generation
old,Social group,Age/generation
Millions who are not poor,Social group,Economic class
everyone in the sevice NHS,Other,
millions of poor people,Social group,Economic class
women part-time workers,Social group,Economic class
police officers,Professional group,
children and adults from all home backgrounds,Social group,Other
all who needs attention NHS,Social group,Health
the scientific community,Professional group,
all origins,Social group,Ethnicity/race
all three- and four-year-olds,Social group,Age/generation
all individuals,General public,
ordinary citizens,General public,
older citizens,Social group,Age/generation
energy consumers,Social group,Other
young farmers,Social group,Age/generation
all children and adults in every part of the country,Social group,Geography
young people with disabilities,Social group,Health
crew in transport,Professional group,
rural communities,Social group,Geography
all women,Social group,Gender
crminals,Social group,Other
victims of rape and child abuse,Social group,Other
leaseholdes,Social group,Economic class
Hospital staff,Professional group,
the most needy,Social group,Economic class
victims of all crime,Social group,Other
mugging and bulgary victims,Social group,Other
purshasers houses,Social group,Economic class
purchasers,Social group,Other
young people with disabilities,Social group,Age/generation
the great majorty of people who cannot afford ,Social group,Economic class
children,Social group,Age/generation
tenants private ones,Social group,Economic class
all ages,Social group,Age/generation
those in our society best able to pay,Social group,Economic class
homeworkers,Professional group,
the livestock farmers,Social group,Economic class
the farmers who need it most it=support,Social group,Economic class
the people who live there Nothern Ireland,Social group,Geography
single people,Social group,Other
every individual,General public,
those in poverty,Social group,Economic class
house-purchasers,Social group,Economic class
the single,Social group,Other
the marginal and hill farmers,Social group,Economic class
those who currently unemployed,Social group,Economic class
all children and adults,Social group,Age/generation
those with special needs,Social group,Health
union members,Social group,Other
young farmers,Social group,Economic class
citizens of Britain,General public,
other with special needs,Social group,Other
160.000 people,General public,
people suffering from mental illness,Social group,Health
all people of this country,General public,
new farmers,Social group,Economic class
part-timers,Social group,Economic class
the wealthiest one percent,Social group,Economic class
women part-time workers,Social group,Gender
long-term sick,Social group,Health
regular travellers,Social group,Other
4.5 million people,General public,
People in the regions,Social group,Geography
travellers,Social group,Other
low income families,Social group,Other
young people who find themselves on probation,Social group,Other
people on the waiting list i.e. for a council home,Social group,Economic class
4 million more householders,Social group,Economic class
some pensioners,Social group,Economic class
those who care for friends and relatives,Social group,Other
women with family responsibilities,Social group,Gender
international drug traffickers,Social group,Other
investors,Social group,Other
small shareholders,Social group,Economic class
all families,Social group,Other
two million students,Social group,Other
local authority bus companies,Social group,Economic class
the owners of commercial premises,Social group,Economic class
working families,Social group,Economic class
those who create prosperity,Social group,Economic class
the companies once owned by the state,Social group,Economic class
charities,Interest group,
The countryside,Social group,Geography
people from ethnc minorities,Social group,Ethnicity/race
city centres,Social group,Geography
babies,Other,
occupants of flats,Social group,Economic class
low-income families with children,Other,
women staff,Social group,Economic class
People who use public services,Social group,Other
militants i.e. in the trade unions,Interest group,
women trainees,Social group,Economic class
young people who find themselves on probation,Social group,Age/generation
them i.e. small businesses,Social group,Economic class
people who enjoy sport,Social group,Other
low-income families with children,Social group,Other
a man on average earnings,Social group,Gender
all women working in the NHS,Social group,Economic class
less well-off pensioners,Social group,Economic class
"900,000 people",General public,
non-tax payers,Social group,Other
mature entrants i.e. to university,Social group,Age/generation
self-employed people,Social group,Economic class
3-4 year-olds,Other,
Joy-riders,Social group,Other
all parts of the United Kingdom,General public,
17 year-olds,Social group,Age/generation
Forth and Clyde,Social group,Geography
first time buyers i.e. of a house,Social group,Economic class
16 year-olds,Social group,Age/generation
80 per cent of young people,Social group,Age/generation
women trainees,Social group,Gender
single parents,Social group,Other
franchisees,Social group,Economic class
Millions of people,General public,
every tenant i.e. of a council home,Social group,Economic class
children of all abilities,Other,
People who enjoy fine countryside,Social group,Other
foreign students,Social group,Economic class
small companies,Social group,Economic class
evil groups who seek to undermine our democracy,Interest group,
25 million taxpayers,Social group,Other
lawyers,Professional group,
breadwinners,Social group,Economic class
"at least 300,000 i.e. disabled people",Social group,Health
local community chargepayers,Social group,Geography
thousands i.e. of employees,Social group,Economic class
the owners of shops,Social group,Economic class
all parents,Social group,Other
the owners of houses,Social group,Economic class
medium-sized companies,Social group,Economic class
those who retire with lump sum payments,Social group,Economic class
secondary age pupils,Social group,Age/generation
Ulster's smaller towns,Social group,Geography
Others i.e. everyone,General public,
over 11 million workers,Social group,Economic class
council tenants living on low incomes,Social group,Economic class
poorer pensioners,Social group,Economic class
some of our worst affected i.e. by crime urban areas,Social group,Geography
private firms,Social group,Economic class
postgraduate students,Social group,Economic class
all passengers,Social group,Other
"Over 3,000 GPs",Professional group,
young people at risk of becoming offenders,Social group,Age/generation
all women working in the NHS,Social group,Gender
deprived inner city areas,Social group,Geography
dangerous criminals,Social group,Other
top rate taxpayers,Social group,Economic class
All pupils,Social group,Other
inner city areas,Social group,Geography
the ethnic minorities themselves,Social group,Ethnicity/race
secondary age pupils,Social group,Other
3 million young people,Social group,Age/generation
those who indulge in seeking to frustrate the work of the emergency services,Social group,Other
areas which may have been derelict for many years,Social group,Geography
less well-off pensioners,Social group,Economic class
a two-child family,Social group,Other
residential leaseholders living in blocks of flats,Social group,Economic class
law-abiding people,Social group,Other
Newcastle,Social group,Geography
employer,Social group,Economic class
Those who indulge in the shameful practice of ambushing,Social group,Other
a two-child family,Other,
every member of an occupational scheme,Social group,Economic class
UK fishermen,Professional group,
the owners of flats,Social group,Economic class
Londonderry,Social group,Geography
"10,000 special constables",Professional group,
older students,Social group,Economic class
a free people,General public,
the small but persistent minority who re-offend while already on bail,Social group,Other
local residents,Social group,Geography
individuals who need nursing care,Social group,Economic class
women in the work-force,Social group,Gender
lay inspectors,Professional group,
small businesses,Social group,Economic class
absent parents,Social group,Other
each child,Other,
those businesses who gain from it,Social group,Economic class
40 urban areas,Social group,Geography
senior teachers,Professional group,
newly retired people,Social group,Age/generation
would-be home owners,Social group,Economic class
British viewers i.e. of television,Social group,Other
four year olds,Other,
millions i.e. of people,General public,
occupants of commercial premises,Social group,Economic class
governors i.e. school governors,Interest group,
poorer pensioners,Social group,Economic class
them i.e. companies,Social group,Economic class
those who use public services,Social group,Other
Medway,Social group,Geography
low income households,Social group,Economic class
women,Social group,Economic class
family businesses,Social group,Economic class
Tees and Hartlepool,Social group,Geography
"250,000 people",General public,
31 drug liaison officers,Professional group,
skilled technical people,Professional group,
one in three young people,Social group,Age/generation
many,General public,
one for another,General public,
women in the work-force,Social group,Economic class
young people aged 17,Social group,Age/generation
members of other emergency services i.e. other than police,Professional group,
those who create jobs in Britain,Social group,Economic class
medium-sized businesses,Social group,Economic class
protectors i.e. police,Professional group,
"over 25,000 people",General public,
a man on average earnings,Social group,Economic class
all 16 year-olds,Social group,Age/generation
junior doctors,Professional group,
former council tenants,Social group,Economic class
lone parents,Social group,Other
46 businesses,Social group,Economic class
producers,Social group,Other
very young children,Other,
three year olds,Other,
customer,Social group,Other
victims,Social group,Other
voluntary groups,Interest group,
young people at risk of becoming offenders,Social group,Other
new entrants i.e. new farmers,Professional group,
many disabled people,Social group,Health
individuals who need residential care,Social group,Health
those from ethnic minorities backgrounds,Social group,Ethnicity/race
future generations,Social group,Age/generation
Tilbury,Social group,Geography
people on low incomes,Social group,Economic class
UK farmers,Social group,Economic class
parents,Other,
ordinary union members,Interest group,
couples,Social group,Other
people who live in the countryside,Social group,Geography
Single householders,Social group,Other
Leaseholders,Social group,Economic class
war widows,Social group,Other
management of council stock,Social group,Economic class
council tenants living in high-cost areas,Social group,Geography
older students,Social group,Age/generation
the IRA,Interest group,
young people i.e. who re-offend,Social group,Age/generation
Companies,Social group,Economic class
Individuals,General public,
everyone lawfully settled in this country,Social group,Nationality
Domestic customers,Social group,Other
Britain's pensioners,Social group,Economic class
minors,Social group,Age/generation
2.5 million,General public,
occupants of houses,Social group,Economic class
our old town centres,Social group,Geography
mature students,Social group,Economic class
four million on lowest incomes,Social group,Economic class
primary age pupils,Other,
Britain's pensioners,General public,
management of housing association stock,Social group,Economic class
rogue traders,Professional group,
Mature students,Social group,Age/generation
students in higher education,Social group,Economic class
our students,Social group,Economic class
foreign students,Social group,Nationality
local community chargepayers,Social group,Economic class
members in such i.e. occuaptional schemes,Social group,Economic class
working families,Social group,Other
lower earners,Social group,Economic class
primary age pupils,Social group,Other
Those i.e. pensioners,Social group,Economic class
low-income families,Social group,Economic class
conumer representatives,Interest group,
low-income families with children,Social group,Economic class
occupants of shops,Social group,Economic class
war widows,Social group,Gender
every part of the United Kingdom,General public,
independent companies,Social group,Economic class
Belfast,Social group,Geography
young people aged 16,Social group,Age/generation
half of all teachers,Professional group,
geuine political refugees,Social group,Nationality
 who are not ,Social group,Nationality
East Manchester,Social group,Geography
Leaseholders of higher rated houses,Social group,Economic class
1.5 million people,General public,
mature entrants i.e. to university,Social group,Economic class
rural Wales,Social group,Geography
those who live in towns,Social group,Geography
council tenants living in high-cost areas,Social group,Economic class
business users,Social group,Other
medical staff,Professional group,
women staff,Social group,Gender
the United Kingdom,General public,
private patrons i.e. of the arts,Social group,Other
out-patient,Social group,Health
those convicted of drink driving,Social group,Other
the people who live there i.e. our inner cities,Social group,Geography
people who enjoy Britain's heritage,Social group,Other
drug traffickers,Social group,Other
People who enjoy the arts,Social group,Other
the defendant,Social group,Other
the Province i.e. Northern Ireland,Social group,Geography
the parents,Social group,Other
strikers,Social group,Economic class
a man on average earnings,Social group,Economic class
a depressed and divided country,General public,
the thrifty,Other,
single person,Social group,Other
genuine political refugees,Social group,Nationality
spectators ,Social group,Other
home buyers ,Social group,Economic class
very small businesses,Social group,Economic class
people who are now unskilled,Social group,Economic class
people with learning disabilities,Social group,Health
commuters',Social group,Other
mature students,Social group,Age/generation
primary school child,Other,
vulnerable groups,Social group,Other
women's,Social group,Gender
bright youngsters from poor families,Social group,Age/generation
former patients,Social group,Health
all parts of the community ,Social group,Economic class
pupils,Social group,Economic class
all boys,Other,
full-time students of any age,Social group,Economic class
"small businesses by women, and members of the ethnic minority communities",Social group,Economic class
low-paid and part-time workers,Social group,Economic class
unemployment claimants,Social group,Economic class
Scotland's,Social group,Geography
every pupil,Social group,Economic class
women and ethnic minority offenders,Social group,Ethnicity/race
throughout Britain,Social group,Geography
very elderly people,Social group,Age/generation
"small businesses by women, and members of the ethnic minority communities",Social group,Ethnicity/race
all employers ,Social group,Economic class
individual employees,Social group,Economic class
every child born in Britain,Other,
black and ethnic minority communities,Social group,Ethnicity/race
building workers,Professional group,
three year olds,Other,
"small businesses by women, and members of the ethnic minority communities",Social group,Gender
every region,Social group,Geography
all pensioners,Social group,Economic class
those available for work,Social group,Economic class
shareholders,Social group,Economic class
low-paid and part-time workers,Social group,Economic class
women and ethnic minority offenders,Social group,Gender
black and ethnic minority groups,Social group,Ethnicity/race
artists,Professional group,
low-paid people,Social group,Economic class
all four year olds,Other,
the south-east,Social group,Geography
consumer's,Social group,Other
all girls,Other,
"everyone, young or old, employed or unemployed",Social group,Age/generation
people of all ages and abilities ,General public,
people at home,Social group,Other
16 to 18 year olds,Social group,Age/generation
pedestrians,Social group,Other
those in work,Social group,Economic class
every young person in employment,Social group,Age/generation
"everyone, young or old, employed or unemployed",Social group,Age/generation
children with special needs,Other,
a single person,Social group,Other
people engaged in especially hazardous work,Social group,Economic class
every woman in employment,Social group,Economic class
women and men from ethnic minority groups,Social group,Gender
elderly patients,Social group,Health
bright youngsters from poor families,Social group,Other
genuine refugees,Social group,Nationality
every woman in employment,Social group,Gender
16 and 17 year olds,Social group,Age/generation
part-time students of any age,Social group,Economic class
social classes,Social group,Economic class
anyone who is unemployed for more than six months,Social group,Economic class
parents on income support,Social group,Economic class
black and ethnic minority communities,Social group,Ethnicity/race
retired people on low incomes living alone,Social group,Economic class
 senior managers,Social group,Economic class
"all employees whether they are full-time or part-time, permanent or temporary",Social group,Economic class
"all employees whether they are full-time or part-time, permanent or temporary",Social group,Economic class
others on benefits,Social group,Economic class
carers ,Professional group,
"all employees whether they are full-time or part-time, permanent or temporary",Social group,Economic class
people's,General public,
every young person in employment,Social group,Economic class
run-down city centres,Social group,Geography
every community,Social group,Geography
small business units,Social group,Economic class
retired people on low incomes living alone,Social group,Economic class
very elderly patients,Social group,Age/generation
"all employees whether they are full-time or part-time, permanent or temporary",Social group,Economic class
sixteen year olds,Social group,Age/generation
very elderly patients,Social group,Health
the black and Asian British,Social group,Ethnicity/race
a family with two children,Social group,Other
residents,Social group,Geography
Britain's families,Social group,Other
widowed mothers,Social group,Gender
"everyone, young or old, employed or unemployed",Social group,Economic class
bright youngsters from poor families,Social group,Economic class
pupils currently on a place,Social group,Economic class
lay members,General public,
16 and 17 year olds,Social group,Age/generation
all three year olds,Other,
young children,Other,
developers,Professional group,
widowed mothers,Social group,Gender
the energy companies,Social group,Economic class
the majority of the population - women,Social group,Gender
all parts of the country,Social group,Geography
"individuals with an income of at least Â£40,000 this year",Social group,Economic class
those in difficult ,Other,
children with special abilities,Other,
the black and Asian British,Social group,Ethnicity/race
innocent people,Social group,Other
people now in work,Social group,Economic class
 contractors,Professional group,
"women of every age, class, and ethnic origin",Social group,Gender
parents on income support,Social group,Other
those who are self-employed,Social group,Economic class
mental health users,Social group,Health
childrens',Other,
children with special needs,Social group,Health
people with outstanding talent ,Social group,Other
women escaping domestic violence,Social group,Gender
GPs,Professional group,
women and ethnic minority offenders,Social group,Other
patient,Social group,Health
every employee in every enterprise,Social group,Economic class
elderly patients,Social group,Age/generation
chronically sick patients,Social group,Health
people under 18,Social group,Age/generation
all the patients in a neighbourhood,Social group,Health
disabled patients,Social group,Health
the nations,Social group,Geography
professional teachers,Professional group,
"every individual employee on earnings up to at least Â£22,000 a year better off",Social group,Economic class
women and men from ethnic minority groups,Social group,Ethnicity/race
newly-qualified teachers,Professional group,
the people often left out of good training opportunities,Social group,Economic class
black and ethnic minority groups,Social group,Ethnicity/race
public service workers,Social group,Economic class
patients ,Social group,Health
people over 50,Social group,Age/generation
16 to 19 year olds,Social group,Age/generation
"men of every age, class, and ethnic origin",Social group,Gender
ethnic groups,Social group,Ethnicity/race
local businesses,Social group,Geography
hospital managers,Professional group,
every area,Social group,Geography
community groups,Interest group,
women returning after caring for children,Social group,Gender
local businesses,Social group,Economic class
growing businesses,Social group,Economic class
commuters,Social group,Other
every citizen,General public,
other social partners,Interest group,
younger children,Other,
women and men from ethnic minority groups,Social group,Gender
town centres,Social group,Geography
users ,Social group,Health
those with special educational needs,Social group,Health
all teachers,Professional group,
"all employees whether they are full-time or part-time, permanent or temporary",Social group,Economic class
members ,Social group,Economic class
"everyone, young or old, employed or unemployed",Social group,Economic class
a majority in Northern Ireland,Social group,Geography
the UK,General public,
people who live there i.e. the coutryside,Social group,Geography
the reserve forces,Professional group,
a small firm,Social group,Economic class
users,Social group,Other
groups of employees,Social group,Economic class
neighbourhoods,Social group,Geography
the cummunity i.e. Nothern Ireland,Social group,Geography
adult offenders,Social group,Age/generation
british taxpayers,General public,
those on benefit,Social group,Economic class
house burglars,Social group,Other
pupil,Other,
those who have been unemployed for some time,Social group,Economic class
chief constables,Professional group,
homeowners,Social group,Economic class
18 million taxpayers,General public,
dealers in hard drugs,Social group,Other
people in need,Social group,Other
Europe's businesses,Social group,Economic class
every young person,Social group,Health
small employers,Social group,Economic class
entrepreneuers,Social group,Economic class
those families who need it most,Social group,Other
the victim,Other,
the armed forces,Professional group,
a family,Social group,Other
10 to 15 year olds,Social group,Age/generation
addicts and their families,Social group,Other
carers i.e. care-takers,Other,
four and a half million people,General public,
travellers,Social group,Economic class
Chief Officers,Professional group,
A few teachers,Professional group,
ordinary members of the public,General public,
juvenile offenders,Social group,Other
consumers,Social group,Economic class
those who wish to rent their home,Social group,Economic class
elsewhere in the country i.e. other than London,Social group,Geography
the wealth creators i.e. business,Social group,Economic class
out country,General public,
children from less well-off backgrounds,Social group,Economic class
those who seek to achieve their political goals by violent means,Social group,Other
no-one,General public,
all defendants,Social group,Other
others livinf on benefits,Social group,Economic class
young artists,Professional group,
the most severly disabled people,Social group,Health
the small companies,Social group,Economic class
under-18s,Social group,Age/generation
cadet forces,Professional group,
head-teachers,Professional group,
people,Other,
all young people,Social group,Age/generation
witnesses,Social group,Other
the guilty,Social group,Other
the hard core of persistent criminals,Social group,Other
long term sick,Social group,Health
12-14 year olds,Social group,Age/generation
those families who most need support,Social group,Other
public tenants,Social group,Economic class
every adult,General public,
young artists,Social group,Age/generation
family members with heavy responsibilities,Social group,Other
people with learning difficulties,Social group,Health
rural comunities,Social group,Geography
fishermen,Social group,Economic class
a quarter of all taxpayers,General public,
students i.e. pupils,Other,
old cities,Social group,Geography
those recieving incapacity benefits,Social group,Economic class
violent and persistent criminals,Social group,Other
The United Kingdom,General public,
inner-cities,Social group,Geography
the less well off pensioners,Social group,Economic class
the criminal,Social group,Other
the people who work in them local institutions,Professional group,
the serious crminals,Social group,Other
family members with heavy responsibilities,Other,
15-17 year olds,Social group,Age/generation
those who seek to overthrow the rule of law by force,Social group,Other
full-time parents,Social group,Other
constables,Professional group,
those who live in them i.e. tenants,Social group,Economic class
three and a half million people,General public,
british farmers,Social group,Economic class
hospital in-patient and day cases,Social group,Health
"2,5 million people",General public,
the innocent,Social group,Other
Nurses,Professional group,
children from less well-off backgrounds,Other,
those countries i.e. Scotland,Social group,Geography
young athletes,Professional group,
some families,Social group,Other
police constables,Professional group,
the apparently wealthy,Social group,Economic class
the juvenile,Social group,Age/generation
genuine asylum seekers,Social group,Nationality
students between 14 and 21,Social group,Economic class
retailers,Professional group,
struggling families,Social group,Other
those in genuine need,Social group,Economic class
polluter,Social group,Other
Doctors,Professional group,
Many businessmen,Social group,Economic class
people who are mentally ill,Social group,Health
the Welsh people,Social group,Geography
taxpayers,Other,
people who are innocent,Social group,Other
those who use them i.e. citizens,General public,
recently retired pensioners,Social group,Economic class
those countries i.e. Wales,Social group,Geography
GP's,Professional group,
100.000 people who have been unemployed for more than two years,Social group,Economic class
british businesses,Social group,Economic class
young athletes,Social group,Age/generation
lone parents who want to work,Social group,Other
the people who plan,Social group,Other
the local neighbourhood,Social group,Geography
the vast majority of teachers,Professional group,
all our children,Other,
adult offenders,Social group,Age/generation
the wider community,General public,
the less well off pensioners,Social group,Economic class
the promising youth,Social group,Age/generation
carers i.e. care-takers,Social group,Other
"the ""have nots""",Social group,Economic class
alle parents,Social group,Other
the people who do i.e. warm hands,Social group,Economic class
pushers,Social group,Other
their i.e. parents,Social group,Other
those capable of work i.e. unemployed,Social group,Economic class
the aggrieved citizen,General public,
united kingdom,General public,
their children,Other,
their nation,General public,
themselves i.e. the people,General public,
the nation state,General public,
two thirds of families who own their house,Social group,Other
outer estates,Social group,Geography
40000 families,Social group,Other
homeless families,Social group,Economic class
one million people,General public,
passenger,Social group,Other
a few,Social group,Other
two thirds of families who own their house,Social group,Economic class
the typical family,Social group,Other
people who live and work in rural areas,Social group,Geography
a country,General public,
the richest 5000 families,Social group,Economic class
young people without homes,Social group,Economic class
foreign supporters,Social group,Other
young people without homes,Social group,Age/generation
homeless families,Social group,Other
most people,General public,
they i.e. the people,General public,
young unemployed,Social group,Age/generation
"5, 6, and 7 year-olds",General public,
100000 patients,Social group,Health
researchers,Professional group,
those who assume responsibility as carers,Social group,Economic class
graduates,Social group,Economic class
responsible landlords,Social group,Economic class
young unemployed,Social group,Economic class
entrepreneurs,Social group,Economic class
local children,Other,
thousands of women,Social group,Gender
local business,Social group,Geography
a million people,General public,
grandchildren,Other,
young criminals,Social group,Age/generation
250000 young unemployed,Social group,Economic class
the privileged few,Social group,Other
middle class,Social group,Economic class
children in rural areas,Other,
women,Social group,Age/generation
the broad majority of people,General public,
young person unemployed,Social group,Economic class
the people of Scotland,Social group,Geography
all four year-olds,Other,
bosses,Social group,Economic class
the succesful businessman,Social group,Economic class
people in work i.e. workers,Social group,Economic class
many union,Interest group,
companies that pay very low wages,Social group,Economic class
250000 under-25s,Social group,Age/generation
"five, six and seven year-olds",Other,
poorest pensioners,Social group,Economic class
mortgage buyers i.e. first time house buyers,Social group,Economic class
many young people,Social group,Age/generation
private landlords,Social group,Economic class
leaseholders i.e. tenants,Social group,Economic class
officers,Professional group,
we all,General public,
local business,Social group,Economic class
poorest pensioners,Social group,Economic class
the regions and areas,Social group,Geography
those older then 16 i.e. young people,Social group,Age/generation
disadvantaged pupils,Social group,Other
the rest of us i.e. not the elite,General public,
young criminals,Social group,Other
Britain,Other,
finansial service companies,Social group,Economic class
the union,Interest group,
250000 young unemployed,Social group,Age/generation
the tenants,Social group,Economic class
underclass,Social group,Economic class
people living in flats,Social group,Other
the majority of teachers,Professional group,
pupils,Social group,Other
children in rural areas,Social group,Geography
elite at the top,Social group,Other
families without work,Social group,Economic class
every 16 and 17 year-old,Social group,Age/generation
local voluntary organisations,Social group,Geography
have-not class,Social group,Economic class
100000 people,General public,
millions of tourists,Social group,Other
teachers who cannot do their job,Professional group,
those who have suffered unemployment,Social group,Economic class
our armed forces,Professional group,
asylum seekers,Social group,Nationality
The regions of England,Social group,Geography
some i.e. teachers,Professional group,
the best i.e. teachers,Professional group,
home sellers,Social group,Economic class
"5, 6 and 7 year olds",Other,
those who are homeless,Social group,Economic class
the people i.e. living in each region,Social group,Geography
green businesses,Social group,Economic class
London and other cities,Social group,Geography
those,General public,
four year-olds,Other,
head teacher,Professional group,
the people i.e. of Nothern Ireland,Social group,Geography
visitors denied visa,Social group,Nationality
the people of wales,Social group,Geography
th elong-term unemployed,Social group,Economic class
local parents,Social group,Other
14 million people,General public,
local voluntary organisations,Interest group,
families without work,Social group,Other
disadvantaged pupils,Other,
british firms,Social group,Economic class
those on low and modest incomes,Social group,Economic class
young person unemployed,Social group,Age/generation
those who want to enter this country to join husband or wife i.e. immigrants,Social group,Nationality
under-18 year-old,Social group,Age/generation
working class,Social group,Economic class
viewers i.e. of television,Social group,Other
three year-olds,General public,
employers who create new jobs,Social group,Economic class
high-fliers and slow learners i.e. children,Other,
the union i.e UK,Social group,Geography
witmesses,Social group,Other
families ,Social group,Other
older pensioners,Social group,Age/generation
all widows ,Social group,Gender
residents who break tenancy agreements,Social group,Geography
the good neighbours,Social group,Geography
lone parents on income support with children over 11,Social group,Other
charitable foundations,Interest group,
patients,Professional group,
Northern Irelandâs,Social group,Geography
independent contractors,Professional group,
single pensioner,Social group,Economic class
asylum-seekers,Social group,Nationality
all widowers ,Social group,Gender
GP teams,Professional group,
married couple under 75,Social group,Age/generation
persistent young offenders,Social group,Other
paedophiles,Social group,Other
rural businesses,Social group,Geography
the caring parent,Social group,Other
those who work in our schools and hospitals and police service,Professional group,
single pensioner over 75,Social group,Age/generation
Over-75s,Social group,Age/generation
those who work in our schools and hospitals and police service,Professional group,
married couple over 75,Social group,Other
families with children under the age of 5,Social group,Other
IT consultants,Professional group,
people who work in the NHS,Professional group,
new asylum applicants,Social group,Nationality
school heads,Professional group,
parents who feel they aren't getting enough help,Social group,Economic class
police,Professional group,
working spouse,Social group,Economic class
older pensioners,Social group,Economic class
faith communities,Social group,Religion
persistent young offenders,Social group,Age/generation
married pensioner couple,Social group,Economic class
families with modest earnings,Social group,Other
the greater number of its people ,Social group,Geography
residents who fail to pay their rent,Social group,Geography
local voluntary sports clubs,Interest group,
single pensioner,Social group,Other
Britainâs,General public,
fathers ,Social group,Gender
elite athletes,Professional group,
motorists,Social group,Other
sex offenders,Social group,Other
people with personal pensions,Social group,Economic class
Patientâs,Social group,Health
the nursing staff,Professional group,
children of a lone parent,Other,
pupil,Social group,Other
families ,Social group,Other
users ,Social group,Health
widowed parentsâ,Social group,Gender
rural businesses,Social group,Economic class
housing estates,Social group,Geography
disruptive pupils,Social group,Other
parents who feel they aren't getting enough help,Social group,Other
mothers ,Social group,Gender
those who have been hit hardest by Labourâs tax increases,Social group,Economic class
families with modest earnings,Social group,Economic class
under-16s,Other,
everyone else,General public,
younger workers,Social group,Age/generation
local citizens,Social group,Geography
persistent young menaces,Social group,Other
groups of parents,Interest group,
local institutions,Interest group,
current pensioners,Social group,Economic class
cultural organisations,Interest group,
Parentâs,Social group,Other
families ,Social group,Other
local voluntary sports clubs,Social group,Geography
single pensioner under 75,Social group,Age/generation
voluntary organisations,Interest group,
urban Britain,Social group,Geography
those whose claims are rejected,Social group,Nationality
those who work in our schools and hospitals and police service,Professional group,
Single pensioner over 75,Social group,Other
neighboursâ,Social group,Geography
bad drivers,Social group,Other
outer urban estates,Social group,Geography
criminal,Social group,Other
widowed parentsâ,Social group,Other
âneighbours from hellâ,Social group,Geography
parents ,Social group,Other
those who use public services,Social group,Economic class
Britainâs businesses,Social group,Economic class
those who can work,Social group,Economic class
single pensioner ,Social group,Other
drug dealers,Social group,Other
every pensioner,Social group,Economic class
unruly pupils,Social group,Other
people of working age,Social group,Age/generation
residents who desecrate the neighbourhood,Social group,Geography
families with young children,Social group,Other
governors,Professional group,
rundown areas,Social group,Geography
working spouse,Social group,Other
those needing long term care,Social group,Health
disabled person,Social group,Health
small community groups,Interest group,
British citizens,General public,
independent groups,Interest group,
our communities,Social group,Geography
families ,Social group,Other
single pensioner over 75,Social group,Economic class
local institutions,Social group,Geography
married pensioner couple,Social group,Other
pensioners who have saved for their retirement,Social group,Economic class
disabled people on Income Support,Social group,Economic class
most savers,Social group,Economic class
persistent young menaces,Social group,Age/generation
people who have made prudent provision in advance for the cost of long term care,Social group,Economic class
many other pensioners,Social group,Economic class
British businesses,Social group,Economic class
married couple under 75,Social group,Other
coastal towns,Social group,Geography
younger workers,Social group,Economic class
headteachers,Professional group,
new entrants ,Social group,Economic class
married couple over 75,Social group,Age/generation
volunteers,Interest group,
"the 200,000 in nursing homes and residential accommodation who do not receive the winter fuel payment",Social group,Health
drivers who come into town centres,Social group,Other
real communities,Social group,Geography
Britainâs pensioners,Social group,Economic class
"the 360,000 pensioners living abroad",Social group,Economic class
many communities,Social group,Geography
everyoneâs,General public,
a typical family,Social group,Other
graduateâs,Social group,Economic class
GPsâ,Professional group,
hardworking families,Social group,Other
those who need to park at work,Social group,Other
peopleâs,General public,
police officer,Professional group,
people who have been persecuted by oppressive regimes overseas,Social group,Nationality
disabled people on Income Support,Social group,Health
tourist businesses,Social group,Economic class
good students,Social group,Economic class
people in real need,Social group,Economic class
urban communities,Social group,Geography
 owners,Social group,Economic class
car drivers,Social group,Other
hardworking families,Social group,Economic class
our poorest people,Social group,Economic class
most pensioners,Social group,Economic class
11-year-olds,Other,
four million children,Other,
one million people in work,Social group,Economic class
millions of families,Social group,Other
hard-working families,Social group,Economic class
those without children,Social group,Other
mortgage payers,Social group,Economic class
hard-working families,Social group,Other
qualified people,Social group,Other
half a million families,Social group,Other
Every employee,Social group,Economic class
Offenders,Social group,Other
millions of hard-working families,Social group,Economic class
staff i.e. NHS staff,Professional group,
those on lowest incomes,Social group,Economic class
people disabled from a young age,Social group,Health
frontline staff,Professional group,
The many,Social group,Other
students from disadvantaged areas,Social group,Economic class
arms brokers,Professional group,
Pensioners who work,Social group,Economic class
children from 0-5,Other,
middle-income pensioners,Social group,Economic class
"9,000 more therapists",Professional group,
personal advisers,Professional group,
"300,000 carers",Professional group,
Unions,Interest group,
prosecutors,Professional group,
seven million adults who lack basic literacy and numeracy skills,Social group,Other
classroom assistants,Professional group,
1.6 million of the poorest pensioners,Social group,Economic class
pensioners who have modest savings,Social group,Economic class
Carers,Professional group,
widows i.e. of miners,Social group,Gender
people with conditions like Parkinson's disease,Social group,Health
seaside towns,Social group,Geography
students from disadvantaged areas,Social group,Geography
friends,Social group,Other
single pensioners with an income up to Â£135 per week,Social group,Economic class
pensioners who save,Social group,Economic class
every offender,Social group,Other
vulnerable witnesses,Social group,Other
community,Social group,Geography
you i.e. recently released prisoners,Social group,Other
rural areas,Social group,Geography
people fleeing persecution,Social group,Nationality
the poorest third of pensioners,Social group,Economic class
"250,000 young unemployed",Social group,Age/generation
loan sharks,Professional group,
those granted refugee status,Social group,Nationality
no one i.e. everyone,General public,
adults,General public,
people getting Incapacity Benefit,Social group,Health
criminal defendants,Social group,Other
low-income homeowners,Social group,Economic class
lower- income pensioners,Social group,Economic class
Britain's urban areas,Social group,Geography
those with disabilities,Social group,Health
pupils in less advantaged areas,Social group,Geography
poorer communities,Social group,Economic class
ex-miners,Professional group,
single earner family on average earnings,Social group,Economic class
senior citizens,Social group,Age/generation
All lone parents,Social group,Other
every child in Britain,Other,
middle-income pensioners,Social group,Economic class
poorest children,Social group,Economic class
"10,000 extra teachers",Professional group,
pensioner couple,Social group,Other
5.6 million people,General public,
"100,000 persistent offenders",Social group,Other
people who are 60 and over,Social group,Health
Healthcare assistants,Professional group,
recruits i.e. police recruits,Professional group,
pupils in less advantaged areas,Social group,Other
the province i.e. Northern Ireland,Social group,Geography
ward sisters,Professional group,
single pensioners,Social group,Economic class
14-year-old pupils,Other,
Pensioners who save,Social group,Economic class
matrons,Professional group,
poorer children,Other,
consultant nurses,Professional group,
sub-postmasters,Professional group,
carers,Professional group,
"6,500 more doctors",Professional group,
persistent offenders,Social group,Other
the people who live in it i.e. the countryside,Social group,Geography
a single earner family on average earnings with two children,Social group,Economic class
Children with talent,Other,
the many,Social group,Economic class
investor,Social group,Economic class
18 million people,General public,
Victims,Social group,Other
"10,000 teachers",Professional group,
a single pensioner,Social group,Other
winners,Social group,Other
"17,000 more nurses",Professional group,
children with parents on income support,Other,
people are homeless,Social group,Other
people punished in the community,Social group,Other
over a million people,General public,
poorer children,Social group,Economic class
children with disabilities,Social group,Health
other parts of the country,Social group,Geography
them i.e. persistent offenders,Social group,Other
every active offender,Social group,Other
the people who work in it i.e. the countryside,Social group,Geography
the ost dangerous offenders of all,Social group,Other
our most talented young people,Social group,Age/generation
hard-working citizens in a new country,Social group,Economic class
people requiring care,Social group,Health
porters,Professional group,
the most talented young people,Social group,Age/generation
all the British people,General public,
those who train,Social group,Economic class
primary school teachers,Professional group,
a single earner family on average earnings with two children,Other,
pensioner couples,Social group,Economic class
qualified nurses,Professional group,
Pensioners who save,Social group,Economic class
Pupils,Social group,Other
people looking after children with disabilities,Social group,Health
those who save,Social group,Economic class
every three-year-old,Other,
some couples,Social group,Other
Creative entrepreneurs,Social group,Economic class
traffickers i.e. human traffickers,Social group,Other
the poorest pensioners,Social group,Economic class
those who learn,Social group,Economic class
pensioner couples with an income up to Â£200 per week,Social group,Other
staff i.e. public sector staff,Professional group,
a minority,Social group,Economic class
Nine million people,General public,
servicewomen,Professional group,
GP,Professional group,
new parents,Social group,Other
the people of London,Social group,Geography
Britain's veterans,Social group,Other
people of working age,Social group,Economic class
private organisations,Interest group,
Prisoners,Social group,Other
offenders who breach the conditions of their sentence,Social group,Other
students from disadvantaged areas,Social group,Economic class
consultants i.e. medical,Professional group,
other staff i.e. in the NHS,Professional group,
Partners of those without children,Social group,Other
lower-income pensioners,Social group,Economic class
gifted children,Social group,Other
defendants,Social group,Other
pensioner couples,Social group,Other
"44,000 more support staff",Professional group,
arms traffickers,Social group,Other
"1,000 school sports co-ordinators",Professional group,
children with special educational needs,Social group,Health
inpatients,Social group,Health
people looking after children with disabilities,Other,
Matrons,Professional group,
pensioners who have saved,Social group,Economic class
parents of newborn children,Social group,Other
neighbourhoods with the highest crime rates,Social group,Geography
the best graduates,Social group,Other
"620,000 more inpatients",Social group,Health
pensioner,Social group,Economic class
older travellers,Social group,Age/generation
people claiming housing benefit,Social group,Economic class
every child in Britain,General public,
such people i.e. immigrants,Social group,Nationality
people with conditions like diabetes,Social group,Health
three- year-olds,Other,
Britain's young people,Social group,Age/generation
lower-income pensioners,Social group,Economic class
parents of newborn children,Other,
illegal immigrants,Social group,Nationality
people with conditions like epilepsy,Social group,Health
Partners of unemployed people with children,Social group,Economic class
users i.e. of libraries,Social group,Other
cancer specialists,Professional group,
rogue landlords,Social group,Economic class
every four-year-old,Other,
those families most in need,Social group,Economic class
Children with special educational needs,Other,
lorry drivers,Professional group,
four-year-olds,Other,
other major criminals,Social group,Other
workers in high-cost areas,Social group,Economic class
children who need new families,Social group,Other
Patients,Social group,Health
deprived neighbourhoods,Social group,Geography
children in care,Other,
infected areas i.e. of foot and mouth disease,Social group,Geography
lower- income pensioners,Social group,Economic class
over 50s,Social group,Age/generation
11- to 14-year olds,Other,
"6,000 police recruits",Professional group,
people making career changes,Social group,Economic class
Asian staff in key public services,Social group,Economic class
six out of ten pensioners,Social group,Economic class
Our country,General public,
people on Industrial Injuries benefit,Social group,Health
"6,700 more doctors",Professional group,
persistent juvenile offenders,Social group,Other
the next generation,Social group,Age/generation
"20,000 extra nurses",Professional group,
smokers,Social group,Other
parents of newborn children,Social group,Other
"280,000 unemployed young people",Social group,Age/generation
pupils at risk,Social group,Other
public organisations,Interest group,
newly born children,Other,
our pensioners,Social group,Economic class
1.6 million children,Other,
"150,000 teachers",Professional group,
pupils at risk,Social group,Other
"10,000 more doctors",Professional group,
seven-year-olds,Other,
market towns,Social group,Geography
those who cannot work,Social group,Health
those who cannot i.e. work,Social group,Health
people on lower incomes,Social group,Economic class
the best people from all walks of life and all backgrounds,Social group,Economic class
consultants,Professional group,
those who volunteer,Social group,Other
people across the country,General public,
Nottingham,Social group,Geography
the neediest children,Other,
able young people,Social group,Health
our employees i.e. public sector employees,Social group,Economic class
1.1 million families,Social group,Other
Leeds,Social group,Geography
Partners of unemployed people with children,Social group,Other
every neighbourhood,Social group,Geography
"280,000 young people",Social group,Age/generation
mothers under 18,Social group,Age/generation
a single pensioner,Social group,Economic class
"20,000 more nurses",Professional group,
"100,000 lone parents",Social group,Other
the victims,Social group,Other
Every NHS employer,Professional group,
a few,Social group,Economic class
those i.e. children with special talents,Other,
fraudsters,Social group,Other
all NHS staff,Professional group,
every part of Britain,Social group,Geography
people with conditions like multiple sclerosis,Social group,Health
shift workers,Social group,Economic class
primary pupils,Social group,Other
"750,000 adults",General public,
single earner family on average earnings,Social group,Economic class
public servants,Professional group,
the 1.7 million poorest pensioners,Social group,Economic class
the poorest pensioners,Social group,Economic class
these two groups of workers i.e. transferred employees and newly hired workers,Social group,Economic class
"6,000 extra recruits i.e. police recruits",Professional group,
those who care for them i.e. the elderly,Social group,Other
millions of hard-working families,Social group,Other
all regions,Social group,Geography
a single earner family on average earnings with two children,Social group,Economic class
them i.e. people between 50 and state pension age,Social group,Age/generation
communities,Social group,Other
"11,000 more teachers",Professional group,
People in prison for drug-related offences,Social group,Other
Tyne and Wear,Social group,Geography
black staff in key public services,Social group,Economic class
one million children,Other,
Portsmouth,Social group,Geography
support staff,Professional group,
the lowest paid,Social group,Economic class
people unable to take up paid work,Social group,Economic class
children with parents on income support,Social group,Economic class
Partners of those without children,Social group,Other
North Greenwich peninsula,Social group,Geography
key workers,Social group,Economic class
Britain's hard-working families,General public,
people looking after children with disabilities,Social group,Other
18-to-20-year-old offenders,Social group,Age/generation
family visitors,Social group,Nationality
people punished in the community,Social group,Geography
Britain's hard-working families,Social group,Other
extended family,Social group,Other
Asian staff in key public services,Social group,Ethnicity/race
those who can i.e. work,Social group,Health
cleaners,Professional group,
"250,000 young unemployed",Social group,Economic class
"750,000 people",General public,
people across the country,Social group,Geography
part-time workers,Social group,Economic class
vested interests,Interest group,
everyone coming on to benefits,Social group,Economic class
all offenders,Social group,Other
crime barons,Social group,Other
single pensioners,Social group,Other
dealers i.e. drug dealers,Social group,Other
poorest children,Other,
children in care,Social group,Other
Headteachers,Professional group,
Pensioner couples with an income up to Â£200 per week,Social group,Economic class
single pensioners with income up to Â£135 per week,Social group,Other
people suffer drug problems,Social group,Other
those i.e. police officers on the frontline,Professional group,
People with disabilities,Social group,Health
all health professionals,Professional group,
disabled travellers,Social group,Other
Britain's hard-working families,Social group,Economic class
"10,000 extra doctors",Professional group,
high-cost areas,Social group,Geography
14-year-old pupils,Social group,Other
those families most in need,Social group,Other
pensioner couple,Social group,Economic class
teachers who work in them i.e. schools in the toughest areas,Professional group,
"1,000 more children",Other,
the pupil,Social group,Other
poorer communities,Social group,Geography
people living on the streets,Social group,Other
a pensioner couple,Social group,Economic class
the most persistent young offenders,Social group,Other
children aged four to six,Other,
Pensioners who work,Social group,Economic class
cardiologists,Professional group,
Bristol,Social group,Geography
pensioners who have saved,Social group,Economic class
a pensioner couple,Social group,Other
offenders who breach the conditions of their sentence,Social group,Other
a majority of the workforce,Social group,Economic class
pensioners who have modest savings,Social group,Economic class
others who are a danger to children,Social group,Other
parents who do not comply i.e. with child support payment requirements,Social group,Other
parents i.e. of truant children,Social group,Other
six-year-olds,Other,
their staff i.e. council staff,Professional group,
every young person,Social group,Age/generation
Britain's young people,General public,
The nations of the UK,General public,
"150,000 small businesses",Social group,Economic class
those i.e. children with special talents,Social group,Other
single earner family on average earnings,Social group,Other
single pensioners with incoome up to Â£135 per week,Social group,Economic class
the entrepreneur,Social group,Economic class
the people who work in it i.e. the countryside,Social group,Economic class
children with parents on income support,Social group,Other
larger firms,Social group,Economic class
1.6 million of the poorest pensioners,Social group,Economic class
those who come and work here,Social group,Nationality
disabled travellers,Social group,Health
The nations of the UK,Social group,Geography
every community in Britain,Social group,Geography
workers in high-cost areas,Social group,Geography
claimaints i.e. benefit claimants,Social group,Economic class
Croydon,Social group,Geography
small -sized firms,Social group,Economic class
people with families,Social group,Other
16- to 18-year-olds,Social group,Age/generation
those with a dangerous severe personality disorder,Social group,Health
five million families,Other,
every region of the country,Social group,Geography
the staff who run them i.e. frontline services,Professional group,
the poorest third of pensioners,Social group,Economic class
the neediest children,Social group,Economic class
persistent juvenile offenders,Social group,Age/generation
18-to-20-year-old offenders,Social group,Other
people with conditions like kidney failure,Social group,Health
people who go bankrupt through no fault of their own,Social group,Economic class
mothers under 18,Social group,Gender
a persistent offender,Social group,Other
people mental health problems,Social group,Health
The citizen,General public,
Children who need new families,Other,
Britain's ex-mining communities,Social group,Geography
your family,Social group,Other
s;ecialists in areas like serious and organisational crime,Professional group,
sellers i.e. of homes,Social group,Economic class
medium-sized firms,Social group,Economic class
all patients,Social group,Health
health service workers,Professional group,
toughest areas,Social group,Geography
cooks,Professional group,
"650,000 more outpatients",Social group,Health
"280,000 unemployed young people",Social group,Economic class
both parents,Social group,Other
Coalfield communities,Social group,Geography
frontline doctors,Professional group,
seven million adults without basic skills,Social group,Economic class
low-income homeowners,Social group,Economic class
able young people,Social group,Other
part-time workers,Social group,Economic class
black staff in key public services,Social group,Ethnicity/race
a single earner family on average earnings with two children,Social group,Other
job seekers,Social group,Economic class
under-19s,Social group,Age/generation
Regions,Social group,Geography
union learning representatives,Professional group,
children with disabilities,Other,
thos entitled to benefits,Social group,Economic class
"10,000 more GPs",Professional group,
Millennium Villages,Social group,Geography
"75,000 more carers",Professional group,
the right people i.e. those truly deserving of benefits,Social group,Other
police recruits,Professional group,
the 1.7 million poorest pensioners,Social group,Economic class
hard-working citizens in a new country,Social group,Nationality
older travellers,Social group,Other
pensioner couples with an incoe up to Â£200 per week,Social group,Economic class
pensioners who save,Social group,Economic class
Sheffield,Social group,Geography
disadvantaged areas,Social group,Geography
NHS patients,Social group,Health
Rural Britain,Social group,Geography
five- year-olds,Other,
terrorist suspects,Social group,Other
the student,Social group,Other
local professionals,Social group,Geography
local professionals,Professional group,
gay,Social group,Other
the law-abiding,Social group,Other
white,Social group,Ethnicity/race
local patients,Social group,Geography
those who are smuggled i.e. refugees,Social group,Nationality
rural,Social group,Geography
local GPs,Professional group,
addicts,Social group,Other
households where all residents are over 65,Social group,Age/generation
those who work i rural areas,Social group,Geography
matron i.e. in hospitals,Professional group,
straight,Social group,Other
on one,General public,
millions of pensioners,Social group,Economic class
difficult pupils,Social group,Other
United Kingdom,Social group,Geography
households,General public,
service families,Social group,Other
social housing tenants,Social group,Economic class
young users of hard drugs,Social group,Other
farmer,Social group,Economic class
urban,Social group,Geography
all britons,General public,
local patients,Social group,Health
the forgotten majority,Social group,Other
professionals,Professional group,
service families,Professional group,
anyone settling permanently here from outside the EU,Social group,Nationality
those serving in our armed forces,Professional group,
hard-working Britons,Social group,Economic class
heads i.e. of schools,Professional group,
young users of hard drugs,Social group,Age/generation
single pensioners,Social group,Economic class
100000 more parents,Social group,Other
offering,Social group,Health
people comming to Britain,Social group,Nationality
couples i.e. pensioners,Social group,Economic class
14-16 year olds,Other,
black,Social group,Ethnicity/race
everyone in our society,General public,
local GPs,Social group,Geography
career criminals,Social group,Other
a million people i.e. sick,Social group,Health
40000 teenagers,Social group,Age/generation
working families,Social group,Economic class
the poorest 10 percent,Social group,Economic class
hard-working families,Social group,Other
people smugglers,Social group,Other
yobs,Social group,Other
local taxpayer,Social group,Geography
those who can afford to pay,Social group,Economic class
the poorest,Social group,Economic class
"2,8 million pensioners",Social group,Economic class
one in four pensioners,Social group,Economic class
every corner of the United Kingdom,Social group,Geography
those in greatest need i.e. of children,Social group,Economic class
one in eight children,Other,
health tourists i.e. foreigners,Social group,Nationality
those in the poorest fifth of the population,Social group,Economic class
the privileged few,Social group,Economic class
those most in need i.e. poor,Social group,Economic class
the rest of us i.e. not rich,Social group,Economic class
five year-olds,Other,
those who play by the rules,Social group,Other
those who cannot i.e. afford to pay,Social group,Economic class
those in the poorest fifth of the population i.e. families,Social group,Other
visitors,Social group,Nationality
our most talented 12- to 18-years-olds i.e. children,Other,
the vulnerable,Social group,Other
the minority who abuse the system,Social group,Other
a billion people,General public,
they i.e. people,General public,
IRA,Other,
social enteprises,Social group,Economic class
young person,Social group,Age/generation
all parents of three- and four-year-olds,Other,
350000 mothers,Social group,Gender
all visitors,Social group,Nationality
students from poorer families,Social group,Economic class
all school children,Social group,Other
students from poorer families,Social group,Economic class
parents of young offenders,Social group,Other
our servicemen and women,Professional group,
families with incomes of up to 59000 a year,Social group,Economic class
150000 older people,Social group,Age/generation
workers serving the public,Social group,Economic class
all primary school children i.e. pupils,Social group,Other
carers of elderly or sick relatives,Social group,Other
16-to 19-year-olds,Social group,Age/generation
a million parents,Social group,Other
whole country,Social group,Geography
family with two children,Other,
our most disadvantaged areas,Social group,Geography
student,Social group,Economic class
every pupil,Social group,Other
those with the most severe conditions i.e. disabilities,Social group,Health
all three- and four-year-olds,Other,
our most talented 12- to 18-year-olds,Social group,Other
leading ethnic minority figures,Social group,Ethnicity/race
drug offenders,Social group,Other
every person in Britain,General public,
every adult,Other,
the most vulnerable,Social group,Other
East End of London,Social group,Geography
those involved in helping to plan terrorist activity,Social group,Other
council taxpayers,Social group,Other
those who rent,Social group,Economic class
smaller manifactoring businesses,Social group,Economic class
1000 new NHS dentists,Professional group,
over-60s,Social group,Age/generation
local neighbourhoods,Social group,Geography
those who produce films,Professional group,
disadvantaged pupils,Social group,Other
carers of sick and disabled adults,Social group,Other
every woman,Social group,Gender
start-ups,Social group,Economic class
support staff i.e. in schools,Professional group,
all households,Social group,Other
household consumers,Social group,Other
the poorest third,Social group,Economic class
hospital matrons,Professional group,
every child,General public,
parents of children under six,Other,
28000 more teachers,Professional group,
local students i.e. pupils,Social group,Other
half a million young people,Social group,Age/generation
polluters,Social group,Other
150000 children,Other,
NHS patient,Social group,Health
those with children i.e. parents,Social group,Other
extra 27000 doctors,Professional group,
the law-abiding majority,Social group,Other
the special people i.e. volunteers,Social group,Other
every part of the country,Social group,Geography
migrants,Social group,Nationality
80000 fathers,Social group,Gender
leading entrepreneurs,Social group,Economic class
all adults,Social group,Age/generation
the poorest areas of the country,Social group,Economic class
great cities,Social group,Geography
people with mental health problems,Social group,Health
police staff,Professional group,
the most high-risk violent offenders,Social group,Other
Southhampton,Social group,Geography
the public i.e. in Wales,Social group,Geography
those tenants who rent in the private or public sector,Social group,Economic class
all groups,Social group,Other
children,General public,
three million pensioners,Social group,Economic class
the buyer,Social group,Economic class
the peeple of the developing world,Other,
parents of older children,Social group,Other
two million more people,General public,
those caught with an unlawful firearm,Social group,Other
the most deprived areas in England,Social group,Economic class
serious criminals,Social group,Other
each pupil,Social group,Other
children up to the age of 14,Other,
public servants,Social group,Other
300000 more businesses,Social group,Economic class
no child,Other,
those involved in serious knife crime,Social group,Other
our most disadvantaged areas,Social group,Economic class
organized criminals,Social group,Other
Coventry,Social group,Geography
the most disadvantaged children,Social group,Other
faith minorities,Social group,Religion
persistent young offenders,Social group,Other
family with two children,Social group,Other
the wider South East,Social group,Geography
infantry soldiers,Professional group,
all 4- to 6-year-olds,Other,
our poorest neighbourhoods,Social group,Economic class
all social tenants,Social group,Economic class
gays,Social group,Other
those with children,Other,
graduates with outstanding talents,Social group,Other
Bexley,Social group,Geography
the minority who abuse the system i.e. criminals,Social group,Other
parent of children under six,Social group,Other
over-50s,Social group,Age/generation
those convicted og assualting workers serving the public,Social group,Other
the nations of the United Kingdom,Social group,Geography
all employees over the age of 65,Social group,Economic class
those left behind,Social group,Other
alle employees over the age og 65,Social group,Age/generation
people aged between 50 and pension age,Social group,Age/generation
PhD students,Professional group,
Britain's armed forces,Professional group,
black britons,Social group,Ethnicity/race
pensioner households,Social group,Economic class
15000 first-time buyers,Social group,Economic class
paramedics,Professional group,
faith groups from all backgrounds,Social group,Religion
typical family,Social group,Other
genuine Gypsies and travellers,Social group,Ethnicity/race
jurors,Social group,Other
british travellers,Social group,Other
those who seek to take us back to the division of the past,Social group,Other
skilled immigrants,Social group,Nationality
local parents,Social group,Geography
the nations i.e. of the UK,Social group,Geography
every school student i.e. pupil,Social group,Other
extra 50000 pupils,Social group,Other
lesbians,Social group,Other
supporting staff i.e. in schools,Professional group,
veterans,Social group,Other
300000 council and housing tenants,Social group,Economic class
low earners,Social group,Economic class
across the country,Social group,Geography
our poorest neighbourhoods,Social group,Geography
local areas,Social group,Geography
every 16-year-old,Social group,Age/generation
people i.e. asylum seekers,Social group,Nationality
each vulnerable child,Social group,Other
79000 extra nurses,Professional group,
failed asylum seekers,Social group,Nationality
a million more homeowners,Social group,Economic class
the terrorists,Social group,Other
the over-80s,Social group,Age/generation
infantry battalions,Professional group,
small and growing businesses,Social group,Economic class
millions of people in Asia and Africa suffering from AIDS,Other,
anyon eover 65,Social group,Age/generation
overseas entry clearance staff,Professional group,
those with a disability,Social group,Health
the most talented,Social group,Other
defendant,Social group,Other
three- to 14-yaer-olds,Other,
property offenders,Social group,Other
disabled children,Social group,Health
the wider public,General public,
drug users,Social group,Other
300000 homebuyers,Social group,Economic class
young talent,Social group,Age/generation
one million more homeowners,Social group,Economic class
teaching assistants,Professional group,
the over-75s,Social group,Age/generation
parent using childcare support by their employer,Social group,Other
high-flyers,Social group,Other
the most persistent young offenders,Social group,Age/generation
each vulnerable child,Other,
Airline Liaison Officers,Professional group,
all children,General public,
nearly two million pensioners,Social group,Economic class
105000 more support staff i.e. in schools,Professional group,
victims of persecution,Social group,Nationality
lower income students,Social group,Economic class
those who present the highest risk i.e. terror,Social group,Other
those with long-term conditions,Social group,Health
major criminals,Social group,Other
people of all faiths,Social group,Religion
parents who do separate or divorce,Social group,Other
the poorest areas of the country,Social group,Geography
Middlesbough,Social group,Geography
communities in London,Social group,Geography
the entrepreneurs,Social group,Economic class
the majority,Social group,Other
lower income students,Social group,Economic class
those with severe conditions,Social group,Health
around the country,Social group,Geography
people traffickers,Social group,Other
those who cause death by careless driving,Social group,Other
the regions of the UK,Social group,Geography
forces,Professional group,
all parents of three- and four-year-olds,Social group,Other
people with long-term mental health problem who need compulsory treatment,Social group,Health
poorer students,Social group,Economic class
the most disadvantaged children,Other,
the majority with more manageble conditions i.e disabilities,Social group,Health
families with incomes of up to 59000 a year,Social group,Other
those deferring their pension,Other,
carers,Social group,Other
Blackpool,Social group,Geography
fishing communities,Professional group,
pharmacists,Professional group,
every family with a three- or four-tear-old child,Other,
British business,Social group,Economic class
every community in the country,Social group,Geography
graduates,Social group,Other
all pupils,Social group,Other
every farmer in England,Social group,Economic class
those using a nanny i.e. families,Social group,Other
local area,Social group,Geography
children with special educational needs,Other,
no area in our country,Social group,Geography
local community groups,Social group,Geography
all people in poor countries,Other,
social entrepreneurs,Social group,Other
water customers,Social group,Other
those who glorify or condone acts of terror,Social group,Other
every older person,Social group,Age/generation
the most deprived areas in England,Social group,Geography
local students,Social group,Geography
no pensioner,Social group,Economic class
disruptive and excluded pupils,Social group,Other
shoppers i.e. consumers,Social group,Other
poorer students,Social group,Economic class
newborns,Other,
the 18 million people with long-term conditions,Social group,Health
Swansea,Social group,Geography
parent of older children,Other,
every family with a three- or four-tear-old child,Social group,Other
children under five,Other,
the licence-fee payers,Social group,Other
disabled children,Other,
paramilitary groups,Social group,Other
those who commit crimes,Social group,Other
the population,General public,
those who kill driving without a licence,Social group,Other
each of us,General public,
"1,2 million more older people",Social group,Age/generation
those who deliberately destroy their documents i.e. asylum seekers,Social group,Nationality
local parents,Social group,Other
people up and down the country,General public,
nation i.e. in the UK,Social group,Geography
the vital support services,Professional group,
Darlington,Social group,Geography
community organisers,Professional group,
the state-owned banks,Social group,Economic class
banks,Social group,Economic class
SMEs,Social group,Economic class
England's largest cities,Social group,Geography
small and innovative businesses,Social group,Economic class
people working in positions of trust with children,Other,
Britain's top business leaders,Professional group,
every five year old,Other,
16 year olds,Social group,Age/generation
Families,Social group,Other
Brighton,Social group,Geography
people with a chronic illness,Social group,Health
rogue clampers i.e. people who put clamps on car tyres,Professional group,
better-off families,Social group,Economic class
the hundreds of thousands of people who care for an elderly relative full time,Social group,Other
service personnel,Professional group,
the political elite,Social group,Economic class
people in each neighbourhood,Social group,Geography
the most sick adults,Social group,Health
volunteers,Social group,Other
Harlow,Social group,Geography
children from disadvantaged backgrounds,Social group,Economic class
first-time buyers i.e. of houses,Social group,Economic class
neighbourhood groups,Interest group,
UK's six million carers,Professional group,
families with multiple problems,Social group,Other
the man in the street,Social group,Other
broken families,Social group,Other
new start-ups,Social group,Economic class
those they i.e. carers look after,Social group,Health
social tenants,Social group,Economic class
any parent,Social group,Other
The men of our Armed Forces,Social group,Gender
all regions of the country,Social group,Geography
new graduates,Social group,Other
people from different backgrounds,Social group,Other
the most deprived areas of the country,Social group,Geography
the brightest and the best people,Other,
lobbyists,Professional group,
the poorest third of families,Social group,Other
neediest families,Social group,Other
new businesses,Social group,Economic class
healthcare professionals,Professional group,
anyone wanting to be a member of the House of Lords,Social group,Other
the man in the street,Social group,Gender
a full UK taxpayer,Social group,Other
the poorest people,Social group,Economic class
those i.e. immigrants who will bring the most value to the British economy,Social group,Nationality
families with disabled children,Other,
producers i.e. agricultural producers,Professional group,
our brave men i.e. in uniform,Social group,Gender
the City i.e. the proper noun,Social group,Geography
British firms,Social group,Economic class
the neediest families,Social group,Economic class
the poorest areas with the worst health outcomes,Social group,Health
the well-off,Social group,Economic class
people who consistently miss appointments i.e. to the dentist,Social group,Health
Llandudno,Social group,Geography
governors i.e. school governors,Professional group,
UK citizens living overseas,Social group,Nationality
their families i.e. of armed forces,Social group,Other
Aberystwyth,Social group,Geography
would-be entrepreneurs,Social group,Economic class
many prisoners,Social group,Other
the UK's poorest areas,Social group,Economic class
the banks,Social group,Economic class
small and innovative businesses,Social group,Economic class
digital media businesses,Social group,Economic class
everyone in Britain,General public,
County Down,Social group,Geography
families with disabled children,Social group,Other
residents,General public,
good social tenants,Social group,Economic class
neighbours,Social group,Other
our servicemen and women,Social group,Gender
thousands more people i.e. who have cancer,Social group,Health
the best teachers,Professional group,
talented and specialist teachers,Professional group,
every business,Social group,Economic class
specialist organisations i.e. for drug addicts,Interest group,
the poorest areas with the worst health outcomes,Social group,Economic class
every parent with a child under the age of eighteen,Other,
the most sick children,Social group,Health
apprentices,Social group,Economic class
baby,Other,
the richest,Social group,Economic class
better-off families,Social group,Other
all existing prisoners,Social group,Other
people with a long term condition i.e. health condition,Social group,Health
unelected bureaucrats,Professional group,
the most vulnerable children,Other,
the least effective i.e. civil servants,Professional group,
members of the public,General public,
children in workless households,Other,
electors,Social group,Other
those who are guilty of committing crimes,Social group,Other
business leaders,Professional group,
foundations,Interest group,
children of servicemen and women killed while on active duty,Social group,Gender
people working in positions of trust with children,Social group,Other
people living in severe poverty,Social group,Economic class
women i.e. in the armed forces,Social group,Gender
every patient,Social group,Health
the people it i.e. the government employs,Social group,Economic class
citizens in each of England's twelve largest cities,Social group,Geography
NHS dentist,Professional group,
Citizens,General public,
drivers,Social group,Other
every part of the UK,Social group,Geography
service children i.e. children of people in the armed services,Other,
The people of Wales,Social group,Geography
foreign national prisoners,Social group,Nationality
marketing company,Social group,Economic class
those under 25,Social group,Age/generation
their families i.e. of service personnel,Social group,Other
everyone who is unemployed,Social group,Economic class
family members,Social group,Other
Hove,Social group,Geography
the old political elites,Social group,Economic class
those who have saved for their retirement,Social group,Economic class
residents,Social group,Other
the electorate,Social group,Other
non-resident parents,Social group,Other
ex-prisoners,Social group,Other
new housing estates,Social group,Geography
parents on leave i.e. on paternity or maternity leave,Social group,Other
voters,Social group,Other
member of an ative neighbourhood group,Interest group,
Hizb-ut-Tahrir,Interest group,
those employed in our public services,Social group,Economic class
senior private sector non-executives,Social group,Economic class
the neighbourhood,Social group,Geography
every adult citizen,General public,
children of servicemen and women killed while on active duty,Other,
those who have left the i.e. armed services,Social group,Other
the whole of the UK,General public,
good suppliers,Professional group,
senior civil servants,Professional group,
the most vulnerable children,Social group,Other
non-resident parents,Social group,Other
Britain's leading business organisations,Interest group,
Hammersmith,Social group,Geography
our veterans,Social group,Other
the most sick children,Other,
Every child,Other,
woman in the street,Social group,Gender
Westminster,Social group,Geography
millions who live in poverty and conflict,Social group,Other
everybody in the country,General public,
companies that dig up our roads,Social group,Economic class
anyone paid more than the Prime Minister in the public sector,Social group,Economic class
Independent experts,Professional group,
the most deprived areas of the country,Social group,Economic class
the hundreds of thousands of people who care for an elderly relative full-time,Social group,Age/generation
economists,Professional group,
healthcare providers,Professional group,
Post Office Card Account holders,Social group,Economic class
foreign national prisoners,Social group,Other
top Maths and Science graduates,Social group,Other
all couples,Social group,Other
non-domiciled i.e. for tax reasons individuals,Social group,Economic class
the one million lowest paid workers,Social group,Economic class
"major cities across England, Scotland, and Wales",Social group,Geography
woman in the street,Social group,Other
every parent,Social group,Other
non-EU economic migrants,Social group,Nationality
2.6 million people claiming Incapacity Benefit,Social group,Health
millions of people who aspire to pass something on to their children,General public,
the local population,Social group,Geography
those under state supervision who have been convicted of an offence,Social group,Other
millions of people who aspire to pass something on to their children,Other,
communities in deprived areas,Social group,Economic class
neighbourhood,Social group,Geography
organisations which attempt to fund terrorism from the UK,Interest group,
anyone wanting to be a member of the House of Commons,Social group,Other
bureaucrats,Professional group,
a full UK taxpayer,Social group,Nationality
newly-qualified dentists,Professional group,
children of servicemen and women killed while on active duty,Professional group,
women of our Armed Forces,Social group,Gender
all countries,Social group,Geography
young people from all backgrounds,Social group,Age/generation
disadvantaged and dysfunctional families,Social group,Other
Strangford Lough,Social group,Geography
disadvantaged and dysfunctional families,Social group,Economic class
children from disadvantaged backgrounds,Other,
servicemen and women,Social group,Gender
Sure Start health visitors,Professional group,
certain offenders,Social group,Other
the best people i.e. recruited to the teaching profession,Other,
people who work in our public services,Social group,Economic class
unelected council officials,Professional group,
retail banks,Social group,Economic class
families with multiple problems,Social group,Other
high-quality people i.e. for a teaching job,Other,
"major cities across England, Scotland, and Wales",Social group,Geography
Those found fit for work,Social group,Health
anyone convicted of a serious recordable offence,Social group,Other
those who are innocent,Social group,Other
advertising company,Social group,Economic class
academics,Professional group,
active neighbourhood group,Interest group,
people looking to improve their skills,Social group,Other
heads i.e. head teachers,Professional group,
the most vulnerable people in society,Social group,Economic class
Communities,Social group,Geography
families with disabled children,Social group,Health
hi-tech companies,Social group,Economic class
Children,Social group,Other
millions who live in poverty and conflict,Social group,Economic class
Shepherd's Bush,Social group,Geography
children of servicemen and women killed while on active duty,Social group,Gender
the best civil servants,Professional group,
one million more people,General public,
special advisers,Professional group,
"major cities across England Scotland, and Wales",Social group,Geography
poorest,Social group,Economic class
the poorest third of families,Social group,Economic class
every parent with a child under the age of eighteen,Social group,Other
parents on leave i.e. on paternity or maternity leave,Social group,Economic class
"major cities across England, Scotland, and Wales",Social group,Geography
Lower earners,Social group,Economic class
any organisations which advocate hate or the violent overthrow of our society,Interest group,
good teachers,Professional group,
welfare-to-work providers,Social group,Economic class
people on the database who have been wrongly accused of a minor crime,Social group,Other
people i.e. foreigners,Social group,Nationality
the poorest areas with the worst health outcomes,Social group,Geography
foreign criminals,Social group,Nationality
thousands of young people,Social group,Age/generation
addicts,Social group,Health
the poorest children,Social group,Economic class
five million people,General public,
"Anyone earning over Â£20,000",Social group,Economic class
people who need it i.e. Sure Start most,Social group,Other
poor citizens,Social group,Economic class
Millions of people in this country,General public,
the most deprived parts of the country,Social group,Geography
the most deprived parts of the country,Social group,Economic class
their families i.e. of the armed forces,Social group,Other
people living in poverty,Social group,Economic class
every employer,Social group,Economic class
all family members,Social group,Other
British banks,Social group,Economic class
the richest and poorest areas in our country,Social group,Economic class
local constituents,Social group,Geography
the richest and poorest areas in our country,Social group,Economic class
the richest and poorest areas in our country,Social group,Geography
person,General public,
local constituents,Social group,Other
foreign criminals,Social group,Other
The people of Britain,General public,
the poorest children,Other,
other people,General public,
People in the public services,Social group,Economic class
many areas of the UK,Social group,Geography
distant bureaucrats,Professional group,
unaccountable officials in Whitehall,Professional group,
millions of perfectly innocent people,Social group,Economic class
ordinary drinkers,Social group,Other
the wider family,Social group,Other
unaccountable official in Whitehall,Social group,Geography
millions,General public,
"80,000 criminals",Social group,Other
disabled adults,Social group,Health
frail elderly people,Social group,Health
childrenâs,Other,
frail elderly people,Social group,Age/generation
many entrepreneurs,Social group,Economic class
households,Social group,Other
our large cities,Social group,Geography
all banks,Social group,Economic class
newcomers,Social group,Nationality
more families,Social group,Other
other family members,Social group,Other
high-tech firms,Social group,Economic class
children ,Other,
community organisations,Social group,Geography
local arts and cultural organisations,Interest group,
troops,Professional group,
immigration officers,Professional group,
community organisations,Interest group,
every expectant mother,Social group,Gender
low-income pupils,Social group,Other
disaffected young people,Social group,Age/generation
our great cities,Social group,Geography
those arrested but not convicted,Social group,Other
employee-owned companies,Social group,Economic class
families in greatest need,Social group,Economic class
patients who fail to turn up,Social group,Health
those unemployed for more than two years,Social group,Economic class
low-income pupils,Social group,Economic class
everyone between 40 and 74,Social group,Age/generation
every area of the country,Social group,Geography
28 million homes and businesses across the country,Social group,Economic class
pupilsâ,Social group,Other
people from families on low incomes,Social group,Economic class
half a million primary school children in families on low incomes,Other,
domestic businesses,Social group,Economic class
neighbourhood police teams,Social group,Geography
4.8 million children,Other,
young people from the most disadvantaged areas,Social group,Geography
the acquiring company ,Social group,Economic class
gangs,Social group,Other
thousands of firms,Social group,Economic class
public-sector workers,Social group,Economic class
the majority of their constituents voting at each election,Social group,Other
working parents,Social group,Other
criminals who donât go to prison,Social group,Other
innovative and fast-growing companies,Social group,Economic class
the publicâs,General public,
the very best people,General public,
Registered Supporters Trusts,Interest group,
local pharmacists,Social group,Geography
someone who has found it difficult to get into work,Social group,Economic class
community and social enterprises,Interest group,
parents who choose to work more flexibly,Social group,Other
those who want to leave gang life,Social group,Other
young people in the most deprived parts of the country,Social group,Economic class
small and medium sized enterprises SMEs,Social group,Economic class
carers ,Professional group,
local pharmacists,Professional group,
three million eligible voters,Social group,Other
those from the West Midlands,Social group,Geography
citizens,Social group,Other
individual pupils,Social group,Other
people with health conditions,Social group,Health
the best apprentices,Professional group,
millions of low-paid workers,Social group,Economic class
previously neglected communities,Social group,Economic class
the voluntary and community sector,Interest group,
the most artistically gifted young people,Social group,Age/generation
three and four year olds,Other,
co-operative franchise enterprises,Social group,Economic class
a quarter of a million young people,Social group,Age/generation
the most seriously injured,Social group,Health
institutional shareholders,Social group,Economic class
all vulnerable young mothers,Social group,Economic class
low-income communities,Social group,Economic class
busy families,Social group,Other
payday or doorstep lenders,Social group,Economic class
the over-60s,Social group,Age/generation
prolific young offenders,Social group,Age/generation
older relatives,Social group,Age/generation
those with the most serious conditions or disabilities who want to work,Social group,Health
28 million homes and businesses across the country,Social group,Other
ordinary working families,Social group,Economic class
the communities,Social group,Geography
energy companies,Social group,Economic class
all primary school children,Other,
the military community,Professional group,
the places in which people come together,Social group,Geography
the major cities,Social group,Geography
two year olds,Other,
 retailers,Social group,Economic class
homeless 16 and 17 year olds,Social group,Economic class
community sports clubs,Interest group,
those with the broadest shoulders ,Social group,Economic class
management ,Social group,Economic class
foreign prisoners,Social group,Nationality
local arts and cultural organisations,Social group,Geography
all employees who have contact with the public,Social group,Economic class
those leaving the forces with six yearsâ service or more,Professional group,
those areas most disconnected from the wider economy,Social group,Economic class
"more than 8,000 new therapists",Professional group,
any pensioners,Social group,Economic class
every teacher,Professional group,
those with the greatest care needs,Social group,Health
those working for central government,Professional group,
our coastal communities,Social group,Geography
"over 160,000 households",Social group,Other
those who want to build up a business,Social group,Economic class
around Britain,Social group,Geography
midwife,Professional group,
half a million primary school children in families on low incomes,Social group,Economic class
secondary school pupils,Social group,Other
young people who are out of work for six months,Social group,Age/generation
service leavers,Professional group,
food producers,Social group,Economic class
couples who want to get married,Social group,Other
newcomer,Social group,Nationality
UKâs,General public,
every pupil leaving primary school,Social group,Other
all cancer patients,Social group,Health
those with dementia and Alzheimerâs,Social group,Health
across our society,General public,
more people,General public,
"over 330,000 families",Social group,Other
our core cities,Social group,Geography
all victims,Social group,Other
higher-earning offenders,Social group,Other
veterans,Professional group,
labour providers in the construction industry,Social group,Economic class
those with children aged three,Social group,Other
the migrants our economy needs,Social group,Nationality
repeat victims,Social group,Other
families,Social group,Economic class
family with one child and one person working full time,Social group,Other
working families on modest incomes,Social group,Other
"nearly 100,000 more children",Other,
those rehabilitating after serious injury,Social group,Health
homeless 16 and 17 year olds,Social group,Age/generation
the best off,Social group,Economic class
bidders ,Social group,Economic class
not-for-profit enterprises,Social group,Economic class
instant loan companies,Social group,Economic class
those banks in which the Government currently has a controlling stake,Social group,Economic class
learners,Social group,Other
customers ,Social group,Economic class
disadvantaged two year olds,Other,
rural villages,Social group,Geography
people with long- term conditions,Social group,Health
working women,Social group,Economic class
everyone who is willing to work,Social group,Economic class
those who need it ,Social group,Economic class
staff ,Professional group,
offenders not sentenced to prison,Social group,Other
the over-40s,Social group,Age/generation
the head ,Professional group,
neighbourhood police teams,Professional group,
all vulnerable young mothers,Social group,Age/generation
third-sector organisations,Interest group,
children with autism,Social group,Health
2.7 million pensioner households,Social group,Other
people of faith,Social group,Religion
pupils with severe learning disabilities,Social group,Health
growing companies,Social group,Economic class
the wealthy,Social group,Economic class
dysfunctional families,Social group,Other
the best people,General public,
the business ,Social group,Economic class
good graduates,Social group,Economic class
specialist dyslexia teachers,Professional group,
working women,Social group,Gender
young people from the most disadvantaged areas,Social group,Age/generation
young people from the most disadvantaged areas,Social group,Economic class
defendants ,Social group,Other
disadvantaged neighbourhoods,Social group,Geography
those who plan and save for their retirement,Social group,Economic class
your area,Social group,Geography
those in charge,Social group,Economic class
violent and serious offenders,Social group,Other
childâs,Other,
more than nine out of ten first-time buyers,Social group,Economic class
people out of work,Social group,Economic class
those studying for vocational skills,Social group,Economic class
publicly controlled banks,Social group,Economic class
the tax-payer,Social group,Other
every nation and region of Britain,Social group,Geography
South,Social group,Geography
a qualified primary teacher able to teach Mandarin,Professional group,
2.7 million pensioner households,Social group,Economic class
pilot areas across the country,Social group,Geography
too many families,Social group,Other
youth gangs,Social group,Other
ten million low-and middle-income people,Social group,Economic class
"those who want to get on, work their way up, and generate wealth",Social group,Economic class
trust-owned businesses,Social group,Economic class
people from families on low incomes,Social group,Other
NHS nurses,Professional group,
advisersâ ,Professional group,
these children ,Social group,Health
prolific young offenders,Social group,Other
every child falling behind,Other,
neighbour,Social group,Geography
university students ,Social group,Nationality
disadvantaged areas,Social group,Economic class
everyone with a long-term condition,Social group,Health
major retailers,Social group,Economic class
modern trade unions,Interest group,
investors ,Social group,Economic class
hard-working lone parents,Social group,Other
social enterprise,Social group,Economic class
neighbours,Social group,Geography
developers ,Professional group,
skilled managers,Social group,Economic class
city-regions,Social group,Geography
those out of work for six months or more,Social group,Economic class
their neighbourhood,Social group,Geography
28 million homes and businesses across the country,Social group,Geography
local workers,Social group,Geography
under 16s,Other,
working parents,Social group,Economic class
more people on middle incomes,Social group,Economic class
those they serve,General public,
eight million families,Social group,Other
everyone who needs care and support,Social group,Health
those who live in towns and cities,Social group,Geography
disadvantaged families,Social group,Economic class
ten million people,General public,
wherever they live,Social group,Geography
all applicants,Social group,Nationality
all who need it ,Social group,Health
families in greatest need,Social group,Other
the best graduates,Social group,Economic class
the ordinary people of this country who work hard,Social group,Economic class
those who need it ,Social group,Health
disadvantaged families,Social group,Other
co-ops,Interest group,
young peopleâs,Social group,Age/generation
nearly 700 areas,Social group,Geography
the third sector,Interest group,
specialist teachers,Professional group,
social enterprises,Interest group,
all adults with an eligible care need,Social group,Health
high-skilled workers ,Social group,Nationality
community organisations,Interest group,
local community,Social group,Geography
over half a million more adults,General public,
permanent residents,General public,
everyone in work,Social group,Economic class
young people in the most deprived parts of the country,Social group,Geography
those who have made provision for themselves and their families,Social group,Economic class
disadvantaged areas,Social group,Geography
representatives from social partners,Interest group,
higher-earning offenders,Social group,Economic class
our major city- regions,Social group,Geography
"up to 40,000 six and seven year olds",Other,
communities,Social group,Economic class
these children ,Social group,Economic class
more people over the State Pension Age,Social group,Age/generation
local workers,Social group,Economic class
city regions,Social group,Geography
all parents of young children,Social group,Other
the tens of thousands of sports clubs,Interest group,
bankers,Professional group,
those with late-life depression and anxiety,Social group,Health
taxpayersâ,Social group,Other
young people in the most deprived parts of the country,Social group,Age/generation
1.5 million people ,Social group,Health
every region of the UK economy,Social group,Geography
those aged 80 or over,Social group,Age/generation
kids,Other,
previously neglected communities,Social group,Geography
working families on modest incomes,Social group,Economic class
mums,Social group,Gender
modern Britain,General public,
"more than 400,000 of those with the greatest needs",Social group,Health
"an extra 20,000 students",Social group,Economic class
everywhere,Social group,Geography
the East Midlands,Social group,Geography
all consumers,Social group,Other
anyone unemployed for more than two years,Social group,Economic class
vested interests that treat people unfairly,Interest group,
older people who want to work,Social group,Age/generation
agency workers,Social group,Economic class
some of the most deprived areas,Social group,Geography
lobbying companies,Social group,Economic class
those who are long-term unemployed for two years,Social group,Economic class
local organisations,Interest group,
their area,Social group,Geography
ordinary working families,Social group,Other
people of all ages and a wide range of backgrounds,General public,
people aged 60 and over,Social group,Age/generation
families across the country,Social group,Other
as many people as possible,General public,
those areas most disconnected from the wider economy,Social group,Geography
users ,Social group,Other
low-income communities,Social group,Geography
these pupils,Social group,Other
highly able students from low-income backgrounds,Social group,Economic class
dads,Social group,Gender
Britainâs workers,Social group,Economic class
children with autism,Other,
older relatives,Social group,Other
highly able students from low-income backgrounds,Social group,Economic class
disadvantaged two year olds,Social group,Economic class
the highest calibre career switchers,Social group,Economic class
workforce ,Social group,Economic class
voluntary sector,Interest group,
the vast majority of Britain,Social group,Other
community sector,Interest group,
homeless people with multiple needs,Social group,Economic class
all persistent criminals,Social group,Other
high-tech business,Social group,Economic class
employee-companies,Social group,Economic class
others,General public,
Community Interest Companies,Social group,Economic class
your community,Social group,Geography
all disabled children,Other,
people of all ages and abilities,General public,
Tyne & Wear,Social group,Geography
foreign prisoners,Social group,Other
18-30 basic-rate taxpayers,Social group,Age/generation
those who work hard,Social group,Economic class
all those who need care,Social group,Health
employee-owned businesses,Social group,Economic class
those over state retirement age,Social group,Age/generation
those able to work ,Social group,Economic class
mutual franchise enterprises,Social group,Economic class
families with children aged one and two,Social group,Other
all vulnerable young mothers,Social group,Gender
extremist groups,Social group,Other
pupils with severe learning disabilities,Social group,Other
loving and committed adults,Social group,Other
people in every area of the country,Social group,Geography
the firm being bought ,Social group,Economic class
problem families,Social group,Other
people working in our public services,Professional group,
everyone with a care need,Social group,Health
Greater Manchester,Social group,Geography
hard-working lone parents,Social group,Economic class
companies ,Social group,Economic class
some of the most deprived areas,Social group,Economic class
families across the country,Social group,Geography
grandparents ,Social group,Other
primary-age children,Other,
exporters,Professional group,
social entrepreneurs,Social group,Economic class
Police Community Support Officers,Professional group,
all the people of Northern Ireland,Social group,Geography
"more than 3,000 matrons",Professional group,
fatherâs,Social group,Gender
youth gangs,Social group,Age/generation
organised criminals,Social group,Other
"no-one earning under Â£20,000",Social group,Economic class
their areas,Social group,Geography
North,Social group,Geography
social enterprises,Social group,Economic class
half a million primary school children in families on low incomes,Social group,Other
the three million households who rent,Social group,Economic class
generic lobbying companies,Social group,Economic class
the most serious offenders,Social group,Other
excluded pupils ,Social group,Other
university students,Social group,Economic class
the most vulnerable households in the UK,Social group,Economic class
families with younger children,Social group,Other
"first-time buyers on all house purchases below Â£250,000",Social group,Economic class
every household in the country,General public,
families ,Social group,Other
14-19 year olds,Social group,Age/generation
every three and four year old,Other,
third-sector mutual organisations,Interest group,
food suppliers,Social group,Economic class
local organisations,Social group,Geography
major British banks,Social group,Economic class
these children,Other,
accountable boards,Social group,Economic class
representatives from the business community,Social group,Economic class
the third sector in Britain,Interest group,
all disabled children,Social group,Health
disadvantaged neighbourhoods,Social group,Economic class
all our forces,Professional group,
outside the capital,Social group,Geography
across Greater London,Social group,Geography
every 11-year-old,Other,
all infants,Other,
East Anglia,Social group,Geography
Surrey,Social group,Geography
manufacturers,Social group,Economic class
England and Wales,Social group,Geography
apprentices under the age of 25,Social group,Age/generation
30 million working people,Social group,Economic class
working parents of 3 and 4-year-olds,Social group,Other
over half a million people,General public,
the brave men and women of the Police Service of Northern Ireland,Professional group,
internet users ,Social group,Other
those who do fight abroad,Social group,Other
people who want to travel abroad to fight,Social group,Other
18-21 year-olds with no work experience,Social group,Age/generation
the best headteachers,Professional group,
charity,Interest group,
non-striking workers,Social group,Economic class
British families,Social group,Other
black and ethnic minority police officers,Professional group,
"people earning more than Â£150,000",Social group,Economic class
3 million people,General public,
the average household,Social group,Other
thousands of people claiming out-of-work benefits,Social group,Economic class
migrants who use the NHS,Social group,Nationality
towns of Britain,Social group,Geography
injured veterans,Professional group,
those who can afford to pay the most,Social group,Economic class
smallest businesses,Social group,Economic class
18-21 year-olds,Social group,Age/generation
young apprentices under 25,Social group,Age/generation
people ,Social group,Nationality
hundreds of thousands more disabled people,Social group,Health
the best parents,Social group,Other
a generation of teenagers,Social group,Age/generation
Cumbria,Social group,Geography
3 million of the lowest paid,Social group,Economic class
people from all around the world,Social group,Nationality
more than 30 cities across England,Social group,Geography
garden cities and towns,Social group,Geography
those who need it ,Social group,Health
"you earn over Â£21,000 per year",Social group,Economic class
those who actually turn out to vote ,Interest group,
black and ethnic minority police officers,Social group,Ethnicity/race
all landlords,Social group,Economic class
each part of our United Kingdom,Social group,Geography
those coming to Britain on a family visa with only basic English,Social group,Nationality
a more engaged nation,General public,
migrants who overstay,Social group,Nationality
the final 0.3 â 0.4 per cent of UK premises,Social group,Geography
people clogging up our courts with spurious attempts to remain in the country,Social group,Nationality
one million more people on the lowest wages,Social group,Economic class
beneficiaries ,Social group,Other
tenants of Housing Associations,Social group,Economic class
the Armed Forces community,Professional group,
child victims,Other,
the most deprived two-year-olds,Other,
each and every one of these people,General public,
hardworking people,Social group,Economic class
people working in the public sector,Social group,Economic class
survivors of sexual violence,Social group,Other
that part of the country ,Social group,Geography
the children of service families,Other,
those suffering from long-term yet treatable conditions,Social group,Health
those working 30 hours on the Minimum Wage,Social group,Economic class
those who work hard and do the right thing,Social group,Economic class
migrant workers,Social group,Nationality
first-time buyers under 40,Social group,Economic class
Armed Forces,Professional group,
the vulnerable,Social group,Economic class
any beneficiary ,Social group,Other
those entitled to take part in strike ballots,Interest group,
those who abuse free movement ,Social group,Nationality
injured service personnel,Social group,Health
tenants in Housing Associations,Social group,Economic class
migrant workers,Social group,Economic class
your country,General public,
UK companies,Social group,Economic class
our best headteachers,Professional group,
thousands of British men,Social group,Gender
vulnerable people,Social group,Health
their family,Social group,Other
young people in our country,Social group,Age/generation
hardworking taxpayers,Social group,Economic class
people who work for 30 hours a week on the increased National Minimum Wage,Social group,Economic class
the mobile operators,Social group,Economic class
people coming to our country,Social group,Nationality
your child,Other,
British workers,Social group,Economic class
nearly all UK premises,Social group,Geography
"everyone earning less than Â£12,500",Social group,Economic class
the most vulnerable in our society,Social group,Other
our great country,General public,
villages of Britain,Social group,Geography
first-time buyers under 40,Social group,Age/generation
families where all parents are working,Social group,Economic class
Ebbsfleet,Social group,Geography
all parts of England,Social group,Geography
those who work for a big company,Social group,Economic class
"6,900 more nurses",Professional group,
Hertfordshire,Social group,Geography
parents who want to work,Social group,Other
train operating companies,Social group,Economic class
teacher support staff,Professional group,
hardworking taxpayers,Social group,Other
the East of England,Social group,Geography
people of Scotland,Social group,Geography
more visitors,Social group,Nationality
working parents of 3 and 4-year-olds,Social group,Economic class
independent energy suppliers,Social group,Economic class
those who really need it,Social group,Economic class
troubled young people,Social group,Age/generation
top graduates,Social group,Economic class
anyone who dies before the age of 75,Social group,Age/generation
students from disadvantaged backgrounds,Social group,Economic class
your children,Other,
gay people,Social group,Other
the Eastâs,Social group,Geography
people of all religions,Social group,Religion
the capitalâs,Social group,Geography
tourists,Social group,Geography
non-religious people,Social group,Religion
young person's,Social group,Age/generation
your local community,Social group,Geography
public servants,Social group,Economic class
businesses that employ illegal workers,Social group,Economic class
child's,Other,
those people ,Social group,Other
consultant lobbyists,Professional group,
first-time exporters,Social group,Economic class
communities experiencing high and unexpected volumes of immigration,Social group,Geography
your loved-ones,Social group,Other
thousands more nurses,Professional group,
journalists',Professional group,
those on incapacity benefits,Social group,Economic class
"Lesbian, Gay, Bisexual and Transgender people",Social group,Other
new mothers,Social group,Gender
the children who need it most,Other,
sexual violence victims',Social group,Other
your loved ones,Social group,Other
their community,Social group,Geography
skilled foreign workers,Social group,Nationality
young apprentices under 25,Social group,Economic class
over 26 million people,General public,
Hull,Social group,Geography
young Brits,Social group,Age/generation
new and existing challenger banks,Social group,Economic class
the families of those who serve,Social group,Other
"more than 60,000 people",Social group,Health
every city,Social group,Geography
women offenders,Social group,Other
across the whole of the UK,Social group,Geography
people who might benefit from treatment,Social group,Health
first time buyers under the age of 40,Social group,Age/generation
everyone over 75,Social group,Age/generation
the five million Britons who live abroad,Social group,Other
employers who do not pay the minimum wage,Social group,Economic class
young first-time buyers spread right across our country,Social group,Geography
the licence fee payer,Social group,Other
journalists,Professional group,
transgender people,Social group,Other
families where all parents are working,Social group,Other
those who need help,Social group,Economic class
women-led businesses,Social group,Economic class
young people claiming out-of-work benefits,Social group,Age/generation
areas which have grown more slowly,Social group,Economic class
patient groups,Interest group,
"300,000 children",Other,
those who are not online,Social group,Other
British taxpayers,Social group,Other
people working in large companies,Social group,Economic class
train companies,Social group,Economic class
"lower-paid, lower- skilled workers coming to Britain",Social group,Economic class
Great Yarmouth,Social group,Geography
Cambridgeshire,Social group,Geography
patientsâ,Social group,Health
"over 200,000 people",General public,
90 per cent of the UK landmass,Social group,Geography
every working household,Social group,Economic class
women offenders,Social group,Gender
teachers able to teach Mandarin,Professional group,
EU migrants,Social group,Nationality
foreign workers,Social group,Nationality
those who have been unemployed for years,Social group,Economic class
victims of sexual violence,Social group,Other
British nationals travelling abroad to fight,Social group,Other
social enterprise,Interest group,
foreign national offenders,Social group,Nationality
England,General public,
over three million more adults,General public,
the millions who work hard,Social group,Economic class
3 million more adults,General public,
thousands of people being supported by Fit for Work,Social group,Economic class
its great cities and towns,Social group,Geography
those who risked their lives ,Professional group,
foreign national offenders,Social group,Other
tech companies,Social group,Economic class
those receiving the Personal Independence Payment,Social group,Health
"over 130,000 young people",Social group,Age/generation
anybody working 30 hours on the Minimum Wage,Social group,Economic class
local traders,Social group,Geography
full-time unpaid carers,Social group,Other
parts where populations have been rising,Social group,Geography
students from disadvantaged backgrounds,Social group,Economic class
first time buyers under the age of 40,Social group,Economic class
Cambridge,Social group,Geography
internet service providers ,Social group,Economic class
people in every part of the country,Social group,Geography
talented people from all communities and walks of life,General public,
thousands of midwives,Professional group,
churches,Social group,Religion
those who give so much ,Professional group,
all primary schoolchildren,Other,
Pitcairn Islands,Social group,Geography
faith groups,Social group,Religion
cities of Britain,Social group,Geography
EU jobseekers,Social group,Nationality
those who serve ,Professional group,
16â18 year-olds,Social group,Age/generation
thousands more doctors,Professional group,
Englandâs,Social group,Geography
wife,Social group,Gender
Scotlandâs,Social group,Geography
civil partners,Social group,Other
communities across Britain,Social group,Geography
our family of nations,General public,
those who have the skills we really need in our economy,Social group,Nationality
wherever you live in the great nations of our United Kingdom,Social group,Geography
Bicester,Social group,Geography
your childâs,Other,
those regularly utilising the Shortage Occupation List ,Social group,Economic class
those receiving Disability Living Allowance,Social group,Health
those who work for the public sector,Social group,Economic class
thousands of nurses,Professional group,
30 million people,General public,
areas which have grown more slowly,Social group,Geography
children of members of the Armed Forces,Professional group,
the hardest to help ,Social group,Health
"45,000 offenders",Social group,Other
any household,Social group,Other
extremists,Social group,Other
the partners of those who serve,Social group,Other
the rest of the UK,Social group,Geography
Armed Forces reserves,Professional group,
the weakest and most vulnerable,Social group,Other
all vulnerable victims,Social group,Other
the North West,Social group,Geography
people ,Social group,Nationality
three and four year-olds,Other,
"lower-paid, lower- skilled workers coming to Britain",Social group,Nationality
those from the poorest backgrounds,Social group,Economic class
people in the UK,General public,
other road users,Social group,Other
Norwich,Social group,Geography
extremist individuals,Social group,Other
household,Social group,Other
Ipswich,Social group,Geography
people from the EU coming to Britain,Social group,Nationality
the children of service families,Social group,Other
apprentices under the age of 25,Social group,Economic class
all students,Social group,Economic class
neighbourhoods of Britain,Social group,Geography
the under 21s,Social group,Age/generation
students overstaying once their visas expire,Social group,Nationality
26 million people,General public,
unscrupulous employers ,Social group,Economic class
people living in the UK illegally,Social group,Nationality
victims',Social group,Other
rural Britain,Social group,Geography
maths and physics teachers,Professional group,
prisoner's,Social group,Other
your new-born baby,Other,
our NHS staff,Professional group,
local charity,Interest group,
those with the broadest shoulders,Social group,Economic class
working parents of three and four year-olds,Social group,Other
our grandchildren,Other,
a third of employers,Social group,Economic class
our rural areas,Social group,Geography
everyone who works hard,Social group,Economic class
your children,Social group,Other
young people claiming out-of-work benefits,Social group,Economic class
women with young children,Social group,Gender
people experiencing mental ill-health,Social group,Health
"9,500 more doctors",Professional group,
EU migrantâs,Social group,Nationality
those who are seeking to radicalise young British people,Social group,Other
everyone diagnosed with the condition ,Social group,Health
too many,Social group,Other
public sector worker operating in a customer-facing role,Social group,Economic class
child victims,Social group,Other
the proportion of people,General public,
all parts of our country,Social group,Geography
EU migrants,Social group,Geography
areas where capabilities are in short supply,Social group,Geography
every 16 and 17-year-old,Social group,Age/generation
your grandchildren,Other,
those who pay for it ,Social group,Economic class
the best-off people in our country,Social group,Economic class
all three and four-year olds,Other,
the children who need it most,Social group,Economic class
payday lenders,Social group,Economic class
our amazing country,General public,
young first-time buyers spread right across our country,Social group,Economic class
people suffering mental health crises,Social group,Health
those with non-domiciled status,Social group,Economic class
injured veterans,Social group,Health
people struggling with addictions,Social group,Health
Walesâ,Social group,Geography
"those 16â17 year-olds still not in education, employment or training ",Social group,Age/generation
the very hardest to reach areas,Social group,Geography
Daresbury,Social group,Geography
young first-time buyers spread right across our country,Social group,Age/generation
a million more pupils,Social group,Other
the people of England,Social group,Geography
the best paid public sector workers,Social group,Economic class
your childâs teachers,Professional group,
injured service personnel,Professional group,
non-EU spouses of EU citizens,Social group,Nationality
people living in workless households,Social group,Economic class
established banksâ,Social group,Economic class
parents in your area,Social group,Geography
"anyone earning less than Â£50,000",Social group,Economic class
our United Kingdom,General public,
local traders,Social group,Economic class
our fishing and coastal communities,Social group,Geography
Cheshire East,Social group,Geography
prolific criminals,Social group,Other
therapists in every part of the country,Social group,Geography
foreign workers,Social group,Economic class
over 75s,Social group,Age/generation
suspectsâ,Social group,Other
people of Wales,Social group,Geography
those already in their home,Social group,Economic class
EU migrants coming to Britain,Social group,Nationality
women with young children,Other,
the Union,General public,
children of members of the Armed Forces,Other,
businesses that fail to ensure that migrants comply with the terms of their visa,Social group,Economic class
95 per cent of the UK ,Social group,Geography
locally-based fishing communities,Social group,Geography
extremist speakers,Social group,Other
"800,000 people earning between Â£42,385 and Â£50,000",Social group,Economic class
large cities,Social group,Geography
working parents of three and four year-olds,Social group,Economic class
parts of the country where populations have been falling,Social group,Geography
"over 60,000 people",General public,
your local area,Social group,Geography
spouse,Social group,Other
all parts of the UK,Social group,Geography
parents' groups,Interest group,
a single household,Social group,Other
Thornton,Social group,Geography
troubled young people,Social group,Other
the children of service families,Professional group,
British citizens who have lived abroad for more than 15 years,Social group,Other
"everyone who earns less than Â£12,500",Social group,Economic class
parents in your area,Social group,Other
vulnerable people,Social group,Economic class
sportswomen,Social group,Other
vulnerable children,Other,
the UKâs 14 Overseas Territories,Social group,Geography
the most deprived two-year-olds,Social group,Economic class
"the 1,400 communities",Social group,Geography
companies with more than 250 employees,Social group,Economic class
wherever you live in the country,Social group,Geography
therapists in every part of the country,Professional group,
half the workforce,Social group,Economic class
the whole of the UK,Social group,Geography
Lowestoft,Social group,Geography
sportsmen,Social group,Other
global companies,Social group,Economic class
millions more people,General public,
husband,Social group,Gender
skilled foreign workers,Social group,Economic class
people who are working hard,Social group,Economic class
our rural communities,Social group,Geography
1.4 million people ,Social group,Economic class
"more than 18,000 patients",Social group,Health
Stafford,Social group,Geography
major energy suppliers,Social group,Economic class
30 towns and cities,Social group,Geography
developers ,Professional group,
policemen and women,Professional group,
suspected terrorists,Social group,Other
one in three children,Other,
tens of thousands of prisoners,Social group,Other
Morecambe Bay,Social group,Geography
probation staff,Professional group,
those who worked hard,Social group,Economic class
all the families,Social group,Other
far too many children,Other,
"20,000 nurses",Professional group,
elderly relatives,Social group,Other
large energy companies,Social group,Economic class
victims of child sex abuse,Social group,Other
an older relative,Social group,Economic class
Many i.e. people,General public,
many i.e. young people,Social group,Age/generation
"3,000 midwives",Professional group,
young people starting apprenticeships,Social group,Age/generation
elderly relatives,Social group,Age/generation
disabled family member,Social group,Health
small and medium-sized businesses,Social group,Economic class
highly able young people who cannot afford to work for free,Social group,Age/generation
Half a million families,Social group,Other
people living with chronic conditions,Social group,Health
"300,000 older people",Social group,Age/generation
"Over 700,000 of our young people",Social group,Age/generation
daughters,Social group,Gender
highly able young people who cannot afford to work for free,Social group,Economic class
many i.e. people,General public,
1.3 million i.e. people,General public,
two those of those affected i.e. by the Bedroom Tax,Social group,Other
half of all those in poverty,Social group,Economic class
productive businesses,Social group,Economic class
Muslim communities,Social group,Religion
Our sons,Social group,Gender
people in our country,General public,
violent criminals,Social group,Other
hundreds of thouands of young people,Social group,Age/generation
employment tribunal claimants,Social group,Economic class
fans i.e. football fans,Social group,Other
young people who do not follow the traditional academic path from school to university,Social group,Age/generation
young people starting apprenticeships,Social group,Economic class
"8,000 GPs",Professional group,
disabled family member,Social group,Other
many working on zero-hours contracts,Social group,Economic class
large unaccountable firms,Social group,Economic class
people living with multiple needs i.e. health needs,Social group,Health
members i.e. of football clubs,Social group,Other
Over five million people,General public,
small and medium-sized businesses,Social group,Economic class
One in five people,General public,
supporters i.e. of football clubs,Social group,Other
our isolated seaside towns,Social group,Geography
a few at the top,Social group,Economic class
women,Social group,Geography
teachers who are expert in their subject,Professional group,
private train operating companies,Social group,Economic class
their families i.e. extended family members who look after children,Social group,Other
Vulnerable older people,Social group,Age/generation
our most vulnerable children i.e. vulnerable to sexual abuse,Other,
committed staff,Professional group,
families living abroad,Social group,Other
clubs i.e. football clubs,Interest group,
the working people of Britain,Social group,Economic class
our great English city regions,Social group,Geography
Publicly listed companies,Social group,Economic class
reception teacher,Professional group,
people across Britain,Social group,Geography
our nations,Social group,Geography
South East,Social group,Geography
Those who make decisions on behalf of others,Social group,Other
People working in public services,Social group,Economic class
working parents of three and four-year-olds,Other,
other under-represented groups i.e. who are neither women nor ethnic minorities,Social group,Other
children with special educational needs and disabilities,Social group,Health
those who need it i.e. the internet,Social group,Other
Football clubs,Interest group,
the highest one percent of earners,Social group,Economic class
those on middle incomes,Social group,Economic class
British Overseas Territories,Social group,Geography
six year-olds,Other,
young people who do not go down the traditional academic route,Social group,Age/generation
17-year-olds,Social group,Age/generation
clubs,Interest group,
those who have contributed over years i.e. paid their taxes,Social group,Other
businesses in every region,Social group,Geography
investors,Professional group,
private companies,Social group,Economic class
water companies,Social group,Economic class
the people of Wales,Social group,Geography
those who pay in,Social group,Economic class
Mid-Staffordshire,Social group,Geography
those affected by violence,Social group,Other
16 year-olds,Social group,Age/generation
some in the City of London,Social group,Geography
people in their communities,Social group,Geography
every school leaver who attains the grades,Social group,Other
county regions,Social group,Geography
firms becoming Living Wage employers,Social group,Economic class
every young person unemployed for over a year,Social group,Age/generation
those who run it i.e. a media company,Professional group,
mutuals,Interest group,
The United Kingdom,Social group,Geography
those at the top,Social group,Economic class
Local people,Social group,Geography
City regions,Social group,Geography
service women,Professional group,
the grassroots i.e. Premier League fans,Social group,Other
all those who make the UK their home,Social group,Nationality
People coming to Britain from the EU for work,Social group,Economic class
garden cities,Social group,Geography
any firm that gets a large government contract,Social group,Economic class
millions of people in the rest of the country i.e. outside of the City of London,Social group,Geography
co-operative organisations,Interest group,
overseas university students,Social group,Economic class
anyone returning i.e. from Syria,Social group,Geography
non-visa visitors to the UK,Social group,Nationality
ordinary savers,Social group,Other
those paying less than the legal amount i.e. employers who underpay their staff,Social group,Economic class
people working as hard as they possibly can,Social group,Economic class
seven-year-olds,Social group,Age/generation
people returning from the Syria conflict,Social group,Nationality
"3,000 more midwives",Professional group,
children with special educational needs and disabilities,Social group,Health
long-term investors,Professional group,
those with complex needs i.e. health needs,Social group,Health
salon owner,Professional group,
service men,Social group,Gender
our most vulnerable citizens,Social group,Other
regional banks,Social group,Economic class
migrants from the EU,Social group,Nationality
media owner,Professional group,
families living abroad,Social group,Nationality
free-riding employers,Social group,Economic class
all young people who have been out of work for one year,Social group,Age/generation
all young people who have been out of work for one year,Social group,Economic class
Those who work regular hours for more than 12 weeks,Social group,Economic class
painter,Professional group,
county regions,Social group,Economic class
adult,General public,
the highest earners,Social group,Economic class
the richest five percent of pensioners,Social group,Economic class
every company working with the Ministry of Defence,Social group,Economic class
Everyone who works with the public,Social group,Economic class
English people,Social group,Geography
their families i.e. of veterans,Social group,Other
working parents of three and four-year-olds,Social group,Economic class
Working people,Social group,Economic class
all our young people,Social group,Age/generation
troubled families,Social group,Other
those who need it i.e. a GP appointment,Social group,Health
those fleeing persecution,Social group,Nationality
businesses who sign up to paying the Living Wage,Social group,Economic class
renters,Social group,Economic class
overseas university students,Social group,Nationality
victims of the phone hacking scandal,Social group,Other
those already holding shares,Social group,Other
every school leaver with the grades,Social group,Other
working parents of three and four-year-olds,Other,
each person,General public,
those who assault them i.e. people working with the public,Social group,Other
those who have committed serious crimes,Social group,Other
people who come here,Social group,Nationality
People coming to Britain from the EU for work,Social group,Nationality
Everyone,General public,
five year-olds,Other,
"those with incomes over Â£150,000",Social group,Economic class
small builders i.e. of houses,Professional group,
every young person unemployed for over a year,Social group,Economic class
tenants who are claiming housing benefit,Social group,Economic class
those on lowers incomes,Social group,Economic class
large companies,Social group,Economic class
people in the asylum system,Social group,Economic class
18 to 21-year-olds,Social group,Age/generation
black and minority ethnic communities,Social group,Ethnicity/race
Institutional investors,Professional group,
all those over 25 years old and out of work for two years,Social group,Economic class
those who have served our country,Social group,Other
those who have saved,Social group,Economic class
everyone who can i.e. is able to work,Social group,Health
our city regions,Social group,Geography
all police officers,Professional group,
every large employer hiring skilled workers from outside the EU,Social group,Economic class
Crown Dependencies,Social group,Geography
large private companies,Social group,Economic class
people in the immigration system,Social group,Nationality
Britain's businesses,Social group,Economic class
English city regions,Social group,Geography
18 to 20-year-old offenders,Social group,Age/generation
vulnerable refugees from Syria,Social group,Nationality
"5,000 new home-care workers",Professional group,
"1,000 border staff",Professional group,
local first time buyers,Social group,Economic class
directors of a football club,Professional group,
people across Scotland,Social group,Geography
16 to 18-year-olds,Social group,Age/generation
private renters,Social group,Economic class
working parents of three and four-year-olds,Other,
reservists,Professional group,
apprentices,Professional group,
freelance animator,Professional group,
all those over 25 years old and out of work for two years,Social group,Age/generation
workers from outside the EU,Social group,Economic class
those who have been the victims of sexual abuse,Social group,Other
citizens unable to use the internet,Social group,Other
"8,000 more GPs",Professional group,
disabled people who can work,Social group,Economic class
Fathers,Social group,Gender
people who need care to live independently,Social group,Health
every large employer hiring skilled workers from outside the EU,Social group,Geography
all who need it i.e. hospital services,Social group,Health
Everyone involved in the NHS,Professional group,
community activist,Social group,Geography
no person,General public,
those who need it most i.e. benefits,Social group,Economic class
vulnerable older people,Social group,Age/generation
those that need it i.e. legal representation,Social group,Other
supporters trusts i.e. football supporters,Interest group,
local police commanders,Social group,Geography
those who have been the victims of trafficking,Social group,Other
People who live in this country,General public,
community activist,Social group,Other
regulars,Professional group,
those on lower incomes,Social group,Economic class
LGBT people,Social group,Other
the dedicated staff of our NHS,Professional group,
service women,Social group,Gender
a loved one,Social group,Other
disadvantaged children,Social group,Economic class
excellent teachers,Professional group,
staff who work with the public,Social group,Economic class
workers from outside the EU,Social group,Nationality
the real owners of companies,Social group,Economic class
Every firm getting a major government contract,Social group,Economic class
regional banks,Social group,Geography
the United Kingdom,Social group,Geography
barber,Professional group,
faith communities who have pioneered an inter-faith dialogue for the common good,Social group,Religion
members of our Armed Forces,Professional group,
our leading firms,Social group,Economic class
relatives,Social group,Other
disabled people who can work,Social group,Health
Young people who do not have the skills they need,Social group,Economic class
major city regions,Social group,Geography
jobseekers,Social group,Economic class
every part of the United Kingdom,Social group,Geography
working parents of three and four-year-olds,Social group,Other
three year-olds,Other,
those at the very top of our society,Social group,Economic class
care workers,Professional group,
decorator,Professional group,
recipients i.e. of benefits,Social group,Economic class
football fans,Social group,Other
hedge funds,Social group,Economic class
communities in every part of our country,Social group,Geography
disadvantaged children,Other,
the top one percent,Social group,Economic class
service men,Professional group,
local police commanders,Professional group,
Mothers,Social group,Gender
tax payer,Social group,Economic class
new job entrants,Social group,Economic class
our great English cities,Social group,Geography
local first time buyers,Social group,Geography
young people in prison,Social group,Age/generation
permanent staff,Social group,Economic class
all teachers in state schools,Professional group,
mutual organisations,Interest group,
all children who need it i.e. school-based counselling,Social group,Health
young people in prison,Social group,Other
those who are terminally ill,Social group,Health
prisoners,Professional group,
every school leaver,Social group,Other
all of our children,Other,
Physicist,Professional group,
agency workers on lower pay,Social group,Economic class
people in their older age,Social group,Age/generation
children with special educational needs and disabilities,Other,
millions unregistered i.e. to vote,Social group,Other
a new baby,Other,
pregnant women,Social group,Gender
lobbyists,Interest group,
No one,General public,
new challenger banks,Social group,Economic class
businesses in every region,Social group,Economic class
city regions,Social group,Geography
the 11 million people who rent privately,Social group,Economic class
Those who come here,Social group,Nationality
"10,000 police officers",Professional group,
the Big Six energy companies,Social group,Economic class
children in kinship care i.e. care of family and friends,Other,
people experiencing our great cultural treasures,Social group,Other
the richest five per cent of pensioners,Social group,Economic class
"10,000 frontline police officers",Professional group,
docker,Professional group,
