country	countryname	party	partyabbrev	partyname	date	election_date	parfam	annotations	translation_en	year	decade
11	Sweden	11220	SKP	Communist Party of Sweden	194809	1948-09-19	20	FALSE	FALSE	1948	1950
11	Sweden	11320	SAP	Social Democratic Labour Party	194809	1948-09-19	30	FALSE	FALSE	1948	1950
11	Sweden	11420	FP	People’s Party	194809	1948-09-19	40	FALSE	FALSE	1948	1950
11	Sweden	11620		Right Party	194809	1948-09-19	60	FALSE	FALSE	1948	1950
11	Sweden	11810		Agrarian Party	194809	1948-09-19	80	FALSE	FALSE	1948	1950
11	Sweden	11220	SKP	Communist Party of Sweden	195209	1952-09-21	20	FALSE	FALSE	1952	1950
11	Sweden	11320	SAP	Social Democratic Labour Party	195209	1952-09-21	30	FALSE	FALSE	1952	1950
11	Sweden	11420	FP	People’s Party	195209	1952-09-21	40	FALSE	FALSE	1952	1950
11	Sweden	11620		Right Party	195209	1952-09-21	60	FALSE	FALSE	1952	1950
11	Sweden	11810		Agrarian Party	195209	1952-09-21	80	FALSE	FALSE	1952	1950
11	Sweden	11220	SKP	Communist Party of Sweden	195609	1956-09-26	20	FALSE	FALSE	1956	1960
11	Sweden	11320	SAP	Social Democratic Labour Party	195609	1956-09-26	30	FALSE	FALSE	1956	1960
11	Sweden	11420	FP	People’s Party	195609	1956-09-26	40	FALSE	FALSE	1956	1960
11	Sweden	11620		Right Party	195609	1956-09-26	60	FALSE	FALSE	1956	1960
11	Sweden	11810		Agrarian Party	195609	1956-09-26	80	FALSE	FALSE	1956	1960
11	Sweden	11220	SKP	Communist Party of Sweden	195806	1958-06-01	20	FALSE	FALSE	1958	1960
11	Sweden	11320	SAP	Social Democratic Labour Party	195806	1958-06-01	30	FALSE	FALSE	1958	1960
11	Sweden	11420	FP	People’s Party	195806	1958-06-01	40	FALSE	FALSE	1958	1960
11	Sweden	11620		Right Party	195806	1958-06-01	60	FALSE	FALSE	1958	1960
11	Sweden	11810	CP	Centre Party	195806	1958-06-01	80	FALSE	FALSE	1958	1960
11	Sweden	11220	SKP	Communist Party of Sweden	196009	1960-09-18	20	FALSE	FALSE	1960	1960
11	Sweden	11320	SAP	Social Democratic Labour Party	196009	1960-09-18	30	FALSE	FALSE	1960	1960
11	Sweden	11420	FP	People’s Party	196009	1960-09-18	40	FALSE	FALSE	1960	1960
11	Sweden	11620		Right Party	196009	1960-09-18	60	FALSE	FALSE	1960	1960
11	Sweden	11810	CP	Centre Party	196009	1960-09-18	80	FALSE	FALSE	1960	1960
11	Sweden	11220	SKP	Communist Party of Sweden	196409	1964-09-20	20	FALSE	FALSE	1964	1960
11	Sweden	11320	SAP	Social Democratic Labour Party	196409	1964-09-20	30	FALSE	FALSE	1964	1960
11	Sweden	11420	FP	People’s Party	196409	1964-09-20	40	FALSE	FALSE	1964	1960
11	Sweden	11620		Right Party	196409	1964-09-20	60	FALSE	FALSE	1964	1960
11	Sweden	11810	CP	Centre Party	196409	1964-09-20	80	FALSE	FALSE	1964	1960
11	Sweden	11220	VPK	Left Communists Party	196809	1968-09-15	20	FALSE	FALSE	1968	1970
11	Sweden	11320	SAP	Social Democratic Labour Party	196809	1968-09-15	30	FALSE	FALSE	1968	1970
11	Sweden	11420	FP	People’s Party	196809	1968-09-15	40	FALSE	FALSE	1968	1970
11	Sweden	11620		Right Party	196809	1968-09-15	60	FALSE	FALSE	1968	1970
11	Sweden	11810	CP	Centre Party	196809	1968-09-15	80	FALSE	FALSE	1968	1970
11	Sweden	11220	VPK	Left Communists Party	197009	1970-09-20	20	FALSE	FALSE	1970	1970
11	Sweden	11320	SAP	Social Democratic Labour Party	197009	1970-09-20	30	FALSE	FALSE	1970	1970
11	Sweden	11420	FP	People’s Party	197009	1970-09-20	40	FALSE	FALSE	1970	1970
11	Sweden	11620	MSP	Moderate Coalition Party	197009	1970-09-20	60	FALSE	FALSE	1970	1970
11	Sweden	11810	CP	Centre Party	197009	1970-09-20	80	FALSE	FALSE	1970	1970
11	Sweden	11220	VPK	Left Communists Party	197309	1973-09-16	20	FALSE	FALSE	1973	1970
11	Sweden	11320	SAP	Social Democratic Labour Party	197309	1973-09-16	30	FALSE	FALSE	1973	1970
11	Sweden	11420	FP	People’s Party	197309	1973-09-16	40	FALSE	FALSE	1973	1970
11	Sweden	11620	MSP	Moderate Coalition Party	197309	1973-09-16	60	FALSE	FALSE	1973	1970
11	Sweden	11810	CP	Centre Party	197309	1973-09-16	80	FALSE	FALSE	1973	1970
11	Sweden	11220	VPK	Left Communists Party	197609	1976-09-19	20	FALSE	FALSE	1976	1980
11	Sweden	11320	SAP	Social Democratic Labour Party	197609	1976-09-19	30	FALSE	FALSE	1976	1980
11	Sweden	11420	FP	People’s Party	197609	1976-09-19	40	FALSE	FALSE	1976	1980
11	Sweden	11620	MSP	Moderate Coalition Party	197609	1976-09-19	60	FALSE	FALSE	1976	1980
11	Sweden	11810	CP	Centre Party	197609	1976-09-19	80	FALSE	FALSE	1976	1980
11	Sweden	11220	VPK	Left Communists Party	197909	1979-09-16	20	FALSE	FALSE	1979	1980
11	Sweden	11320	SAP	Social Democratic Labour Party	197909	1979-09-16	30	FALSE	FALSE	1979	1980
11	Sweden	11420	FP	People’s Party	197909	1979-09-16	40	FALSE	FALSE	1979	1980
11	Sweden	11620	MSP	Moderate Coalition Party	197909	1979-09-16	60	FALSE	FALSE	1979	1980
11	Sweden	11810	CP	Centre Party	197909	1979-09-16	80	FALSE	FALSE	1979	1980
11	Sweden	11220	VPK	Left Communists Party	198209	1982-09-19	20	FALSE	FALSE	1982	1980
11	Sweden	11320	SAP	Social Democratic Labour Party	198209	1982-09-19	30	FALSE	FALSE	1982	1980
11	Sweden	11420	FP	People’s Party	198209	1982-09-19	40	FALSE	FALSE	1982	1980
11	Sweden	11620	MSP	Moderate Coalition Party	198209	1982-09-19	60	FALSE	FALSE	1982	1980
11	Sweden	11810	CP	Centre Party	198209	1982-09-19	80	FALSE	FALSE	1982	1980
11	Sweden	11220	VPK	Left Communists Party	198509	1985-09-15	20	FALSE	FALSE	1985	1990
11	Sweden	11320	SAP	Social Democratic Labour Party	198509	1985-09-15	30	FALSE	FALSE	1985	1990
11	Sweden	11420	FP	People’s Party	198509	1985-09-15	40	FALSE	FALSE	1985	1990
11	Sweden	11520	KDS	Christian Democratic Coalition	198509	1985-09-15	50	FALSE	FALSE	1985	1990
11	Sweden	11620	MSP	Moderate Coalition Party	198509	1985-09-15	60	FALSE	FALSE	1985	1990
11	Sweden	11810	CP	Centre Party	198509	1985-09-15	80	FALSE	FALSE	1985	1990
11	Sweden	11110	MP	Green Ecology Party	198809	1988-09-18	10	FALSE	FALSE	1988	1990
11	Sweden	11220	VPK	Left Communists Party	198809	1988-09-18	20	FALSE	FALSE	1988	1990
11	Sweden	11320	SAP	Social Democratic Labour Party	198809	1988-09-18	30	FALSE	FALSE	1988	1990
11	Sweden	11420	FP	People’s Party	198809	1988-09-18	40	FALSE	FALSE	1988	1990
11	Sweden	11620	MSP	Moderate Coalition Party	198809	1988-09-18	60	FALSE	FALSE	1988	1990
11	Sweden	11810	CP	Centre Party	198809	1988-09-18	80	FALSE	FALSE	1988	1990
11	Sweden	11110	MP	Green Ecology Party	199109	1991-09-15	10	FALSE	FALSE	1991	1990
11	Sweden	11220	V	Left Party	199109	1991-09-15	20	FALSE	FALSE	1991	1990
11	Sweden	11320	SAP	Social Democratic Labour Party	199109	1991-09-15	30	FALSE	FALSE	1991	1990
11	Sweden	11420	FP	Liberal People’s Party	199109	1991-09-15	40	FALSE	FALSE	1991	1990
11	Sweden	11520	KdS	Christian Democratic Community Party	199109	1991-09-15	50	FALSE	FALSE	1991	1990
11	Sweden	11620	MSP	Moderate Coalition Party	199109	1991-09-15	60	FALSE	FALSE	1991	1990
11	Sweden	11810	CP	Centre Party	199109	1991-09-15	80	FALSE	FALSE	1991	1990
11	Sweden	11951	NyD	New Democracy	199109	1991-09-15	95	FALSE	FALSE	1991	1990
11	Sweden	11110	MP	Green Ecology Party	199409	1994-09-18	10	FALSE	FALSE	1994	1990
11	Sweden	11220	V	Left Party	199409	1994-09-18	20	FALSE	FALSE	1994	1990
11	Sweden	11320	SAP	Social Democratic Labour Party	199409	1994-09-18	30	FALSE	FALSE	1994	1990
11	Sweden	11420	FP	Liberal People’s Party	199409	1994-09-18	40	FALSE	FALSE	1994	1990
11	Sweden	11520	KdS	Christian Democratic Community Party	199409	1994-09-18	50	FALSE	FALSE	1994	1990
11	Sweden	11620	MSP	Moderate Coalition Party	199409	1994-09-18	60	FALSE	FALSE	1994	1990
11	Sweden	11810	CP	Centre Party	199409	1994-09-18	80	FALSE	FALSE	1994	1990
11	Sweden	11110	MP	Green Ecology Party	199809	1998-09-21	10	FALSE	FALSE	1998	2000
11	Sweden	11220	V	Left Party	199809	1998-09-21	20	FALSE	FALSE	1998	2000
11	Sweden	11320	SAP	Social Democratic Labour Party	199809	1998-09-21	30	FALSE	FALSE	1998	2000
11	Sweden	11420	FP	Liberal People’s Party	199809	1998-09-21	40	FALSE	FALSE	1998	2000
11	Sweden	11520	Kd	Christian Democrats	199809	1998-09-21	50	FALSE	FALSE	1998	2000
11	Sweden	11620	MSP	Moderate Coalition Party	199809	1998-09-21	60	FALSE	FALSE	1998	2000
11	Sweden	11810	CP	Centre Party	199809	1998-09-21	80	FALSE	FALSE	1998	2000
11	Sweden	11110	MP	Green Ecology Party	200209	2002-09-15	10	FALSE	FALSE	2002	2000
11	Sweden	11220	V	Left Party	200209	2002-09-15	20	FALSE	FALSE	2002	2000
11	Sweden	11320	SAP	Social Democratic Labour Party	200209	2002-09-15	30	FALSE	FALSE	2002	2000
11	Sweden	11420	FP	Liberal People’s Party	200209	2002-09-15	40	FALSE	FALSE	2002	2000
11	Sweden	11520	Kd	Christian Democrats	200209	2002-09-15	50	FALSE	FALSE	2002	2000
11	Sweden	11620	MSP	Moderate Coalition Party	200209	2002-09-15	60	FALSE	FALSE	2002	2000
11	Sweden	11810	CP	Centre Party	200209	2002-09-15	80	FALSE	FALSE	2002	2000
11	Sweden	11110	MP	Green Ecology Party	200609	2006-09-17	10	TRUE	TRUE	2006	2010
11	Sweden	11220	V	Left Party	200609	2006-09-17	20	TRUE	TRUE	2006	2010
11	Sweden	11320	SAP	Social Democratic Labour Party	200609	2006-09-17	30	TRUE	TRUE	2006	2010
11	Sweden	11420	FP	Liberal People’s Party	200609	2006-09-17	40	TRUE	TRUE	2006	2010
11	Sweden	11520	Kd	Christian Democrats	200609	2006-09-17	50	TRUE	TRUE	2006	2010
11	Sweden	11620	MSP	Moderate Coalition Party	200609	2006-09-17	60	TRUE	TRUE	2006	2010
11	Sweden	11810	CP	Centre Party	200609	2006-09-17	80	TRUE	TRUE	2006	2010
11	Sweden	11110	MP	Green Ecology Party	201009	2010-09-19	10	TRUE	TRUE	2010	2010
11	Sweden	11220	V	Left Party	201009	2010-09-19	20	TRUE	TRUE	2010	2010
11	Sweden	11320	SAP	Social Democratic Labour Party	201009	2010-09-19	30	TRUE	TRUE	2010	2010
11	Sweden	11420	FP	Liberal People’s Party	201009	2010-09-19	40	TRUE	TRUE	2010	2010
11	Sweden	11520	Kd	Christian Democrats	201009	2010-09-19	50	TRUE	TRUE	2010	2010
11	Sweden	11620	MSP	Moderate Coalition Party	201009	2010-09-19	60	TRUE	TRUE	2010	2010
11	Sweden	11710	SD	Sweden Democrats	201009	2010-09-19	70	TRUE	TRUE	2010	2010
11	Sweden	11810	CP	Centre Party	201009	2010-09-19	80	TRUE	TRUE	2010	2010
11	Sweden	11110	MP	Green Ecology Party	201409	2014-09-14	10	TRUE	TRUE	2014	2010
11	Sweden	11220	V	Left Party	201409	2014-09-14	20	TRUE	TRUE	2014	2010
11	Sweden	11320	SAP	Social Democratic Labour Party	201409	2014-09-14	30	TRUE	TRUE	2014	2010
11	Sweden	11420	FP	Liberal People’s Party	201409	2014-09-14	40	TRUE	TRUE	2014	2010
11	Sweden	11520	Kd	Christian Democrats	201409	2014-09-14	50	TRUE	TRUE	2014	2010
11	Sweden	11620	MSP	Moderate Coalition Party	201409	2014-09-14	60	TRUE	TRUE	2014	2010
11	Sweden	11710	SD	Sweden Democrats	201409	2014-09-14	70	TRUE	TRUE	2014	2010
11	Sweden	11810	CP	Centre Party	201409	2014-09-14	80	TRUE	TRUE	2014	2010
11	Sweden	11110	MP	Green Ecology Party	201809	2018-09-09	10	TRUE	TRUE	2018	2020
11	Sweden	11220	V	Left Party	201809	2018-09-09	20	TRUE	TRUE	2018	2020
11	Sweden	11320	SAP	Social Democratic Labour Party	201809	2018-09-09	30	TRUE	TRUE	2018	2020
11	Sweden	11420	L	Liberals	201809	2018-09-09	40	TRUE	TRUE	2018	2020
11	Sweden	11520	Kd	Christian Democrats	201809	2018-09-09	50	TRUE	TRUE	2018	2020
11	Sweden	11620	MSP	Moderate Coalition Party	201809	2018-09-09	60	TRUE	TRUE	2018	2020
11	Sweden	11710	SD	Sweden Democrats	201809	2018-09-09	70	TRUE	TRUE	2018	2020
11	Sweden	11810	CP	Centre Party	201809	2018-09-09	80	TRUE	TRUE	2018	2020
12	Norway	12220	NKP	Norwegian Communist Party	194510	1945-10-08	20	FALSE	FALSE	1945	1950
12	Norway	12320	DnA	Norwegian Labour Party	194510	1945-10-08	30	FALSE	FALSE	1945	1950
12	Norway	12420	V	Liberal Party	194510	1945-10-08	40	FALSE	FALSE	1945	1950
12	Norway	12520	KrF	Christian People’s Party	194510	1945-10-08	50	FALSE	FALSE	1945	1950
12	Norway	12620	H	Conservative Party	194510	1945-10-08	60	FALSE	FALSE	1945	1950
12	Norway	12810		Farmers’ Party	194510	1945-10-08	80	FALSE	FALSE	1945	1950
12	Norway	12220	NKP	Norwegian Communist Party	194910	1949-10-10	20	FALSE	FALSE	1949	1950
12	Norway	12320	DnA	Norwegian Labour Party	194910	1949-10-10	30	FALSE	FALSE	1949	1950
12	Norway	12420	V	Liberal Party	194910	1949-10-10	40	FALSE	FALSE	1949	1950
12	Norway	12520	KrF	Christian People’s Party	194910	1949-10-10	50	FALSE	FALSE	1949	1950
12	Norway	12620	H	Conservative Party	194910	1949-10-10	60	FALSE	FALSE	1949	1950
12	Norway	12810		Farmers’ Party	194910	1949-10-10	80	FALSE	FALSE	1949	1950
12	Norway	12220	NKP	Norwegian Communist Party	195310	1953-10-12	20	FALSE	FALSE	1953	1950
12	Norway	12320	DnA	Norwegian Labour Party	195310	1953-10-12	30	FALSE	FALSE	1953	1950
12	Norway	12420	V	Liberal Party	195310	1953-10-12	40	FALSE	FALSE	1953	1950
12	Norway	12520	KrF	Christian People’s Party	195310	1953-10-12	50	FALSE	FALSE	1953	1950
12	Norway	12620	H	Conservative Party	195310	1953-10-12	60	FALSE	FALSE	1953	1950
12	Norway	12810		Farmers’ Party	195310	1953-10-12	80	FALSE	FALSE	1953	1950
12	Norway	12220	NKP	Norwegian Communist Party	195710	1957-10-07	20	FALSE	FALSE	1957	1960
12	Norway	12320	DnA	Norwegian Labour Party	195710	1957-10-07	30	FALSE	FALSE	1957	1960
12	Norway	12420	V	Liberal Party	195710	1957-10-07	40	FALSE	FALSE	1957	1960
12	Norway	12520	KrF	Christian People’s Party	195710	1957-10-07	50	FALSE	FALSE	1957	1960
12	Norway	12620	H	Conservative Party	195710	1957-10-07	60	FALSE	FALSE	1957	1960
12	Norway	12810		Farmers’ Party	195710	1957-10-07	80	FALSE	FALSE	1957	1960
12	Norway	12221		Socialist People’s Party	196109	1961-09-11	20	FALSE	FALSE	1961	1960
12	Norway	12320	DnA	Norwegian Labour Party	196109	1961-09-11	30	FALSE	FALSE	1961	1960
12	Norway	12420	V	Liberal Party	196109	1961-09-11	40	FALSE	FALSE	1961	1960
12	Norway	12520	KrF	Christian People’s Party	196109	1961-09-11	50	FALSE	FALSE	1961	1960
12	Norway	12620	H	Conservative Party	196109	1961-09-11	60	FALSE	FALSE	1961	1960
12	Norway	12810	Sp	Centre Party	196109	1961-09-11	80	FALSE	FALSE	1961	1960
12	Norway	12221		Socialist People’s Party	196509	1965-09-12	20	FALSE	FALSE	1965	1970
12	Norway	12320	DnA	Norwegian Labour Party	196509	1965-09-12	30	FALSE	FALSE	1965	1970
12	Norway	12420	V	Liberal Party	196509	1965-09-12	40	FALSE	FALSE	1965	1970
12	Norway	12520	KrF	Christian People’s Party	196509	1965-09-12	50	FALSE	FALSE	1965	1970
12	Norway	12620	H	Conservative Party	196509	1965-09-12	60	FALSE	FALSE	1965	1970
12	Norway	12810	Sp	Centre Party	196509	1965-09-12	80	FALSE	FALSE	1965	1970
12	Norway	12221		Socialist People’s Party	196909	1969-09-07	20	FALSE	FALSE	1969	1970
12	Norway	12320	DnA	Norwegian Labour Party	196909	1969-09-07	30	FALSE	FALSE	1969	1970
12	Norway	12420	V	Liberal Party	196909	1969-09-07	40	FALSE	FALSE	1969	1970
12	Norway	12520	KrF	Christian People’s Party	196909	1969-09-07	50	FALSE	FALSE	1969	1970
12	Norway	12620	H	Conservative Party	196909	1969-09-07	60	FALSE	FALSE	1969	1970
12	Norway	12810	Sp	Centre Party	196909	1969-09-07	80	FALSE	FALSE	1969	1970
12	Norway	12221		Socialist People’s Party	197309	1973-09-09	20	FALSE	FALSE	1973	1970
12	Norway	12320	DnA	Norwegian Labour Party	197309	1973-09-09	30	FALSE	FALSE	1973	1970
12	Norway	12410		New People’s Party	197309	1973-09-09	40	FALSE	FALSE	1973	1970
12	Norway	12420	V	Liberal Party	197309	1973-09-09	40	FALSE	FALSE	1973	1970
12	Norway	12520	KrF	Christian People’s Party	197309	1973-09-09	50	FALSE	FALSE	1973	1970
12	Norway	12620	H	Conservative Party	197309	1973-09-09	60	FALSE	FALSE	1973	1970
12	Norway	12810	Sp	Centre Party	197309	1973-09-09	80	FALSE	FALSE	1973	1970
12	Norway	12951	ALP	Anders Lange’s Party	197309	1973-09-09	70	FALSE	FALSE	1973	1970
12	Norway	12221	SV	Socialist Left Party	197709	1977-09-11	20	FALSE	FALSE	1977	1980
12	Norway	12320	DnA	Norwegian Labour Party	197709	1977-09-11	30	FALSE	FALSE	1977	1980
12	Norway	12420	V	Liberal Party	197709	1977-09-11	40	FALSE	FALSE	1977	1980
12	Norway	12520	KrF	Christian People’s Party	197709	1977-09-11	50	FALSE	FALSE	1977	1980
12	Norway	12620	H	Conservative Party	197709	1977-09-11	60	FALSE	FALSE	1977	1980
12	Norway	12810	Sp	Centre Party	197709	1977-09-11	80	FALSE	FALSE	1977	1980
12	Norway	12951	FrP	Progress Party	197709	1977-09-11	70	FALSE	FALSE	1977	1980
12	Norway	12221	SV	Socialist Left Party	198109	1981-09-14	20	FALSE	FALSE	1981	1980
12	Norway	12320	DnA	Norwegian Labour Party	198109	1981-09-14	30	FALSE	FALSE	1981	1980
12	Norway	12420	V	Liberal Party	198109	1981-09-14	40	FALSE	FALSE	1981	1980
12	Norway	12520	KrF	Christian People’s Party	198109	1981-09-14	50	FALSE	FALSE	1981	1980
12	Norway	12620	H	Conservative Party	198109	1981-09-14	60	FALSE	FALSE	1981	1980
12	Norway	12810	Sp	Centre Party	198109	1981-09-14	80	FALSE	FALSE	1981	1980
12	Norway	12951	FrP	Progress Party	198109	1981-09-14	70	FALSE	FALSE	1981	1980
12	Norway	12221	SV	Socialist Left Party	198509	1985-09-08	20	FALSE	FALSE	1985	1990
12	Norway	12320	DnA	Norwegian Labour Party	198509	1985-09-08	30	FALSE	FALSE	1985	1990
12	Norway	12420	V	Liberal Party	198509	1985-09-08	40	FALSE	FALSE	1985	1990
12	Norway	12520	KrF	Christian People’s Party	198509	1985-09-08	50	FALSE	FALSE	1985	1990
12	Norway	12620	H	Conservative Party	198509	1985-09-08	60	FALSE	FALSE	1985	1990
12	Norway	12810	Sp	Centre Party	198509	1985-09-08	80	FALSE	FALSE	1985	1990
12	Norway	12951	FrP	Progress Party	198509	1985-09-08	70	FALSE	FALSE	1985	1990
12	Norway	12221	SV	Socialist Left Party	198909	1989-09-11	20	FALSE	FALSE	1989	1990
12	Norway	12320	DnA	Norwegian Labour Party	198909	1989-09-11	30	FALSE	FALSE	1989	1990
12	Norway	12420	V	Liberal Party	198909	1989-09-11	40	FALSE	FALSE	1989	1990
12	Norway	12520	KrF	Christian People’s Party	198909	1989-09-11	50	FALSE	FALSE	1989	1990
12	Norway	12620	H	Conservative Party	198909	1989-09-11	60	FALSE	FALSE	1989	1990
12	Norway	12810	Sp	Centre Party	198909	1989-09-11	80	FALSE	FALSE	1989	1990
12	Norway	12951	FrP	Progress Party	198909	1989-09-11	70	FALSE	FALSE	1989	1990
12	Norway	12221	SV	Socialist Left Party	199309	1993-09-13	20	FALSE	FALSE	1993	1990
12	Norway	12320	DnA	Norwegian Labour Party	199309	1993-09-13	30	FALSE	FALSE	1993	1990
12	Norway	12420	V	Liberal Party	199309	1993-09-13	40	FALSE	FALSE	1993	1990
12	Norway	12520	KrF	Christian People’s Party	199309	1993-09-13	50	FALSE	FALSE	1993	1990
12	Norway	12620	H	Conservative Party	199309	1993-09-13	60	FALSE	FALSE	1993	1990
12	Norway	12810	Sp	Centre Party	199309	1993-09-13	80	FALSE	FALSE	1993	1990
12	Norway	12951	FrP	Progress Party	199309	1993-09-13	70	FALSE	FALSE	1993	1990
12	Norway	12221	SV	Socialist Left Party	199709	1997-09-16	20	FALSE	FALSE	1997	2000
12	Norway	12320	DnA	Norwegian Labour Party	199709	1997-09-16	30	FALSE	FALSE	1997	2000
12	Norway	12420	V	Liberal Party	199709	1997-09-16	40	FALSE	FALSE	1997	2000
12	Norway	12520	KrF	Christian People’s Party	199709	1997-09-16	50	FALSE	FALSE	1997	2000
12	Norway	12620	H	Conservative Party	199709	1997-09-16	60	FALSE	FALSE	1997	2000
12	Norway	12810	Sp	Centre Party	199709	1997-09-16	80	FALSE	FALSE	1997	2000
12	Norway	12951	FrP	Progress Party	199709	1997-09-16	70	FALSE	FALSE	1997	2000
12	Norway	12221	SV	Socialist Left Party	200109	2001-09-10	20	FALSE	FALSE	2001	2000
12	Norway	12320	DnA	Norwegian Labour Party	200109	2001-09-10	30	FALSE	FALSE	2001	2000
12	Norway	12420	V	Liberal Party	200109	2001-09-10	40	FALSE	FALSE	2001	2000
12	Norway	12520	KrF	Christian People’s Party	200109	2001-09-10	50	FALSE	FALSE	2001	2000
12	Norway	12620	H	Conservative Party	200109	2001-09-10	60	FALSE	FALSE	2001	2000
12	Norway	12810	Sp	Centre Party	200109	2001-09-10	80	FALSE	FALSE	2001	2000
12	Norway	12951	FrP	Progress Party	200109	2001-09-10	70	FALSE	FALSE	2001	2000
12	Norway	12221	SV	Socialist Left Party	200509	2005-09-12	20	TRUE	TRUE	2005	2010
12	Norway	12320	DnA	Norwegian Labour Party	200509	2005-09-12	30	TRUE	TRUE	2005	2010
12	Norway	12420	V	Liberal Party	200509	2005-09-12	40	TRUE	TRUE	2005	2010
12	Norway	12520	KrF	Christian People’s Party	200509	2005-09-12	50	TRUE	TRUE	2005	2010
12	Norway	12620	H	Conservative Party	200509	2005-09-12	60	TRUE	TRUE	2005	2010
12	Norway	12810	Sp	Centre Party	200509	2005-09-12	80	TRUE	TRUE	2005	2010
12	Norway	12951	FrP	Progress Party	200509	2005-09-12	70	TRUE	TRUE	2005	2010
12	Norway	12221	SV	Socialist Left Party	200909	2009-09-14	20	TRUE	TRUE	2009	2010
12	Norway	12320	DnA	Norwegian Labour Party	200909	2009-09-14	30	TRUE	TRUE	2009	2010
12	Norway	12420	V	Liberal Party	200909	2009-09-14	40	TRUE	TRUE	2009	2010
12	Norway	12520	KrF	Christian People’s Party	200909	2009-09-14	50	TRUE	TRUE	2009	2010
12	Norway	12620	H	Conservative Party	200909	2009-09-14	60	TRUE	TRUE	2009	2010
12	Norway	12810	Sp	Centre Party	200909	2009-09-14	80	TRUE	TRUE	2009	2010
12	Norway	12951	FrP	Progress Party	200909	2009-09-14	70	TRUE	TRUE	2009	2010
12	Norway	12110	MDG	Green Party	201309	2013-09-09	10	TRUE	TRUE	2013	2010
12	Norway	12221	SV	Socialist Left Party	201309	2013-09-09	20	TRUE	TRUE	2013	2010
12	Norway	12320	Ap	Labour Party	201309	2013-09-09	30	TRUE	TRUE	2013	2010
12	Norway	12420	V	Liberal Party	201309	2013-09-09	40	TRUE	TRUE	2013	2010
12	Norway	12520	KrF	Christian People’s Party	201309	2013-09-09	50	TRUE	TRUE	2013	2010
12	Norway	12620	H	Conservative Party	201309	2013-09-09	60	TRUE	TRUE	2013	2010
12	Norway	12810	Sp	Centre Party	201309	2013-09-09	80	TRUE	TRUE	2013	2010
12	Norway	12951	FrP	Progress Party	201309	2013-09-09	70	TRUE	TRUE	2013	2010
12	Norway	12110	MDG	Green Party	201709	2017-09-11	10	TRUE	TRUE	2017	2020
12	Norway	12221	SV	Socialist Left Party	201709	2017-09-11	20	TRUE	TRUE	2017	2020
12	Norway	12230		Red Party	201709	2017-09-11	20	TRUE	TRUE	2017	2020
12	Norway	12320	Ap	Labour Party	201709	2017-09-11	30	TRUE	TRUE	2017	2020
12	Norway	12420	V	Liberal Party	201709	2017-09-11	40	TRUE	TRUE	2017	2020
12	Norway	12520	KrF	Christian People’s Party	201709	2017-09-11	50	TRUE	TRUE	2017	2020
12	Norway	12620	H	Conservative Party	201709	2017-09-11	60	TRUE	TRUE	2017	2020
12	Norway	12810	Sp	Centre Party	201709	2017-09-11	80	TRUE	TRUE	2017	2020
12	Norway	12951	FrP	Progress Party	201709	2017-09-11	70	TRUE	TRUE	2017	2020
13	Denmark	13220	DKP	Danish Communist Party	194510	1945-10-30	20	FALSE	FALSE	1945	1950
13	Denmark	13320	SD	Social Democratic Party	194510	1945-10-30	30	FALSE	FALSE	1945	1950
13	Denmark	13410	RV	Danish Social-Liberal Party	194510	1945-10-30	40	FALSE	FALSE	1945	1950
13	Denmark	13420	V	Liberals	194510	1945-10-30	40	FALSE	FALSE	1945	1950
13	Denmark	13620	KF	Conservative People’s Party	194510	1945-10-30	60	FALSE	FALSE	1945	1950
13	Denmark	13952	RF	Justice Party	194510	1945-10-30	95	FALSE	FALSE	1945	1950
13	Denmark	13953	DS	Danish Union	194510	1945-10-30	95	FALSE	FALSE	1945	1950
13	Denmark	13220	DKP	Danish Communist Party	194710	1947-10-28	20	FALSE	FALSE	1947	1950
13	Denmark	13320	SD	Social Democratic Party	194710	1947-10-28	30	FALSE	FALSE	1947	1950
13	Denmark	13410	RV	Danish Social-Liberal Party	194710	1947-10-28	40	FALSE	FALSE	1947	1950
13	Denmark	13420	V	Liberals	194710	1947-10-28	40	FALSE	FALSE	1947	1950
13	Denmark	13620	KF	Conservative People’s Party	194710	1947-10-28	60	FALSE	FALSE	1947	1950
13	Denmark	13952	RF	Justice Party	194710	1947-10-28	95	FALSE	FALSE	1947	1950
13	Denmark	13220	DKP	Danish Communist Party	195009	1950-09-05	20	FALSE	FALSE	1950	1950
13	Denmark	13320	SD	Social Democratic Party	195009	1950-09-05	30	FALSE	FALSE	1950	1950
13	Denmark	13410	RV	Danish Social-Liberal Party	195009	1950-09-05	40	FALSE	FALSE	1950	1950
13	Denmark	13420	V	Liberals	195009	1950-09-05	40	FALSE	FALSE	1950	1950
13	Denmark	13620	KF	Conservative People’s Party	195009	1950-09-05	60	FALSE	FALSE	1950	1950
13	Denmark	13952	RF	Justice Party	195009	1950-09-05	95	FALSE	FALSE	1950	1950
13	Denmark	13220	DKP	Danish Communist Party	195304	1953-04-21	20	FALSE	FALSE	1953	1950
13	Denmark	13320	SD	Social Democratic Party	195304	1953-04-21	30	FALSE	FALSE	1953	1950
13	Denmark	13410	RV	Danish Social-Liberal Party	195304	1953-04-21	40	FALSE	FALSE	1953	1950
13	Denmark	13420	V	Liberals	195304	1953-04-21	40	FALSE	FALSE	1953	1950
13	Denmark	13620	KF	Conservative People’s Party	195304	1953-04-21	60	FALSE	FALSE	1953	1950
13	Denmark	13952	RF	Justice Party	195304	1953-04-21	95	FALSE	FALSE	1953	1950
13	Denmark	13220	DKP	Danish Communist Party	195309	1953-09-22	20	FALSE	FALSE	1953	1950
13	Denmark	13320	SD	Social Democratic Party	195309	1953-09-22	30	FALSE	FALSE	1953	1950
13	Denmark	13410	RV	Danish Social-Liberal Party	195309	1953-09-22	40	FALSE	FALSE	1953	1950
13	Denmark	13420	V	Liberals	195309	1953-09-22	40	FALSE	FALSE	1953	1950
13	Denmark	13421	DU	Independents’ Party	195309	1953-09-22	40	FALSE	FALSE	1953	1950
13	Denmark	13620	KF	Conservative People’s Party	195309	1953-09-22	60	FALSE	FALSE	1953	1950
13	Denmark	13952	RF	Justice Party	195309	1953-09-22	95	FALSE	FALSE	1953	1950
13	Denmark	13220	DKP	Danish Communist Party	195705	1957-05-14	20	FALSE	FALSE	1957	1960
13	Denmark	13320	SD	Social Democratic Party	195705	1957-05-14	30	FALSE	FALSE	1957	1960
13	Denmark	13410	RV	Danish Social-Liberal Party	195705	1957-05-14	40	FALSE	FALSE	1957	1960
13	Denmark	13420	V	Liberals	195705	1957-05-14	40	FALSE	FALSE	1957	1960
13	Denmark	13421	DU	Independents’ Party	195705	1957-05-14	40	FALSE	FALSE	1957	1960
13	Denmark	13620	KF	Conservative People’s Party	195705	1957-05-14	60	FALSE	FALSE	1957	1960
13	Denmark	13952	RF	Justice Party	195705	1957-05-14	95	FALSE	FALSE	1957	1960
13	Denmark	13220	DKP	Danish Communist Party	196011	1960-11-15	20	FALSE	FALSE	1960	1960
13	Denmark	13230	SF	Socialist People’s Party	196011	1960-11-15	20	FALSE	FALSE	1960	1960
13	Denmark	13320	SD	Social Democratic Party	196011	1960-11-15	30	FALSE	FALSE	1960	1960
13	Denmark	13410	RV	Danish Social-Liberal Party	196011	1960-11-15	40	FALSE	FALSE	1960	1960
13	Denmark	13420	V	Liberals	196011	1960-11-15	40	FALSE	FALSE	1960	1960
13	Denmark	13421	DU	Independents’ Party	196011	1960-11-15	40	FALSE	FALSE	1960	1960
13	Denmark	13620	KF	Conservative People’s Party	196011	1960-11-15	60	FALSE	FALSE	1960	1960
13	Denmark	13952	RF	Justice Party	196011	1960-11-15	95	FALSE	FALSE	1960	1960
13	Denmark	13220	DKP	Danish Communist Party	196409	1964-09-22	20	FALSE	FALSE	1964	1960
13	Denmark	13230	SF	Socialist People’s Party	196409	1964-09-22	20	FALSE	FALSE	1964	1960
13	Denmark	13320	SD	Social Democratic Party	196409	1964-09-22	30	FALSE	FALSE	1964	1960
13	Denmark	13410	RV	Danish Social-Liberal Party	196409	1964-09-22	40	FALSE	FALSE	1964	1960
13	Denmark	13420	V	Liberals	196409	1964-09-22	40	FALSE	FALSE	1964	1960
13	Denmark	13421	DU	Independents’ Party	196409	1964-09-22	40	FALSE	FALSE	1964	1960
13	Denmark	13620	KF	Conservative People’s Party	196409	1964-09-22	60	FALSE	FALSE	1964	1960
13	Denmark	13952	RF	Justice Party	196409	1964-09-22	95	FALSE	FALSE	1964	1960
13	Denmark	13220	DKP	Danish Communist Party	196611	1966-11-22	20	FALSE	FALSE	1966	1970
13	Denmark	13230	SF	Socialist People’s Party	196611	1966-11-22	20	FALSE	FALSE	1966	1970
13	Denmark	13320	SD	Social Democratic Party	196611	1966-11-22	30	FALSE	FALSE	1966	1970
13	Denmark	13410	RV	Danish Social-Liberal Party	196611	1966-11-22	40	FALSE	FALSE	1966	1970
13	Denmark	13420	V	Liberals	196611	1966-11-22	40	FALSE	FALSE	1966	1970
13	Denmark	13421	DU	Independents’ Party	196611	1966-11-22	40	FALSE	FALSE	1966	1970
13	Denmark	13422	LC	Liberal Centre	196611	1966-11-22	40	FALSE	FALSE	1966	1970
13	Denmark	13620	KF	Conservative People’s Party	196611	1966-11-22	60	FALSE	FALSE	1966	1970
13	Denmark	13952	RF	Justice Party	196611	1966-11-22	95	FALSE	FALSE	1966	1970
13	Denmark	13210	VS	Left Socialist Party	196801	1968-01-23	20	FALSE	FALSE	1968	1970
13	Denmark	13220	DKP	Danish Communist Party	196801	1968-01-23	20	FALSE	FALSE	1968	1970
13	Denmark	13230	SF	Socialist People’s Party	196801	1968-01-23	20	FALSE	FALSE	1968	1970
13	Denmark	13320	SD	Social Democratic Party	196801	1968-01-23	30	FALSE	FALSE	1968	1970
13	Denmark	13410	RV	Danish Social-Liberal Party	196801	1968-01-23	40	FALSE	FALSE	1968	1970
13	Denmark	13420	V	Liberals	196801	1968-01-23	40	FALSE	FALSE	1968	1970
13	Denmark	13421	DU	Independents’ Party	196801	1968-01-23	40	FALSE	FALSE	1968	1970
13	Denmark	13422	LC	Liberal Centre	196801	1968-01-23	40	FALSE	FALSE	1968	1970
13	Denmark	13620	KF	Conservative People’s Party	196801	1968-01-23	60	FALSE	FALSE	1968	1970
13	Denmark	13952	RF	Justice Party	196801	1968-01-23	95	FALSE	FALSE	1968	1970
13	Denmark	13210	VS	Left Socialist Party	197109	1971-09-21	20	FALSE	FALSE	1971	1970
13	Denmark	13220	DKP	Danish Communist Party	197109	1971-09-21	20	FALSE	FALSE	1971	1970
13	Denmark	13230	SF	Socialist People’s Party	197109	1971-09-21	20	FALSE	FALSE	1971	1970
13	Denmark	13320	SD	Social Democratic Party	197109	1971-09-21	30	FALSE	FALSE	1971	1970
13	Denmark	13410	RV	Danish Social-Liberal Party	197109	1971-09-21	40	FALSE	FALSE	1971	1970
13	Denmark	13420	V	Liberals	197109	1971-09-21	40	FALSE	FALSE	1971	1970
13	Denmark	13520	KrF	Christian People’s Party	197109	1971-09-21	50	FALSE	FALSE	1971	1970
13	Denmark	13620	KF	Conservative People’s Party	197109	1971-09-21	60	FALSE	FALSE	1971	1970
13	Denmark	13952	RF	Justice Party	197109	1971-09-21	95	FALSE	FALSE	1971	1970
13	Denmark	13210	VS	Left Socialist Party	197312	1973-12-04	20	FALSE	FALSE	1973	1970
13	Denmark	13220	DKP	Danish Communist Party	197312	1973-12-04	20	FALSE	FALSE	1973	1970
13	Denmark	13230	SF	Socialist People’s Party	197312	1973-12-04	20	FALSE	FALSE	1973	1970
13	Denmark	13320	SD	Social Democratic Party	197312	1973-12-04	30	FALSE	FALSE	1973	1970
13	Denmark	13330	CD	Centre Democrats	197312	1973-12-04	60	FALSE	FALSE	1973	1970
13	Denmark	13410	RV	Danish Social-Liberal Party	197312	1973-12-04	40	FALSE	FALSE	1973	1970
13	Denmark	13420	V	Liberals	197312	1973-12-04	40	FALSE	FALSE	1973	1970
13	Denmark	13520	KrF	Christian People’s Party	197312	1973-12-04	50	FALSE	FALSE	1973	1970
13	Denmark	13620	KF	Conservative People’s Party	197312	1973-12-04	60	FALSE	FALSE	1973	1970
13	Denmark	13951	FP	Progress Party	197312	1973-12-04	70	FALSE	FALSE	1973	1970
13	Denmark	13952	RF	Justice Party	197312	1973-12-04	95	FALSE	FALSE	1973	1970
13	Denmark	13210	VS	Left Socialist Party	197501	1975-01-09	20	FALSE	FALSE	1975	1980
13	Denmark	13220	DKP	Danish Communist Party	197501	1975-01-09	20	FALSE	FALSE	1975	1980
13	Denmark	13230	SF	Socialist People’s Party	197501	1975-01-09	20	FALSE	FALSE	1975	1980
13	Denmark	13320	SD	Social Democratic Party	197501	1975-01-09	30	FALSE	FALSE	1975	1980
13	Denmark	13330	CD	Centre Democrats	197501	1975-01-09	60	FALSE	FALSE	1975	1980
13	Denmark	13410	RV	Danish Social-Liberal Party	197501	1975-01-09	40	FALSE	FALSE	1975	1980
13	Denmark	13420	V	Liberals	197501	1975-01-09	40	FALSE	FALSE	1975	1980
13	Denmark	13520	KrF	Christian People’s Party	197501	1975-01-09	50	FALSE	FALSE	1975	1980
13	Denmark	13620	KF	Conservative People’s Party	197501	1975-01-09	60	FALSE	FALSE	1975	1980
13	Denmark	13951	FP	Progress Party	197501	1975-01-09	70	FALSE	FALSE	1975	1980
13	Denmark	13952	RF	Justice Party	197501	1975-01-09	95	FALSE	FALSE	1975	1980
13	Denmark	13210	VS	Left Socialist Party	197702	1977-02-15	20	FALSE	FALSE	1977	1980
13	Denmark	13220	DKP	Danish Communist Party	197702	1977-02-15	20	FALSE	FALSE	1977	1980
13	Denmark	13230	SF	Socialist People’s Party	197702	1977-02-15	20	FALSE	FALSE	1977	1980
13	Denmark	13320	SD	Social Democratic Party	197702	1977-02-15	30	FALSE	FALSE	1977	1980
13	Denmark	13330	CD	Centre Democrats	197702	1977-02-15	60	FALSE	FALSE	1977	1980
13	Denmark	13410	RV	Danish Social-Liberal Party	197702	1977-02-15	40	FALSE	FALSE	1977	1980
13	Denmark	13420	V	Liberals	197702	1977-02-15	40	FALSE	FALSE	1977	1980
13	Denmark	13520	KrF	Christian People’s Party	197702	1977-02-15	50	FALSE	FALSE	1977	1980
13	Denmark	13620	KF	Conservative People’s Party	197702	1977-02-15	60	FALSE	FALSE	1977	1980
13	Denmark	13951	FP	Progress Party	197702	1977-02-15	70	FALSE	FALSE	1977	1980
13	Denmark	13952	RF	Justice Party	197702	1977-02-15	95	FALSE	FALSE	1977	1980
13	Denmark	13210	VS	Left Socialist Party	197910	1979-10-23	20	FALSE	FALSE	1979	1980
13	Denmark	13220	DKP	Danish Communist Party	197910	1979-10-23	20	FALSE	FALSE	1979	1980
13	Denmark	13230	SF	Socialist People’s Party	197910	1979-10-23	20	FALSE	FALSE	1979	1980
13	Denmark	13320	SD	Social Democratic Party	197910	1979-10-23	30	FALSE	FALSE	1979	1980
13	Denmark	13330	CD	Centre Democrats	197910	1979-10-23	60	FALSE	FALSE	1979	1980
13	Denmark	13410	RV	Danish Social-Liberal Party	197910	1979-10-23	40	FALSE	FALSE	1979	1980
13	Denmark	13420	V	Liberals	197910	1979-10-23	40	FALSE	FALSE	1979	1980
13	Denmark	13520	KrF	Christian People’s Party	197910	1979-10-23	50	FALSE	FALSE	1979	1980
13	Denmark	13620	KF	Conservative People’s Party	197910	1979-10-23	60	FALSE	FALSE	1979	1980
13	Denmark	13951	FP	Progress Party	197910	1979-10-23	70	FALSE	FALSE	1979	1980
13	Denmark	13952	RF	Justice Party	197910	1979-10-23	95	FALSE	FALSE	1979	1980
13	Denmark	13210	VS	Left Socialist Party	198112	1981-12-08	20	FALSE	FALSE	1981	1980
13	Denmark	13220	DKP	Danish Communist Party	198112	1981-12-08	20	FALSE	FALSE	1981	1980
13	Denmark	13230	SF	Socialist People’s Party	198112	1981-12-08	20	FALSE	FALSE	1981	1980
13	Denmark	13320	SD	Social Democratic Party	198112	1981-12-08	30	FALSE	FALSE	1981	1980
13	Denmark	13330	CD	Centre Democrats	198112	1981-12-08	60	FALSE	FALSE	1981	1980
13	Denmark	13410	RV	Danish Social-Liberal Party	198112	1981-12-08	40	FALSE	FALSE	1981	1980
13	Denmark	13420	V	Liberals	198112	1981-12-08	40	FALSE	FALSE	1981	1980
13	Denmark	13520	KrF	Christian People’s Party	198112	1981-12-08	50	FALSE	FALSE	1981	1980
13	Denmark	13620	KF	Conservative People’s Party	198112	1981-12-08	60	FALSE	FALSE	1981	1980
13	Denmark	13951	FP	Progress Party	198112	1981-12-08	70	FALSE	FALSE	1981	1980
13	Denmark	13952	RF	Justice Party	198112	1981-12-08	95	FALSE	FALSE	1981	1980
13	Denmark	13210	VS	Left Socialist Party	198401	1984-01-10	20	FALSE	FALSE	1984	1980
13	Denmark	13220	DKP	Danish Communist Party	198401	1984-01-10	20	FALSE	FALSE	1984	1980
13	Denmark	13230	SF	Socialist People’s Party	198401	1984-01-10	20	FALSE	FALSE	1984	1980
13	Denmark	13320	SD	Social Democratic Party	198401	1984-01-10	30	FALSE	FALSE	1984	1980
13	Denmark	13330	CD	Centre Democrats	198401	1984-01-10	60	FALSE	FALSE	1984	1980
13	Denmark	13410	RV	Danish Social-Liberal Party	198401	1984-01-10	40	FALSE	FALSE	1984	1980
13	Denmark	13420	V	Liberals	198401	1984-01-10	40	FALSE	FALSE	1984	1980
13	Denmark	13520	KrF	Christian People’s Party	198401	1984-01-10	50	FALSE	FALSE	1984	1980
13	Denmark	13620	KF	Conservative People’s Party	198401	1984-01-10	60	FALSE	FALSE	1984	1980
13	Denmark	13951	FP	Progress Party	198401	1984-01-10	70	FALSE	FALSE	1984	1980
13	Denmark	13952	RF	Justice Party	198401	1984-01-10	95	FALSE	FALSE	1984	1980
13	Denmark	13221	FK	Common Course	198709	1987-09-08	20	FALSE	FALSE	1987	1990
13	Denmark	13230	SF	Socialist People’s Party	198709	1987-09-08	20	FALSE	FALSE	1987	1990
13	Denmark	13320	SD	Social Democratic Party	198709	1987-09-08	30	FALSE	FALSE	1987	1990
13	Denmark	13330	CD	Centre Democrats	198709	1987-09-08	60	FALSE	FALSE	1987	1990
13	Denmark	13410	RV	Danish Social-Liberal Party	198709	1987-09-08	40	FALSE	FALSE	1987	1990
13	Denmark	13420	V	Liberals	198709	1987-09-08	40	FALSE	FALSE	1987	1990
13	Denmark	13520	KrF	Christian People’s Party	198709	1987-09-08	50	FALSE	FALSE	1987	1990
13	Denmark	13620	KF	Conservative People’s Party	198709	1987-09-08	60	FALSE	FALSE	1987	1990
13	Denmark	13951	FP	Progress Party	198709	1987-09-08	70	FALSE	FALSE	1987	1990
13	Denmark	13230	SF	Socialist People’s Party	198805	1988-05-10	20	FALSE	FALSE	1988	1990
13	Denmark	13320	SD	Social Democratic Party	198805	1988-05-10	30	FALSE	FALSE	1988	1990
13	Denmark	13330	CD	Centre Democrats	198805	1988-05-10	60	FALSE	FALSE	1988	1990
13	Denmark	13410	RV	Danish Social-Liberal Party	198805	1988-05-10	40	FALSE	FALSE	1988	1990
13	Denmark	13420	V	Liberals	198805	1988-05-10	40	FALSE	FALSE	1988	1990
13	Denmark	13520	KrF	Christian People’s Party	198805	1988-05-10	50	FALSE	FALSE	1988	1990
13	Denmark	13620	KF	Conservative People’s Party	198805	1988-05-10	60	FALSE	FALSE	1988	1990
13	Denmark	13951	FP	Progress Party	198805	1988-05-10	70	FALSE	FALSE	1988	1990
13	Denmark	13230	SF	Socialist People’s Party	199012	1990-12-12	20	FALSE	FALSE	1990	1990
13	Denmark	13320	SD	Social Democratic Party	199012	1990-12-12	30	FALSE	FALSE	1990	1990
13	Denmark	13330	CD	Centre Democrats	199012	1990-12-12	60	FALSE	FALSE	1990	1990
13	Denmark	13410	RV	Danish Social-Liberal Party	199012	1990-12-12	40	FALSE	FALSE	1990	1990
13	Denmark	13420	V	Liberals	199012	1990-12-12	40	FALSE	FALSE	1990	1990
13	Denmark	13520	KrF	Christian People’s Party	199012	1990-12-12	50	FALSE	FALSE	1990	1990
13	Denmark	13620	KF	Conservative People’s Party	199012	1990-12-12	60	FALSE	FALSE	1990	1990
13	Denmark	13951	FP	Progress Party	199012	1990-12-12	70	FALSE	FALSE	1990	1990
13	Denmark	13229	EL	Red-Green Unity List	199409	1994-09-21	20	FALSE	FALSE	1994	1990
13	Denmark	13230	SF	Socialist People’s Party	199409	1994-09-21	20	FALSE	FALSE	1994	1990
13	Denmark	13320	SD	Social Democratic Party	199409	1994-09-21	30	FALSE	FALSE	1994	1990
13	Denmark	13330	CD	Centre Democrats	199409	1994-09-21	60	FALSE	FALSE	1994	1990
13	Denmark	13410	RV	Danish Social-Liberal Party	199409	1994-09-21	40	FALSE	FALSE	1994	1990
13	Denmark	13420	V	Liberals	199409	1994-09-21	40	FALSE	FALSE	1994	1990
13	Denmark	13520	KrF	Christian People’s Party	199409	1994-09-21	50	FALSE	FALSE	1994	1990
13	Denmark	13620	KF	Conservative People’s Party	199409	1994-09-21	60	FALSE	FALSE	1994	1990
13	Denmark	13951	FP	Progress Party	199409	1994-09-21	70	FALSE	FALSE	1994	1990
13	Denmark	13229	EL	Red-Green Unity List	199803	1998-03-11	20	TRUE	TRUE	1998	2000
13	Denmark	13230	SF	Socialist People’s Party	199803	1998-03-11	20	TRUE	TRUE	1998	2000
13	Denmark	13320	SD	Social Democratic Party	199803	1998-03-11	30	TRUE	TRUE	1998	2000
13	Denmark	13330	CD	Centre Democrats	199803	1998-03-11	60	TRUE	TRUE	1998	2000
13	Denmark	13410	RV	Danish Social-Liberal Party	199803	1998-03-11	40	TRUE	TRUE	1998	2000
13	Denmark	13420	V	Liberals	199803	1998-03-11	40	TRUE	TRUE	1998	2000
13	Denmark	13520	KrF	Christian People’s Party	199803	1998-03-11	50	TRUE	TRUE	1998	2000
13	Denmark	13620	KF	Conservative People’s Party	199803	1998-03-11	60	TRUE	TRUE	1998	2000
13	Denmark	13720	DF	Danish People’s Party	199803	1998-03-11	70	TRUE	TRUE	1998	2000
13	Denmark	13951	FP	Progress Party	199803	1998-03-11	70	TRUE	TRUE	1998	2000
13	Denmark	13229	EL	Red-Green Unity List	200111	2001-11-20	20	FALSE	FALSE	2001	2000
13	Denmark	13230	SF	Socialist People’s Party	200111	2001-11-20	20	FALSE	FALSE	2001	2000
13	Denmark	13320	SD	Social Democratic Party	200111	2001-11-20	30	TRUE	TRUE	2001	2000
13	Denmark	13410	RV	Danish Social-Liberal Party	200111	2001-11-20	40	FALSE	FALSE	2001	2000
13	Denmark	13420	V	Liberals	200111	2001-11-20	40	FALSE	FALSE	2001	2000
13	Denmark	13520	KrF	Christian People’s Party	200111	2001-11-20	50	FALSE	FALSE	2001	2000
13	Denmark	13620	KF	Conservative People’s Party	200111	2001-11-20	60	FALSE	FALSE	2001	2000
13	Denmark	13720	DF	Danish People’s Party	200111	2001-11-20	70	FALSE	FALSE	2001	2000
13	Denmark	13229	EL	Red-Green Unity List	200502	2005-02-08	20	TRUE	TRUE	2005	2010
13	Denmark	13230	SF	Socialist People’s Party	200502	2005-02-08	20	TRUE	TRUE	2005	2010
13	Denmark	13320	SD	Social Democratic Party	200502	2005-02-08	30	TRUE	TRUE	2005	2010
13	Denmark	13330	CD	Centre Democrats	200502	2005-02-08	60	TRUE	TRUE	2005	2010
13	Denmark	13410	RV	Danish Social-Liberal Party	200502	2005-02-08	40	TRUE	TRUE	2005	2010
13	Denmark	13420	V	Liberals	200502	2005-02-08	40	TRUE	TRUE	2005	2010
13	Denmark	13520	K	Christian Democrats	200502	2005-02-08	50	TRUE	TRUE	2005	2010
13	Denmark	13620	KF	Conservative People’s Party	200502	2005-02-08	60	TRUE	TRUE	2005	2010
13	Denmark	13720	DF	Danish People’s Party	200502	2005-02-08	70	TRUE	TRUE	2005	2010
13	Denmark	13001	NY	New Alliance	200711	2007-11-13	40	TRUE	TRUE	2007	2010
13	Denmark	13229	EL	Red-Green Unity List	200711	2007-11-13	20	TRUE	TRUE	2007	2010
13	Denmark	13230	SF	Socialist People’s Party	200711	2007-11-13	20	TRUE	TRUE	2007	2010
13	Denmark	13320	SD	Social Democratic Party	200711	2007-11-13	30	TRUE	TRUE	2007	2010
13	Denmark	13410	RV	Danish Social-Liberal Party	200711	2007-11-13	40	TRUE	TRUE	2007	2010
13	Denmark	13420	V	Liberals	200711	2007-11-13	40	TRUE	TRUE	2007	2010
13	Denmark	13620	KF	Conservative People’s Party	200711	2007-11-13	60	TRUE	TRUE	2007	2010
13	Denmark	13720	DF	Danish People’s Party	200711	2007-11-13	70	TRUE	TRUE	2007	2010
13	Denmark	13001		Liberal Alliance	201109	2011-09-15	40	TRUE	TRUE	2011	2010
13	Denmark	13229	EL	Red-Green Unity List	201109	2011-09-15	20	TRUE	TRUE	2011	2010
13	Denmark	13230	SF	Socialist People’s Party	201109	2011-09-15	20	TRUE	TRUE	2011	2010
13	Denmark	13320	SD	Social Democratic Party	201109	2011-09-15	30	TRUE	TRUE	2011	2010
13	Denmark	13410	RV	Danish Social-Liberal Party	201109	2011-09-15	40	TRUE	TRUE	2011	2010
13	Denmark	13420	V	Liberals	201109	2011-09-15	40	TRUE	TRUE	2011	2010
13	Denmark	13620	KF	Conservative People’s Party	201109	2011-09-15	60	TRUE	TRUE	2011	2010
13	Denmark	13720	DF	Danish People’s Party	201109	2011-09-15	70	TRUE	TRUE	2011	2010
13	Denmark	13001		Liberal Alliance	201506	2015-06-18	40	TRUE	TRUE	2015	2020
13	Denmark	13110		Alternativ	201506	2015-06-18	20	TRUE	TRUE	2015	2020
13	Denmark	13229	EL	Red-Green Unity List	201506	2015-06-18	20	TRUE	TRUE	2015	2020
13	Denmark	13230	SF	Socialist People’s Party	201506	2015-06-18	20	TRUE	TRUE	2015	2020
13	Denmark	13320	SD	Social Democratic Party	201506	2015-06-18	30	TRUE	TRUE	2015	2020
13	Denmark	13410	RV	Danish Social-Liberal Party	201506	2015-06-18	40	TRUE	TRUE	2015	2020
13	Denmark	13420	V	Liberals	201506	2015-06-18	40	TRUE	TRUE	2015	2020
13	Denmark	13620	KF	Conservative People’s Party	201506	2015-06-18	60	TRUE	TRUE	2015	2020
13	Denmark	13720	DF	Danish People’s Party	201506	2015-06-18	70	TRUE	TRUE	2015	2020
13	Denmark	13001		Liberal Alliance	201906	2019-06-05	40	TRUE	TRUE	2019	2020
13	Denmark	13110		Alternativ	201906	2019-06-05	20	TRUE	TRUE	2019	2020
13	Denmark	13229	EL	Red-Green Unity List	201906	2019-06-05	20	TRUE	TRUE	2019	2020
13	Denmark	13230	SF	Socialist People’s Party	201906	2019-06-05	20	TRUE	TRUE	2019	2020
13	Denmark	13320	SD	Social Democratic Party	201906	2019-06-05	30	TRUE	TRUE	2019	2020
13	Denmark	13410	RV	Danish Social-Liberal Party	201906	2019-06-05	40	TRUE	TRUE	2019	2020
13	Denmark	13420	V	Liberals	201906	2019-06-05	40	TRUE	TRUE	2019	2020
13	Denmark	13620	KF	Conservative People’s Party	201906	2019-06-05	60	TRUE	TRUE	2019	2020
13	Denmark	13720	DF	Danish People’s Party	201906	2019-06-05	70	TRUE	TRUE	2019	2020
13	Denmark	13730		The New Right	201906	2019-06-05	70	TRUE	TRUE	2019	2020
14	Finland	14221	SKDL	Finnish People’s Democratic Union	194503	1945-03-18	20	FALSE	FALSE	1945	1950
14	Finland	14320	SSDP	Finnish Social Democrats	194503	1945-03-18	30	FALSE	FALSE	1945	1950
14	Finland	14420	KE	National Progressive Party	194503	1945-03-18	40	FALSE	FALSE	1945	1950
14	Finland	14620	KK	National Coalition	194503	1945-03-18	60	FALSE	FALSE	1945	1950
14	Finland	14810	Maal	Agrarian Union	194503	1945-03-18	80	FALSE	FALSE	1945	1950
14	Finland	14901	RKP/SFP	Swedish People’s Party	194503	1945-03-18	90	FALSE	FALSE	1945	1950
14	Finland	14221	SKDL	Finnish People’s Democratic Union	194807	1948-07-02	20	FALSE	FALSE	1948	1950
14	Finland	14320	SSDP	Finnish Social Democrats	194807	1948-07-02	30	FALSE	FALSE	1948	1950
14	Finland	14420	KE	National Progressive Party	194807	1948-07-02	40	FALSE	FALSE	1948	1950
14	Finland	14620	KK	National Coalition	194807	1948-07-02	60	FALSE	FALSE	1948	1950
14	Finland	14810	Maal	Agrarian Union	194807	1948-07-02	80	FALSE	FALSE	1948	1950
14	Finland	14901	RKP/SFP	Swedish People’s Party	194807	1948-07-02	90	FALSE	FALSE	1948	1950
14	Finland	14221	SKDL	Finnish People’s Democratic Union	195107	1951-07-03	20	FALSE	FALSE	1951	1950
14	Finland	14320	SSDP	Finnish Social Democrats	195107	1951-07-03	30	FALSE	FALSE	1951	1950
14	Finland	14420	SK	Finnish People’s Party	195107	1951-07-03	40	FALSE	FALSE	1951	1950
14	Finland	14620	KK	National Coalition	195107	1951-07-03	60	FALSE	FALSE	1951	1950
14	Finland	14810	Maal	Agrarian Union	195107	1951-07-03	80	FALSE	FALSE	1951	1950
14	Finland	14901	RKP/SFP	Swedish People’s Party	195107	1951-07-03	90	FALSE	FALSE	1951	1950
14	Finland	14221	SKDL	Finnish People’s Democratic Union	195403	1954-03-08	20	FALSE	FALSE	1954	1950
14	Finland	14320	SSDP	Finnish Social Democrats	195403	1954-03-08	30	FALSE	FALSE	1954	1950
14	Finland	14420	SK	Finnish People’s Party	195403	1954-03-08	40	FALSE	FALSE	1954	1950
14	Finland	14620	KK	National Coalition	195403	1954-03-08	60	FALSE	FALSE	1954	1950
14	Finland	14810	Maal	Agrarian Union	195403	1954-03-08	80	FALSE	FALSE	1954	1950
14	Finland	14901	RKP/SFP	Swedish People’s Party	195403	1954-03-08	90	FALSE	FALSE	1954	1950
14	Finland	14221	SKDL	Finnish People’s Democratic Union	195807	1958-07-07	20	FALSE	FALSE	1958	1960
14	Finland	14310	TPSL	Social Democratic League of Workers and Smallholders	195807	1958-07-07	30	FALSE	FALSE	1958	1960
14	Finland	14320	SSDP	Finnish Social Democrats	195807	1958-07-07	30	FALSE	FALSE	1958	1960
14	Finland	14420	SK	Finnish People’s Party	195807	1958-07-07	40	FALSE	FALSE	1958	1960
14	Finland	14620	KK	National Coalition	195807	1958-07-07	60	FALSE	FALSE	1958	1960
14	Finland	14810	Maal	Agrarian Union	195807	1958-07-07	80	FALSE	FALSE	1958	1960
14	Finland	14901	RKP/SFP	Swedish People’s Party	195807	1958-07-07	90	FALSE	FALSE	1958	1960
14	Finland	14221	SKDL	Finnish People’s Democratic Union	196202	1962-02-05	20	FALSE	FALSE	1962	1960
14	Finland	14310	TPSL	Social Democratic League of Workers and Smallholders	196202	1962-02-05	30	FALSE	FALSE	1962	1960
14	Finland	14320	SSDP	Finnish Social Democrats	196202	1962-02-05	30	FALSE	FALSE	1962	1960
14	Finland	14420	SK	Finnish People’s Party	196202	1962-02-05	40	FALSE	FALSE	1962	1960
14	Finland	14620	KK	National Coalition	196202	1962-02-05	60	FALSE	FALSE	1962	1960
14	Finland	14810	Maal	Agrarian Union	196202	1962-02-05	80	FALSE	FALSE	1962	1960
14	Finland	14901	RKP/SFP	Swedish People’s Party	196202	1962-02-05	90	FALSE	FALSE	1962	1960
14	Finland	14221	SKDL	Finnish People’s Democratic Union	196603	1966-03-21	20	FALSE	FALSE	1966	1970
14	Finland	14310	TPSL	Social Democratic League of Workers and Smallholders	196603	1966-03-21	30	FALSE	FALSE	1966	1970
14	Finland	14320	SSDP	Finnish Social Democrats	196603	1966-03-21	30	FALSE	FALSE	1966	1970
14	Finland	14420	LKP	Liberal People’s Party	196603	1966-03-21	40	FALSE	FALSE	1966	1970
14	Finland	14620	KK	National Coalition	196603	1966-03-21	60	FALSE	FALSE	1966	1970
14	Finland	14810	KESK	Centre Party	196603	1966-03-21	80	FALSE	FALSE	1966	1970
14	Finland	14820	SPP	Finnish Smallholders’ Party	196603	1966-03-21	70	FALSE	FALSE	1966	1970
14	Finland	14901	RKP/SFP	Swedish People’s Party	196603	1966-03-21	90	FALSE	FALSE	1966	1970
14	Finland	14221	SKDL	Finnish People’s Democratic Union	197003	1970-03-16	20	FALSE	FALSE	1970	1970
14	Finland	14320	SSDP	Finnish Social Democrats	197003	1970-03-16	30	FALSE	FALSE	1970	1970
14	Finland	14420	LKP	Liberal People’s Party	197003	1970-03-16	40	FALSE	FALSE	1970	1970
14	Finland	14520	SKL	Finnish Christian Union	197003	1970-03-16	50	FALSE	FALSE	1970	1970
14	Finland	14620	KK	National Coalition	197003	1970-03-16	60	FALSE	FALSE	1970	1970
14	Finland	14810	KESK	Centre Party	197003	1970-03-16	80	FALSE	FALSE	1970	1970
14	Finland	14820	SMP	Finnish Rural Party	197003	1970-03-16	70	FALSE	FALSE	1970	1970
14	Finland	14901	RKP/SFP	Swedish People’s Party	197003	1970-03-16	90	FALSE	FALSE	1970	1970
14	Finland	14221	SKDL	Finnish People’s Democratic Union	197201	1972-01-03	20	FALSE	FALSE	1972	1970
14	Finland	14320	SSDP	Finnish Social Democrats	197201	1972-01-03	30	FALSE	FALSE	1972	1970
14	Finland	14420	LKP	Liberal People’s Party	197201	1972-01-03	40	FALSE	FALSE	1972	1970
14	Finland	14520	SKL	Finnish Christian Union	197201	1972-01-03	50	FALSE	FALSE	1972	1970
14	Finland	14620	KK	National Coalition	197201	1972-01-03	60	FALSE	FALSE	1972	1970
14	Finland	14810	KESK	Centre Party	197201	1972-01-03	80	FALSE	FALSE	1972	1970
14	Finland	14820	SMP	Finnish Rural Party	197201	1972-01-03	70	FALSE	FALSE	1972	1970
14	Finland	14901	RKP/SFP	Swedish People’s Party	197201	1972-01-03	90	FALSE	FALSE	1972	1970
14	Finland	14221	SKDL	Finnish People’s Democratic Union	197509	1975-09-22	20	FALSE	FALSE	1975	1980
14	Finland	14320	SSDP	Finnish Social Democrats	197509	1975-09-22	30	FALSE	FALSE	1975	1980
14	Finland	14420	LKP	Liberal People’s Party	197509	1975-09-22	40	FALSE	FALSE	1975	1980
14	Finland	14520	SKL	Finnish Christian Union	197509	1975-09-22	50	FALSE	FALSE	1975	1980
14	Finland	14620	KK	National Coalition	197509	1975-09-22	60	FALSE	FALSE	1975	1980
14	Finland	14810	KESK	Centre Party	197509	1975-09-22	80	FALSE	FALSE	1975	1980
14	Finland	14820	SMP	Finnish Rural Party	197509	1975-09-22	70	FALSE	FALSE	1975	1980
14	Finland	14901	RKP/SFP	Swedish People’s Party	197509	1975-09-22	90	FALSE	FALSE	1975	1980
14	Finland	14221	SKDL	Finnish People’s Democratic Union	197903	1979-03-13	20	FALSE	FALSE	1979	1980
14	Finland	14320	SSDP	Finnish Social Democrats	197903	1979-03-13	30	FALSE	FALSE	1979	1980
14	Finland	14420	LKP	Liberal People’s Party	197903	1979-03-13	40	FALSE	FALSE	1979	1980
14	Finland	14520	SKL	Finnish Christian Union	197903	1979-03-13	50	FALSE	FALSE	1979	1980
14	Finland	14620	KK	National Coalition	197903	1979-03-13	60	FALSE	FALSE	1979	1980
14	Finland	14810	KESK	Centre Party	197903	1979-03-13	80	FALSE	FALSE	1979	1980
14	Finland	14820	SMP	Finnish Rural Party	197903	1979-03-13	70	FALSE	FALSE	1979	1980
14	Finland	14901	RKP/SFP	Swedish People’s Party	197903	1979-03-13	90	FALSE	FALSE	1979	1980
14	Finland	14110	VL	Green Union	198303	1983-03-21	10	FALSE	FALSE	1983	1980
14	Finland	14221	SKDL	Finnish People’s Democratic Union	198303	1983-03-21	20	FALSE	FALSE	1983	1980
14	Finland	14320	SSDP	Finnish Social Democrats	198303	1983-03-21	30	FALSE	FALSE	1983	1980
14	Finland	14520	SKL	Finnish Christian Union	198303	1983-03-21	50	FALSE	FALSE	1983	1980
14	Finland	14620	KK	National Coalition	198303	1983-03-21	60	FALSE	FALSE	1983	1980
14	Finland	14810	KESK	Centre Party	198303	1983-03-21	80	FALSE	FALSE	1983	1980
14	Finland	14820	SMP	Finnish Rural Party	198303	1983-03-21	70	FALSE	FALSE	1983	1980
14	Finland	14901	RKP/SFP	Swedish People’s Party	198303	1983-03-21	90	FALSE	FALSE	1983	1980
14	Finland	14110	VL	Green Union	198703	1987-03-16	10	FALSE	FALSE	1987	1990
14	Finland	14221	SKDL	Finnish People’s Democratic Union	198703	1987-03-16	20	FALSE	FALSE	1987	1990
14	Finland	14222	Deva	Democratic Alternative	198703	1987-03-16	20	FALSE	FALSE	1987	1990
14	Finland	14320	SSDP	Finnish Social Democrats	198703	1987-03-16	30	FALSE	FALSE	1987	1990
14	Finland	14520	SKL	Finnish Christian Union	198703	1987-03-16	50	FALSE	FALSE	1987	1990
14	Finland	14620	KK	National Coalition	198703	1987-03-16	60	FALSE	FALSE	1987	1990
14	Finland	14810	KESK	Centre Party	198703	1987-03-16	80	FALSE	FALSE	1987	1990
14	Finland	14820	SMP	Finnish Rural Party	198703	1987-03-16	70	FALSE	FALSE	1987	1990
14	Finland	14901	RKP/SFP	Swedish People’s Party	198703	1987-03-16	90	FALSE	FALSE	1987	1990
14	Finland	14110	VL	Green Union	199103	1991-03-17	10	FALSE	FALSE	1991	1990
14	Finland	14223	VAS	Left Wing Alliance	199103	1991-03-17	20	FALSE	FALSE	1991	1990
14	Finland	14320	SSDP	Finnish Social Democrats	199103	1991-03-17	30	FALSE	FALSE	1991	1990
14	Finland	14420	LKP	Liberal People’s Party	199103	1991-03-17	40	FALSE	FALSE	1991	1990
14	Finland	14520	SKL	Finnish Christian Union	199103	1991-03-17	50	FALSE	FALSE	1991	1990
14	Finland	14620	KK	National Coalition	199103	1991-03-17	60	FALSE	FALSE	1991	1990
14	Finland	14810	SK	Finnish Centre	199103	1991-03-17	80	FALSE	FALSE	1991	1990
14	Finland	14820	SMP	Finnish Rural Party	199103	1991-03-17	70	FALSE	FALSE	1991	1990
14	Finland	14901	RKP/SFP	Swedish People’s Party	199103	1991-03-17	90	FALSE	FALSE	1991	1990
14	Finland	14110	VL	Green Union	199503	1995-03-19	10	FALSE	FALSE	1995	2000
14	Finland	14223	VAS	Left Wing Alliance	199503	1995-03-19	20	FALSE	FALSE	1995	2000
14	Finland	14320	SSDP	Finnish Social Democrats	199503	1995-03-19	30	FALSE	FALSE	1995	2000
14	Finland	14430	NSP	Young Finnish Party	199503	1995-03-19	40	FALSE	FALSE	1995	2000
14	Finland	14520	SKL	Finnish Christian Union	199503	1995-03-19	50	FALSE	FALSE	1995	2000
14	Finland	14620	KK	National Coalition	199503	1995-03-19	60	FALSE	FALSE	1995	2000
14	Finland	14810	SK	Finnish Centre	199503	1995-03-19	80	FALSE	FALSE	1995	2000
14	Finland	14820	SMP	Finnish Rural Party	199503	1995-03-19	70	FALSE	FALSE	1995	2000
14	Finland	14901	RKP/SFP	Swedish People’s Party	199503	1995-03-19	90	FALSE	FALSE	1995	2000
14	Finland	14110	VL	Green Union	199903	1999-03-21	10	FALSE	FALSE	1999	2000
14	Finland	14223	VAS	Left Wing Alliance	199903	1999-03-21	20	FALSE	FALSE	1999	2000
14	Finland	14320	SSDP	Finnish Social Democrats	199903	1999-03-21	30	FALSE	FALSE	1999	2000
14	Finland	14520	SKL	Finnish Christian Union	199903	1999-03-21	50	FALSE	FALSE	1999	2000
14	Finland	14620	KK	National Coalition	199903	1999-03-21	60	FALSE	FALSE	1999	2000
14	Finland	14810	SK	Finnish Centre	199903	1999-03-21	80	FALSE	FALSE	1999	2000
14	Finland	14820	PS	True Finns	199903	1999-03-21	70	FALSE	FALSE	1999	2000
14	Finland	14901	RKP/SFP	Swedish People’s Party	199903	1999-03-21	90	FALSE	FALSE	1999	2000
14	Finland	14110	VL	Green Union	200303	2003-03-16	10	FALSE	FALSE	2003	2000
14	Finland	14223	VAS	Left Wing Alliance	200303	2003-03-16	20	FALSE	FALSE	2003	2000
14	Finland	14320	SSDP	Finnish Social Democrats	200303	2003-03-16	30	FALSE	FALSE	2003	2000
14	Finland	14520	KD	Christian Democrats in Finland	200303	2003-03-16	50	FALSE	FALSE	2003	2000
14	Finland	14620	KK	National Coalition	200303	2003-03-16	60	FALSE	FALSE	2003	2000
14	Finland	14810	SK	Finnish Centre	200303	2003-03-16	80	FALSE	FALSE	2003	2000
14	Finland	14820	PS	True Finns	200303	2003-03-16	70	FALSE	FALSE	2003	2000
14	Finland	14901	RKP/SFP	Swedish People’s Party	200303	2003-03-16	90	FALSE	FALSE	2003	2000
14	Finland	14110	VL	Green Union	200703	2007-03-18	10	TRUE	TRUE	2007	2010
14	Finland	14223	VAS	Left Wing Alliance	200703	2007-03-18	20	TRUE	TRUE	2007	2010
14	Finland	14320	SSDP	Finnish Social Democrats	200703	2007-03-18	30	TRUE	TRUE	2007	2010
14	Finland	14520	KD	Christian Democrats in Finland	200703	2007-03-18	50	TRUE	TRUE	2007	2010
14	Finland	14620	KK	National Coalition	200703	2007-03-18	60	TRUE	TRUE	2007	2010
14	Finland	14810	SK	Finnish Centre	200703	2007-03-18	80	TRUE	TRUE	2007	2010
14	Finland	14820	PS	True Finns	200703	2007-03-18	70	TRUE	TRUE	2007	2010
14	Finland	14901	RKP/SFP	Swedish People’s Party	200703	2007-03-18	90	TRUE	TRUE	2007	2010
14	Finland	14110	VL	Green Union	201104	2011-04-17	10	TRUE	TRUE	2011	2010
14	Finland	14223	VAS	Left Wing Alliance	201104	2011-04-17	20	TRUE	TRUE	2011	2010
14	Finland	14320	SSDP	Finnish Social Democrats	201104	2011-04-17	30	TRUE	TRUE	2011	2010
14	Finland	14520	KD	Christian Democrats in Finland	201104	2011-04-17	50	TRUE	TRUE	2011	2010
14	Finland	14620	KK	National Coalition	201104	2011-04-17	60	TRUE	TRUE	2011	2010
14	Finland	14810	SK	Finnish Centre	201104	2011-04-17	80	TRUE	TRUE	2011	2010
14	Finland	14820	PS	True Finns	201104	2011-04-17	70	TRUE	TRUE	2011	2010
14	Finland	14901	RKP/SFP	Swedish People’s Party	201104	2011-04-17	90	TRUE	TRUE	2011	2010
14	Finland	14110	VL	Green Union	201504	2015-04-19	10	TRUE	TRUE	2015	2020
14	Finland	14223	VAS	Left Wing Alliance	201504	2015-04-19	20	TRUE	TRUE	2015	2020
14	Finland	14320	SSDP	Finnish Social Democrats	201504	2015-04-19	30	TRUE	TRUE	2015	2020
14	Finland	14520	KD	Christian Democrats in Finland	201504	2015-04-19	50	TRUE	TRUE	2015	2020
14	Finland	14620	KK	National Coalition	201504	2015-04-19	60	TRUE	TRUE	2015	2020
14	Finland	14810	SK	Finnish Centre	201504	2015-04-19	80	TRUE	TRUE	2015	2020
14	Finland	14820	PS	True Finns	201504	2015-04-19	70	TRUE	TRUE	2015	2020
14	Finland	14901	RKP/SFP	Swedish People’s Party	201504	2015-04-19	90	TRUE	TRUE	2015	2020
14	Finland	14110	VL	Green Union	201904	2019-04-14	10	TRUE	TRUE	2019	2020
14	Finland	14223	VAS	Left Wing Alliance	201904	2019-04-14	20	TRUE	TRUE	2019	2020
14	Finland	14320	SSDP	Finnish Social Democrats	201904	2019-04-14	30	TRUE	TRUE	2019	2020
14	Finland	14440		Movement Now	201904	2019-04-14	40	TRUE	TRUE	2019	2020
14	Finland	14520	KD	Christian Democrats in Finland	201904	2019-04-14	50	TRUE	TRUE	2019	2020
14	Finland	14620	KK	National Coalition	201904	2019-04-14	60	TRUE	TRUE	2019	2020
14	Finland	14810	SK	Finnish Centre	201904	2019-04-14	80	TRUE	TRUE	2019	2020
14	Finland	14820	PS	True Finns	201904	2019-04-14	70	TRUE	TRUE	2019	2020
14	Finland	14901	RKP/SFP	Swedish People’s Party	201904	2019-04-14	90	TRUE	TRUE	2019	2020
15	Iceland	15220	So	United Socialist Party	194606	1946-06-30	20	FALSE	FALSE	1946	1950
15	Iceland	15320	A	Social Democratic Party	194606	1946-06-30	30	FALSE	FALSE	1946	1950
15	Iceland	15620	Sj	Independence Party	194606	1946-06-30	60	FALSE	FALSE	1946	1950
15	Iceland	15810	F	Progressive Party	194606	1946-06-30	80	FALSE	FALSE	1946	1950
15	Iceland	15220	So	United Socialist Party	194910	1949-10-23	20	FALSE	FALSE	1949	1950
15	Iceland	15320	A	Social Democratic Party	194910	1949-10-23	30	FALSE	FALSE	1949	1950
15	Iceland	15620	Sj	Independence Party	194910	1949-10-23	60	FALSE	FALSE	1949	1950
15	Iceland	15810	F	Progressive Party	194910	1949-10-23	80	FALSE	FALSE	1949	1950
15	Iceland	15220	So	United Socialist Party	195306	1953-06-28	20	FALSE	FALSE	1953	1950
15	Iceland	15320	A	Social Democratic Party	195306	1953-06-28	30	FALSE	FALSE	1953	1950
15	Iceland	15620	Sj	Independence Party	195306	1953-06-28	60	FALSE	FALSE	1953	1950
15	Iceland	15710	Tf	National Preservation Party	195306	1953-06-28	70	FALSE	FALSE	1953	1950
15	Iceland	15810	F	Progressive Party	195306	1953-06-28	80	FALSE	FALSE	1953	1950
15	Iceland	15220	Ab	People’s Alliance	195606	1956-06-24	20	FALSE	FALSE	1956	1960
15	Iceland	15320	A	Social Democratic Party	195606	1956-06-24	30	FALSE	FALSE	1956	1960
15	Iceland	15620	Sj	Independence Party	195606	1956-06-24	60	FALSE	FALSE	1956	1960
15	Iceland	15810	F	Progressive Party	195606	1956-06-24	80	FALSE	FALSE	1956	1960
15	Iceland	15220	Ab	People’s Alliance	195906	1959-06-28	20	FALSE	FALSE	1959	1960
15	Iceland	15320	A	Social Democratic Party	195906	1959-06-28	30	FALSE	FALSE	1959	1960
15	Iceland	15620	Sj	Independence Party	195906	1959-06-28	60	FALSE	FALSE	1959	1960
15	Iceland	15810	F	Progressive Party	195906	1959-06-28	80	FALSE	FALSE	1959	1960
15	Iceland	15220	Ab	People’s Alliance	195910	1959-10-25	20	FALSE	FALSE	1959	1960
15	Iceland	15320	A	Social Democratic Party	195910	1959-10-25	30	FALSE	FALSE	1959	1960
15	Iceland	15620	Sj	Independence Party	195910	1959-10-25	60	FALSE	FALSE	1959	1960
15	Iceland	15810	F	Progressive Party	195910	1959-10-25	80	FALSE	FALSE	1959	1960
15	Iceland	15220	Ab	People’s Alliance	196306	1963-06-09	20	FALSE	FALSE	1963	1960
15	Iceland	15320	A	Social Democratic Party	196306	1963-06-09	30	FALSE	FALSE	1963	1960
15	Iceland	15620	Sj	Independence Party	196306	1963-06-09	60	FALSE	FALSE	1963	1960
15	Iceland	15810	F	Progressive Party	196306	1963-06-09	80	FALSE	FALSE	1963	1960
15	Iceland	15220	Ab	People’s Alliance	196706	1967-06-11	20	FALSE	FALSE	1967	1970
15	Iceland	15320	A	Social Democratic Party	196706	1967-06-11	30	FALSE	FALSE	1967	1970
15	Iceland	15322	SFVM	Union of Liberals and Leftists	196706	1967-06-11	30	FALSE	FALSE	1967	1970
15	Iceland	15620	Sj	Independence Party	196706	1967-06-11	60	FALSE	FALSE	1967	1970
15	Iceland	15810	F	Progressive Party	196706	1967-06-11	80	FALSE	FALSE	1967	1970
15	Iceland	15220	Ab	People’s Alliance	197106	1971-06-13	20	FALSE	FALSE	1971	1970
15	Iceland	15320	A	Social Democratic Party	197106	1971-06-13	30	FALSE	FALSE	1971	1970
15	Iceland	15322	SFVM	Union of Liberals and Leftists	197106	1971-06-13	30	FALSE	FALSE	1971	1970
15	Iceland	15620	Sj	Independence Party	197106	1971-06-13	60	FALSE	FALSE	1971	1970
15	Iceland	15810	F	Progressive Party	197106	1971-06-13	80	FALSE	FALSE	1971	1970
15	Iceland	15220	Ab	People’s Alliance	197406	1974-06-30	20	FALSE	FALSE	1974	1970
15	Iceland	15320	A	Social Democratic Party	197406	1974-06-30	30	FALSE	FALSE	1974	1970
15	Iceland	15322	SFVM	Union of Liberals and Leftists	197406	1974-06-30	30	FALSE	FALSE	1974	1970
15	Iceland	15620	Sj	Independence Party	197406	1974-06-30	60	FALSE	FALSE	1974	1970
15	Iceland	15810	F	Progressive Party	197406	1974-06-30	80	FALSE	FALSE	1974	1970
15	Iceland	15220	Ab	People’s Alliance	197806	1978-06-25	20	FALSE	FALSE	1978	1980
15	Iceland	15320	A	Social Democratic Party	197806	1978-06-25	30	FALSE	FALSE	1978	1980
15	Iceland	15620	Sj	Independence Party	197806	1978-06-25	60	FALSE	FALSE	1978	1980
15	Iceland	15810	F	Progressive Party	197806	1978-06-25	80	FALSE	FALSE	1978	1980
15	Iceland	15220	Ab	People’s Alliance	197912	1979-12-02	20	FALSE	FALSE	1979	1980
15	Iceland	15320	A	Social Democratic Party	197912	1979-12-02	30	FALSE	FALSE	1979	1980
15	Iceland	15620	Sj	Independence Party	197912	1979-12-02	60	FALSE	FALSE	1979	1980
15	Iceland	15810	F	Progressive Party	197912	1979-12-02	80	FALSE	FALSE	1979	1980
15	Iceland	15220	Ab	People’s Alliance	198304	1983-04-23	20	FALSE	FALSE	1983	1980
15	Iceland	15320	A	Social Democratic Party	198304	1983-04-23	30	FALSE	FALSE	1983	1980
15	Iceland	15321	BJ	Social Democratic Federation	198304	1983-04-23	30	FALSE	FALSE	1983	1980
15	Iceland	15620	Sj	Independence Party	198304	1983-04-23	60	FALSE	FALSE	1983	1980
15	Iceland	15810	F	Progressive Party	198304	1983-04-23	80	FALSE	FALSE	1983	1980
15	Iceland	15951	Kv	Women’s Alliance	198304	1983-04-23	95	FALSE	FALSE	1983	1980
15	Iceland	15220	Ab	People’s Alliance	198704	1987-04-25	20	FALSE	FALSE	1987	1990
15	Iceland	15320	A	Social Democratic Party	198704	1987-04-25	30	FALSE	FALSE	1987	1990
15	Iceland	15620	Sj	Independence Party	198704	1987-04-25	60	FALSE	FALSE	1987	1990
15	Iceland	15621	Bf	Citizens’ Party	198704	1987-04-25	60	FALSE	FALSE	1987	1990
15	Iceland	15810	F	Progressive Party	198704	1987-04-25	80	FALSE	FALSE	1987	1990
15	Iceland	15951	Kv	Women’s Alliance	198704	1987-04-25	95	FALSE	FALSE	1987	1990
15	Iceland	15220	Ab	People’s Alliance	199104	1991-04-20	20	FALSE	FALSE	1991	1990
15	Iceland	15320	A	Social Democratic Party	199104	1991-04-20	30	FALSE	FALSE	1991	1990
15	Iceland	15620	Sj	Independence Party	199104	1991-04-20	60	FALSE	FALSE	1991	1990
15	Iceland	15810	F	Progressive Party	199104	1991-04-20	80	FALSE	FALSE	1991	1990
15	Iceland	15951	Kv	Women’s Alliance	199104	1991-04-20	95	FALSE	FALSE	1991	1990
15	Iceland	15220	Ab	People’s Alliance	199504	1995-04-08	20	FALSE	FALSE	1995	2000
15	Iceland	15320	A	Social Democratic Party	199504	1995-04-08	30	FALSE	FALSE	1995	2000
15	Iceland	15323	TfFf	Awakening of the Nation	199504	1995-04-08	30	FALSE	FALSE	1995	2000
15	Iceland	15620	Sj	Independence Party	199504	1995-04-08	60	FALSE	FALSE	1995	2000
15	Iceland	15810	F	Progressive Party	199504	1995-04-08	80	FALSE	FALSE	1995	2000
15	Iceland	15951	Kv	Women’s Alliance	199504	1995-04-08	95	FALSE	FALSE	1995	2000
15	Iceland	15111	VGF	Left Green Movement	199905	1999-05-08	10	FALSE	FALSE	1999	2000
15	Iceland	15328	S	The Alliance	199905	1999-05-08	30	FALSE	FALSE	1999	2000
15	Iceland	15420	FF	Liberal Party	199905	1999-05-08	40	FALSE	FALSE	1999	2000
15	Iceland	15620	Sj	Independence Party	199905	1999-05-08	60	FALSE	FALSE	1999	2000
15	Iceland	15810	F	Progressive Party	199905	1999-05-08	80	FALSE	FALSE	1999	2000
15	Iceland	15111	VGF	Left Green Movement	200305	2003-05-10	10	TRUE	FALSE	2003	2000
15	Iceland	15328	S	The Alliance	200305	2003-05-10	30	TRUE	FALSE	2003	2000
15	Iceland	15420	FF	Liberal Party	200305	2003-05-10	40	TRUE	FALSE	2003	2000
15	Iceland	15620	Sj	Independence Party	200305	2003-05-10	60	TRUE	FALSE	2003	2000
15	Iceland	15810	F	Progressive Party	200305	2003-05-10	80	FALSE	FALSE	2003	2000
15	Iceland	15111	VGF	Left Green Movement	200705	2007-05-12	10	TRUE	FALSE	2007	2010
15	Iceland	15328	S	The Alliance	200705	2007-05-12	30	TRUE	FALSE	2007	2010
15	Iceland	15420	FF	Liberal Party	200705	2007-05-12	40	TRUE	FALSE	2007	2010
15	Iceland	15620	Sj	Independence Party	200705	2007-05-12	60	TRUE	FALSE	2007	2010
15	Iceland	15810	F	Progressive Party	200705	2007-05-12	80	FALSE	FALSE	2007	2010
15	Iceland	15111	VGF	Left Green Movement	200904	2009-04-25	10	TRUE	FALSE	2009	2010
15	Iceland	15328	S	The Alliance	200904	2009-04-25	30	TRUE	FALSE	2009	2010
15	Iceland	15430	B	Citizens' Movement	200904	2009-04-25	95	TRUE	FALSE	2009	2010
15	Iceland	15620	Sj	Independence Party	200904	2009-04-25	60	TRUE	FALSE	2009	2010
15	Iceland	15810	F	Progressive Party	200904	2009-04-25	80	TRUE	FALSE	2009	2010
15	Iceland	15111	VGF	Left Green Movement	201304	2013-04-27	10	TRUE	FALSE	2013	2010
15	Iceland	15328	S	The Alliance - Social Democratic Party of Iceland	201304	2013-04-27	30	TRUE	FALSE	2013	2010
15	Iceland	15440	Bf	Bright Future	201304	2013-04-27	40	TRUE	FALSE	2013	2010
15	Iceland	15620	Sj	Independence Party	201304	2013-04-27	60	TRUE	FALSE	2013	2010
15	Iceland	15810	F	Progressive Party	201304	2013-04-27	80	TRUE	FALSE	2013	2010
15	Iceland	15952	Þ	Pirate Party	201304	2013-04-27	95	TRUE	FALSE	2013	2010
15	Iceland	15111	VGF	Left Green Movement	201610	2016-10-29	10	TRUE	FALSE	2016	2020
15	Iceland	15328	S	The Alliance - Social Democratic Party of Iceland	201610	2016-10-29	30	TRUE	FALSE	2016	2020
15	Iceland	15440	Bf	Bright Future	201610	2016-10-29	40	TRUE	FALSE	2016	2020
15	Iceland	15450		Reform Party	201610	2016-10-29	40	TRUE	FALSE	2016	2020
15	Iceland	15620	Sj	Independence Party	201610	2016-10-29	60	TRUE	FALSE	2016	2020
15	Iceland	15810	F	Progressive Party	201610	2016-10-29	80	TRUE	FALSE	2016	2020
15	Iceland	15952	Þ	Pirate Party	201610	2016-10-29	95	TRUE	FALSE	2016	2020
15	Iceland	15111	VGF	Left Green Movement	201710	2017-10-28	10	TRUE	FALSE	2017	2020
15	Iceland	15328	S	The Alliance - Social Democratic Party of Iceland	201710	2017-10-28	30	TRUE	FALSE	2017	2020
15	Iceland	15440	Bf	Bright Future	201710	2017-10-28	40	TRUE	FALSE	2017	2020
15	Iceland	15450		Reform Party	201710	2017-10-28	40	TRUE	FALSE	2017	2020
15	Iceland	15620	Sj	Independence Party	201710	2017-10-28	60	TRUE	FALSE	2017	2020
15	Iceland	15630		Centre Party	201710	2017-10-28	60	FALSE	FALSE	2017	2020
15	Iceland	15810	F	Progressive Party	201710	2017-10-28	80	TRUE	FALSE	2017	2020
15	Iceland	15952	Þ	Pirate Party	201710	2017-10-28	95	TRUE	FALSE	2017	2020
15	Iceland	15953		People’s Party	201710	2017-10-28	95	TRUE	FALSE	2017	2020
15	Iceland	15111	VGF	Left Green Movement	202109	2021-09-25	10	TRUE	FALSE	2021	2020
15	Iceland	15328	S	The Alliance - Social Democratic Party of Iceland	202109	2021-09-25	30	TRUE	FALSE	2021	2020
15	Iceland	15450		Reform Party	202109	2021-09-25	40	TRUE	FALSE	2021	2020
15	Iceland	15620	Sj	Independence Party	202109	2021-09-25	60	TRUE	FALSE	2021	2020
15	Iceland	15630		Centre Party	202109	2021-09-25	60	TRUE	FALSE	2021	2020
15	Iceland	15810	F	Progressive Party	202109	2021-09-25	80	TRUE	FALSE	2021	2020
15	Iceland	15952	Þ	Pirate Party	202109	2021-09-25	95	TRUE	FALSE	2021	2020
15	Iceland	15953		People’s Party	202109	2021-09-25	95	TRUE	FALSE	2021	2020
21	Belgium	21320	BSP/PSB	Belgian Socialist Party	194602	1946-02-17	30	FALSE	FALSE	1946	1950
21	Belgium	21420	LP/PL	Liberal Party	194602	1946-02-17	40	FALSE	FALSE	1946	1950
21	Belgium	21520	PSC/CVP	Francophone Christian Social Party and Flemish Christian People’s Party	194602	1946-02-17	50	FALSE	FALSE	1946	1950
21	Belgium	21320	BSP/PSB	Belgian Socialist Party	194906	1949-06-29	30	FALSE	FALSE	1949	1950
21	Belgium	21420	LP/PL	Liberal Party	194906	1949-06-29	40	FALSE	FALSE	1949	1950
21	Belgium	21520	PSC/CVP	Francophone Christian Social Party and Flemish Christian People’s Party	194906	1949-06-29	50	FALSE	FALSE	1949	1950
21	Belgium	21320	BSP/PSB	Belgian Socialist Party	195006	1950-06-04	30	FALSE	FALSE	1950	1950
21	Belgium	21420	LP/PL	Liberal Party	195006	1950-06-04	40	FALSE	FALSE	1950	1950
21	Belgium	21520	PSC/CVP	Francophone Christian Social Party and Flemish Christian People’s Party	195006	1950-06-04	50	FALSE	FALSE	1950	1950
21	Belgium	21320	BSP/PSB	Belgian Socialist Party	195404	1954-04-11	30	FALSE	FALSE	1954	1950
21	Belgium	21420	LP/PL	Liberal Party	195404	1954-04-11	40	FALSE	FALSE	1954	1950
21	Belgium	21520	PSC/CVP	Francophone Christian Social Party and Flemish Christian People’s Party	195404	1954-04-11	50	FALSE	FALSE	1954	1950
21	Belgium	21913	CVV	Flemish Christian Peoples’ Union	195404	1954-04-11	90	FALSE	FALSE	1954	1950
21	Belgium	21320	BSP/PSB	Belgian Socialist Party	195806	1958-06-01	30	FALSE	FALSE	1958	1960
21	Belgium	21420	LP/PL	Liberal Party	195806	1958-06-01	40	FALSE	FALSE	1958	1960
21	Belgium	21520	PSC/CVP	Francophone Christian Social Party and Flemish Christian People’s Party	195806	1958-06-01	50	FALSE	FALSE	1958	1960
21	Belgium	21913	VU	Peoples’ Union	195806	1958-06-01	90	FALSE	FALSE	1958	1960
21	Belgium	21320	BSP/PSB	Belgian Socialist Party	196103	1961-03-26	30	FALSE	FALSE	1961	1960
21	Belgium	21420	PVV/PLP	Party of Liberty and Progress	196103	1961-03-26	40	FALSE	FALSE	1961	1960
21	Belgium	21520	PSC/CVP	Francophone Christian Social Party and Flemish Christian People’s Party	196103	1961-03-26	50	FALSE	FALSE	1961	1960
21	Belgium	21913	VU	Peoples’ Union	196103	1961-03-26	90	FALSE	FALSE	1961	1960
21	Belgium	21320	BSP/PSB	Belgian Socialist Party	196505	1965-05-23	30	FALSE	FALSE	1965	1970
21	Belgium	21420	PVV/PLP	Party of Liberty and Progress	196505	1965-05-23	40	FALSE	FALSE	1965	1970
21	Belgium	21520	PSC/CVP	Francophone Christian Social Party and Flemish Christian People’s Party	196505	1965-05-23	50	FALSE	FALSE	1965	1970
21	Belgium	21912	FDF	Francophone Democratic Front of Francophones of Brussels	196505	1965-05-23	90	FALSE	FALSE	1965	1970
21	Belgium	21913	VU	Peoples’ Union	196505	1965-05-23	90	FALSE	FALSE	1965	1970
21	Belgium	21320	BSP/PSB	Belgian Socialist Party	196803	1968-03-31	30	FALSE	FALSE	1968	1970
21	Belgium	21420	PVV/PLP	Party of Liberty and Progress	196803	1968-03-31	40	FALSE	FALSE	1968	1970
21	Belgium	21521	CVP	Christian People’s Party	196803	1968-03-31	50	FALSE	FALSE	1968	1970
21	Belgium	21522	PSC	Christian Social Party	196803	1968-03-31	50	FALSE	FALSE	1968	1970
21	Belgium	21911	RW	Walloon Rally	196803	1968-03-31	90	FALSE	FALSE	1968	1970
21	Belgium	21912	FDF	Francophone Democratic Front of Francophones of Brussels	196803	1968-03-31	90	FALSE	FALSE	1968	1970
21	Belgium	21913	VU	Peoples’ Union	196803	1968-03-31	90	FALSE	FALSE	1968	1970
21	Belgium	21320	BSP/PSB	Belgian Socialist Party	197111	1971-11-07	30	FALSE	FALSE	1971	1970
21	Belgium	21421	PVV	Party of Liberty and Progress	197111	1971-11-07	40	FALSE	FALSE	1971	1970
21	Belgium	21422	PLP	Party of Liberty and Progress	197111	1971-11-07	40	FALSE	FALSE	1971	1970
21	Belgium	21424	PLP de la région bruxelloise	Brussels Liberal Party	197111	1971-11-07	40	FALSE	FALSE	1971	1970
21	Belgium	21521	CVP	Christian People’s Party	197111	1971-11-07	50	FALSE	FALSE	1971	1970
21	Belgium	21522	PSC	Christian Social Party	197111	1971-11-07	50	FALSE	FALSE	1971	1970
21	Belgium	21911	RW	Walloon Rally	197111	1971-11-07	90	FALSE	FALSE	1971	1970
21	Belgium	21912	FDF	Francophone Democratic Front of Francophones of Brussels	197111	1971-11-07	90	FALSE	FALSE	1971	1970
21	Belgium	21913	VU	Peoples’ Union	197111	1971-11-07	90	FALSE	FALSE	1971	1970
21	Belgium	21320	BSP/PSB	Belgian Socialist Party	197403	1974-03-10	30	FALSE	FALSE	1974	1970
21	Belgium	21421	PVV	Party of Liberty and Progress	197403	1974-03-10	40	FALSE	FALSE	1974	1970
21	Belgium	21422	PLP	Party of Liberty and Progress	197403	1974-03-10	40	FALSE	FALSE	1974	1970
21	Belgium	21424	PLDP	Liberal Democratic and Pluralist Party	197403	1974-03-10	40	FALSE	FALSE	1974	1970
21	Belgium	21521	CVP	Christian People’s Party	197403	1974-03-10	50	FALSE	FALSE	1974	1970
21	Belgium	21522	PSC	Christian Social Party	197403	1974-03-10	50	FALSE	FALSE	1974	1970
21	Belgium	21911	RW	Walloon Rally	197403	1974-03-10	90	FALSE	FALSE	1974	1970
21	Belgium	21912	FDF	Francophone Democratic Front of Francophones of Brussels	197403	1974-03-10	90	FALSE	FALSE	1974	1970
21	Belgium	21913	VU	Peoples’ Union	197403	1974-03-10	90	FALSE	FALSE	1974	1970
21	Belgium	21320	BSP/PSB	Belgian Socialist Party	197704	1977-04-17	30	FALSE	FALSE	1977	1980
21	Belgium	21421	PVV	Party of Liberty and Progress	197704	1977-04-17	40	FALSE	FALSE	1977	1980
21	Belgium	21422	PRLW	Party of Walloon Reform and Liberty	197704	1977-04-17	40	FALSE	FALSE	1977	1980
21	Belgium	21424	PL	Liberal Party	197704	1977-04-17	40	FALSE	FALSE	1977	1980
21	Belgium	21521	CVP	Christian People’s Party	197704	1977-04-17	50	FALSE	FALSE	1977	1980
21	Belgium	21522	PSC	Christian Social Party	197704	1977-04-17	50	FALSE	FALSE	1977	1980
21	Belgium	21911	RW	Walloon Rally	197704	1977-04-17	90	FALSE	FALSE	1977	1980
21	Belgium	21912	FDF	Francophone Democratic Front of Francophones of Brussels	197704	1977-04-17	90	FALSE	FALSE	1977	1980
21	Belgium	21913	VU	Peoples’ Union	197704	1977-04-17	90	FALSE	FALSE	1977	1980
21	Belgium	21321	SP	Flemish Socialist Party	197812	1978-12-17	30	FALSE	FALSE	1978	1980
21	Belgium	21322	PS	Francophone Socialist Party	197812	1978-12-17	30	FALSE	FALSE	1978	1980
21	Belgium	21421	PVV	Party of Liberty and Progress	197812	1978-12-17	40	FALSE	FALSE	1978	1980
21	Belgium	21422	PRLW	Party of Walloon Reform and Liberty	197812	1978-12-17	40	FALSE	FALSE	1978	1980
21	Belgium	21424	PL	Liberal Party	197812	1978-12-17	40	FALSE	FALSE	1978	1980
21	Belgium	21521	CVP	Christian People’s Party	197812	1978-12-17	50	FALSE	FALSE	1978	1980
21	Belgium	21522	PSC	Christian Social Party	197812	1978-12-17	50	FALSE	FALSE	1978	1980
21	Belgium	21911	RW	Walloon Rally	197812	1978-12-17	90	FALSE	FALSE	1978	1980
21	Belgium	21912	FDF	Francophone Democratic Front of Francophones of Brussels	197812	1978-12-17	90	FALSE	FALSE	1978	1980
21	Belgium	21913	VU	Peoples’ Union	197812	1978-12-17	90	FALSE	FALSE	1978	1980
21	Belgium	21914	VB	Flemish Bloc	197812	1978-12-17	70	FALSE	FALSE	1978	1980
21	Belgium	21111	ECOLO	Ecologists	198111	1981-11-08	10	FALSE	FALSE	1981	1980
21	Belgium	21112	AGALEV	Live Differently	198111	1981-11-08	10	FALSE	FALSE	1981	1980
21	Belgium	21321	SP	Flemish Socialist Party	198111	1981-11-08	30	FALSE	FALSE	1981	1980
21	Belgium	21322	PS	Francophone Socialist Party	198111	1981-11-08	30	FALSE	FALSE	1981	1980
21	Belgium	21421	PVV	Party of Liberty and Progress	198111	1981-11-08	40	FALSE	FALSE	1981	1980
21	Belgium	21422	PRL	Liberal Reformation Party	198111	1981-11-08	40	FALSE	FALSE	1981	1980
21	Belgium	21521	CVP	Christian People’s Party	198111	1981-11-08	50	FALSE	FALSE	1981	1980
21	Belgium	21522	PSC	Christian Social Party	198111	1981-11-08	50	FALSE	FALSE	1981	1980
21	Belgium	21911	RW	Walloon Rally	198111	1981-11-08	90	FALSE	FALSE	1981	1980
21	Belgium	21912	FDF	Francophone Democratic Front of Francophones of Brussels	198111	1981-11-08	90	FALSE	FALSE	1981	1980
21	Belgium	21913	VU	Peoples’ Union	198111	1981-11-08	90	FALSE	FALSE	1981	1980
21	Belgium	21914	VB	Flemish Bloc	198111	1981-11-08	70	FALSE	FALSE	1981	1980
21	Belgium	21111	ECOLO	Ecologists	198510	1985-10-13	10	FALSE	FALSE	1985	1990
21	Belgium	21112	AGALEV	Live Differently	198510	1985-10-13	10	FALSE	FALSE	1985	1990
21	Belgium	21321	SP	Flemish Socialist Party	198510	1985-10-13	30	FALSE	FALSE	1985	1990
21	Belgium	21322	PS	Francophone Socialist Party	198510	1985-10-13	30	FALSE	FALSE	1985	1990
21	Belgium	21421	PVV	Party of Liberty and Progress	198510	1985-10-13	40	FALSE	FALSE	1985	1990
21	Belgium	21422	PRL	Liberal Reformation Party	198510	1985-10-13	40	FALSE	FALSE	1985	1990
21	Belgium	21521	CVP	Christian People’s Party	198510	1985-10-13	50	FALSE	FALSE	1985	1990
21	Belgium	21522	PSC	Christian Social Party	198510	1985-10-13	50	FALSE	FALSE	1985	1990
21	Belgium	21912	FDF	Francophone Democratic Front of Francophones	198510	1985-10-13	90	FALSE	FALSE	1985	1990
21	Belgium	21913	VU	Peoples’ Union	198510	1985-10-13	90	FALSE	FALSE	1985	1990
21	Belgium	21914	VB	Flemish Bloc	198510	1985-10-13	70	FALSE	FALSE	1985	1990
21	Belgium	21111	ECOLO	Ecologists	198712	1987-12-13	10	FALSE	FALSE	1987	1990
21	Belgium	21112	AGALEV	Live Differently	198712	1987-12-13	10	FALSE	FALSE	1987	1990
21	Belgium	21321	SP	Flemish Socialist Party	198712	1987-12-13	30	FALSE	FALSE	1987	1990
21	Belgium	21322	PS	Francophone Socialist Party	198712	1987-12-13	30	FALSE	FALSE	1987	1990
21	Belgium	21421	PVV	Party of Liberty and Progress	198712	1987-12-13	40	FALSE	FALSE	1987	1990
21	Belgium	21422	PRL	Liberal Reformation Party	198712	1987-12-13	40	FALSE	FALSE	1987	1990
21	Belgium	21521	CVP	Christian People’s Party	198712	1987-12-13	50	FALSE	FALSE	1987	1990
21	Belgium	21522	PSC	Christian Social Party	198712	1987-12-13	50	FALSE	FALSE	1987	1990
21	Belgium	21912	FDF	Francophone Democratic Front of Francophones	198712	1987-12-13	90	FALSE	FALSE	1987	1990
21	Belgium	21913	VU	Peoples’ Union	198712	1987-12-13	90	FALSE	FALSE	1987	1990
21	Belgium	21914	VB	Flemish Bloc	198712	1987-12-13	70	FALSE	FALSE	1987	1990
21	Belgium	21111	ECOLO	Ecologists	199111	1991-11-24	10	FALSE	FALSE	1991	1990
21	Belgium	21112	AGALEV	Live Differently	199111	1991-11-24	10	FALSE	FALSE	1991	1990
21	Belgium	21321	SP	Flemish Socialist Party	199111	1991-11-24	30	FALSE	FALSE	1991	1990
21	Belgium	21322	PS	Francophone Socialist Party	199111	1991-11-24	30	FALSE	FALSE	1991	1990
21	Belgium	21421	PVV	Party of Liberty and Progress	199111	1991-11-24	40	FALSE	FALSE	1991	1990
21	Belgium	21422	PRL	Liberal Reformation Party	199111	1991-11-24	40	FALSE	FALSE	1991	1990
21	Belgium	21521	CVP	Christian People’s Party	199111	1991-11-24	50	FALSE	FALSE	1991	1990
21	Belgium	21522	PSC	Christian Social Party	199111	1991-11-24	50	FALSE	FALSE	1991	1990
21	Belgium	21912	FDF	Francophone Democratic Front of Francophones	199111	1991-11-24	90	FALSE	FALSE	1991	1990
21	Belgium	21913	VU	Peoples’ Union	199111	1991-11-24	90	FALSE	FALSE	1991	1990
21	Belgium	21914	VB	Flemish Bloc	199111	1991-11-24	70	FALSE	FALSE	1991	1990
21	Belgium	21111	ECOLO	Ecologists	199505	1995-05-21	10	FALSE	FALSE	1995	2000
21	Belgium	21112	AGALEV	Live Differently	199505	1995-05-21	10	FALSE	FALSE	1995	2000
21	Belgium	21321	SP	Flemish Socialist Party	199505	1995-05-21	30	FALSE	FALSE	1995	2000
21	Belgium	21322	PS	Francophone Socialist Party	199505	1995-05-21	30	FALSE	FALSE	1995	2000
21	Belgium	21421	VLD	Flemish Liberals and Democrats	199505	1995-05-21	40	FALSE	FALSE	1995	2000
21	Belgium	21423	PRL-FDF	Liberal Reformation Party - Francophone Democratic Front	199505	1995-05-21	40	FALSE	FALSE	1995	2000
21	Belgium	21521	CVP	Christian People’s Party	199505	1995-05-21	50	FALSE	FALSE	1995	2000
21	Belgium	21522	PSC	Christian Social Party	199505	1995-05-21	50	FALSE	FALSE	1995	2000
21	Belgium	21913	VU	Peoples’ Union	199505	1995-05-21	90	FALSE	FALSE	1995	2000
21	Belgium	21914	VB	Flemish Bloc	199505	1995-05-21	70	FALSE	FALSE	1995	2000
21	Belgium	21111	ECOLO	Ecologists	199906	1999-06-13	10	FALSE	FALSE	1999	2000
21	Belgium	21112	AGALEV	Live Differently	199906	1999-06-13	10	FALSE	FALSE	1999	2000
21	Belgium	21321	SP	Flemish Socialist Party	199906	1999-06-13	30	FALSE	FALSE	1999	2000
21	Belgium	21322	PS	Francophone Socialist Party	199906	1999-06-13	30	FALSE	FALSE	1999	2000
21	Belgium	21421	VLD	Flemish Liberals and Democrats	199906	1999-06-13	40	FALSE	FALSE	1999	2000
21	Belgium	21425	PRL-FDF-MCC	Liberal Reformation Party - Francophone Democratic Front - Citizens’ Movement for Change	199906	1999-06-13	40	FALSE	FALSE	1999	2000
21	Belgium	21521	CD&V	Christian Democratic and Flemish	199906	1999-06-13	50	FALSE	FALSE	1999	2000
21	Belgium	21522	PSC	Christian Social Party	199906	1999-06-13	50	FALSE	FALSE	1999	2000
21	Belgium	21914	VB	Flemish Bloc	199906	1999-06-13	70	FALSE	FALSE	1999	2000
21	Belgium	21915	VU-ID21	People’s Union - Complete Democracy for the 21st century	199906	1999-06-13	90	FALSE	FALSE	1999	2000
21	Belgium	21111	ECOLO	Ecologists	200305	2003-05-18	10	FALSE	FALSE	2003	2000
21	Belgium	21112	AGALEV	Live Differently	200305	2003-05-18	10	FALSE	FALSE	2003	2000
21	Belgium	21221	sp.a-SPIRIT	Socialist Party Different - Spirit	200305	2003-05-18	30	FALSE	FALSE	2003	2000
21	Belgium	21322	PS	Francophone Socialist Party	200305	2003-05-18	30	FALSE	FALSE	2003	2000
21	Belgium	21421	VLD	Flemish Liberals and Democrats	200305	2003-05-18	40	FALSE	FALSE	2003	2000
21	Belgium	21426	MR	Reform Movement	200305	2003-05-18	40	FALSE	FALSE	2003	2000
21	Belgium	21521	CD&V	Christian Democratic and Flemish	200305	2003-05-18	50	FALSE	FALSE	2003	2000
21	Belgium	21522	cdH	Humanist Democratic Centre	200305	2003-05-18	50	FALSE	FALSE	2003	2000
21	Belgium	21914	VB	Flemish Bloc	200305	2003-05-18	70	FALSE	FALSE	2003	2000
21	Belgium	21916	N-VA	New Flemish Alliance	200305	2003-05-18	90	FALSE	FALSE	2003	2000
21	Belgium	21111	ECOLO	Ecologists	200706	2007-06-10	10	TRUE	TRUE	2007	2010
21	Belgium	21112	groen!	Green!	200706	2007-06-10	10	TRUE	TRUE	2007	2010
21	Belgium	21221	sp.a-SPIRIT	Socialist Party Different - Spirit	200706	2007-06-10	30	TRUE	TRUE	2007	2010
21	Belgium	21321	sp.a	Socialist Party Different	200706	2007-06-10	30	TRUE	TRUE	2007	2010
21	Belgium	21322	PS	Francophone Socialist Party	200706	2007-06-10	30	TRUE	TRUE	2007	2010
21	Belgium	21330	SPIRIT	Social, Progressive, International, Regionalist, Integrally Democartic  and Forward-Looking	200706	2007-06-10	30	TRUE	TRUE	2007	2010
21	Belgium	21421	openVLD	Open Flemish Liberals and Democrats	200706	2007-06-10	40	TRUE	TRUE	2007	2010
21	Belgium	21426	MR	Reform Movement	200706	2007-06-10	40	TRUE	TRUE	2007	2010
21	Belgium	21430	LDD	List Dedecker	200706	2007-06-10	40	TRUE	TRUE	2007	2010
21	Belgium	21521	CD&V	Christian Democratic and Flemish	200706	2007-06-10	50	TRUE	TRUE	2007	2010
21	Belgium	21522	cdH	Humanist Democratic Centre	200706	2007-06-10	50	TRUE	TRUE	2007	2010
21	Belgium	21916	N-VA	New Flemish Alliance	200706	2007-06-10	90	TRUE	TRUE	2007	2010
21	Belgium	21917	VB	Flemish Interest	200706	2007-06-10	70	TRUE	TRUE	2007	2010
21	Belgium	21111	ECOLO	Ecologists	201006	2010-06-13	10	TRUE	TRUE	2010	2010
21	Belgium	21112	groen!	Green!	201006	2010-06-13	10	TRUE	TRUE	2010	2010
21	Belgium	21321	sp.a	Socialist Party Different	201006	2010-06-13	30	TRUE	TRUE	2010	2010
21	Belgium	21322	PS	Francophone Socialist Party	201006	2010-06-13	30	TRUE	TRUE	2010	2010
21	Belgium	21421	openVLD	Open Flemish Liberals and Democrats	201006	2010-06-13	40	TRUE	TRUE	2010	2010
21	Belgium	21426	MR	Reform Movement	201006	2010-06-13	40	TRUE	TRUE	2010	2010
21	Belgium	21430	LDD	List Dedecker	201006	2010-06-13	40	TRUE	TRUE	2010	2010
21	Belgium	21521	CD&V	Christian Democratic and Flemish	201006	2010-06-13	50	TRUE	TRUE	2010	2010
21	Belgium	21522	cdH	Humanist Democratic Centre	201006	2010-06-13	50	TRUE	TRUE	2010	2010
21	Belgium	21916	N-VA	New Flemish Alliance	201006	2010-06-13	90	TRUE	TRUE	2010	2010
21	Belgium	21917	VB	Flemish Interest	201006	2010-06-13	70	TRUE	TRUE	2010	2010
21	Belgium	21112	groen!	Green!	201405	2014-05-25	10	TRUE	TRUE	2014	2010
21	Belgium	21230	PTB/PVDA	Workers' Party of Belgium	201405	2014-05-25	20	TRUE	TRUE	2014	2010
21	Belgium	21321	sp.a	Socialist Party Different	201405	2014-05-25	30	TRUE	TRUE	2014	2010
21	Belgium	21322	PS	Francophone Socialist Party	201405	2014-05-25	30	TRUE	TRUE	2014	2010
21	Belgium	21421	openVLD	Open Flemish Liberals and Democrats	201405	2014-05-25	40	TRUE	TRUE	2014	2010
21	Belgium	21426	MR	Reform Movement	201405	2014-05-25	40	TRUE	TRUE	2014	2010
21	Belgium	21521	CD&V	Christian Democratic and Flemish	201405	2014-05-25	50	TRUE	TRUE	2014	2010
21	Belgium	21522	cdH	Humanist Democratic Centre	201405	2014-05-25	50	TRUE	TRUE	2014	2010
21	Belgium	21710	PP	People's Party	201405	2014-05-25	70	TRUE	TRUE	2014	2010
21	Belgium	21912	FDF	Francophone Democratic Front of Francophones	201405	2014-05-25	90	TRUE	TRUE	2014	2010
21	Belgium	21916	N-VA	New Flemish Alliance	201405	2014-05-25	90	TRUE	TRUE	2014	2010
21	Belgium	21917	VB	Flemish Interest	201405	2014-05-25	70	TRUE	TRUE	2014	2010
21	Belgium	21112	groen!	Green!	201905	2019-05-26	10	TRUE	TRUE	2019	2020
21	Belgium	21230	PTB/PVDA	Workers' Party of Belgium	201905	2019-05-26	20	TRUE	TRUE	2019	2020
21	Belgium	21321	sp.a	Socialist Party Different	201905	2019-05-26	30	TRUE	TRUE	2019	2020
21	Belgium	21421	openVLD	Open Flemish Liberals and Democrats	201905	2019-05-26	40	TRUE	TRUE	2019	2020
21	Belgium	21521	CD&V	Christian Democratic and Flemish	201905	2019-05-26	50	TRUE	TRUE	2019	2020
21	Belgium	21916	N-VA	New Flemish Alliance	201905	2019-05-26	90	TRUE	TRUE	2019	2020
21	Belgium	21917	VB	Flemish Interest	201905	2019-05-26	70	TRUE	TRUE	2019	2020
22	Netherlands	22210	CPN	Communist Party of the Netherlands	194605	1946-05-17	20	TRUE	TRUE	1946	1950
22	Netherlands	22320	PvdA	Labour Party	194605	1946-05-17	30	FALSE	FALSE	1946	1950
22	Netherlands	22420	PvdV	Freedom Party	194605	1946-05-17	40	FALSE	FALSE	1946	1950
22	Netherlands	22522	KVP	Catholic People’s Party	194605	1946-05-17	50	FALSE	FALSE	1946	1950
22	Netherlands	22523	ARP	Anti-Revolutionary Party	194605	1946-05-17	50	FALSE	FALSE	1946	1950
22	Netherlands	22525	CHU	Christian Historical Union	194605	1946-05-17	50	FALSE	FALSE	1946	1950
22	Netherlands	22952	SGP	Reformed Political Party	194605	1946-05-17	95	TRUE	TRUE	1946	1950
22	Netherlands	22210	CPN	Communist Party of the Netherlands	194807	1948-07-07	20	TRUE	TRUE	1948	1950
22	Netherlands	22320	PvdA	Labour Party	194807	1948-07-07	30	FALSE	FALSE	1948	1950
22	Netherlands	22420	VVD	People’s Party for Freedom and Democracy	194807	1948-07-07	40	FALSE	FALSE	1948	1950
22	Netherlands	22522	KVP	Catholic People’s Party	194807	1948-07-07	50	FALSE	FALSE	1948	1950
22	Netherlands	22523	ARP	Anti-Revolutionary Party	194807	1948-07-07	50	FALSE	FALSE	1948	1950
22	Netherlands	22525	CHU	Christian Historical Union	194807	1948-07-07	50	FALSE	FALSE	1948	1950
22	Netherlands	22952	SGP	Reformed Political Party	194807	1948-07-07	95	TRUE	TRUE	1948	1950
22	Netherlands	22320	PvdA	Labour Party	195206	1952-06-25	30	FALSE	FALSE	1952	1950
22	Netherlands	22420	VVD	People’s Party for Freedom and Democracy	195206	1952-06-25	40	FALSE	FALSE	1952	1950
22	Netherlands	22522	KVP	Catholic People’s Party	195206	1952-06-25	50	FALSE	FALSE	1952	1950
22	Netherlands	22523	ARP	Anti-Revolutionary Party	195206	1952-06-25	50	FALSE	FALSE	1952	1950
22	Netherlands	22525	CHU	Christian Historical Union	195206	1952-06-25	50	FALSE	FALSE	1952	1950
22	Netherlands	22320	PvdA	Labour Party	195606	1956-06-13	30	FALSE	FALSE	1956	1960
22	Netherlands	22420	VVD	People’s Party for Freedom and Democracy	195606	1956-06-13	40	FALSE	FALSE	1956	1960
22	Netherlands	22522	KVP	Catholic People’s Party	195606	1956-06-13	50	FALSE	FALSE	1956	1960
22	Netherlands	22523	ARP	Anti-Revolutionary Party	195606	1956-06-13	50	FALSE	FALSE	1956	1960
22	Netherlands	22525	CHU	Christian Historical Union	195606	1956-06-13	50	FALSE	FALSE	1956	1960
22	Netherlands	22320	PvdA	Labour Party	195903	1959-03-12	30	FALSE	FALSE	1959	1960
22	Netherlands	22420	VVD	People’s Party for Freedom and Democracy	195903	1959-03-12	40	FALSE	FALSE	1959	1960
22	Netherlands	22522	KVP	Catholic People’s Party	195903	1959-03-12	50	FALSE	FALSE	1959	1960
22	Netherlands	22523	ARP	Anti-Revolutionary Party	195903	1959-03-12	50	FALSE	FALSE	1959	1960
22	Netherlands	22525	CHU	Christian Historical Union	195903	1959-03-12	50	FALSE	FALSE	1959	1960
22	Netherlands	22320	PvdA	Labour Party	196305	1963-05-15	30	FALSE	FALSE	1963	1960
22	Netherlands	22420	VVD	People’s Party for Freedom and Democracy	196305	1963-05-15	40	FALSE	FALSE	1963	1960
22	Netherlands	22522	KVP	Catholic People’s Party	196305	1963-05-15	50	FALSE	FALSE	1963	1960
22	Netherlands	22523	ARP	Anti-Revolutionary Party	196305	1963-05-15	50	FALSE	FALSE	1963	1960
22	Netherlands	22525	CHU	Christian Historical Union	196305	1963-05-15	50	FALSE	FALSE	1963	1960
22	Netherlands	22320	PvdA	Labour Party	196702	1967-02-15	30	FALSE	FALSE	1967	1970
22	Netherlands	22330	D’66	Democrats‘66	196702	1967-02-15	40	FALSE	FALSE	1967	1970
22	Netherlands	22420	VVD	People’s Party for Freedom and Democracy	196702	1967-02-15	40	FALSE	FALSE	1967	1970
22	Netherlands	22522	KVP	Catholic People’s Party	196702	1967-02-15	50	FALSE	FALSE	1967	1970
22	Netherlands	22523	ARP	Anti-Revolutionary Party	196702	1967-02-15	50	FALSE	FALSE	1967	1970
22	Netherlands	22525	CHU	Christian Historical Union	196702	1967-02-15	50	FALSE	FALSE	1967	1970
22	Netherlands	22310	PPR	Radical Political Party	197104	1971-04-28	30	FALSE	FALSE	1971	1970
22	Netherlands	22320	PvdA	Labour Party	197104	1971-04-28	30	FALSE	FALSE	1971	1970
22	Netherlands	22330	D’66	Democrats‘66	197104	1971-04-28	40	FALSE	FALSE	1971	1970
22	Netherlands	22420	VVD	People’s Party for Freedom and Democracy	197104	1971-04-28	40	FALSE	FALSE	1971	1970
22	Netherlands	22522	KVP	Catholic People’s Party	197104	1971-04-28	50	FALSE	FALSE	1971	1970
22	Netherlands	22523	ARP	Anti-Revolutionary Party	197104	1971-04-28	50	FALSE	FALSE	1971	1970
22	Netherlands	22524	DS‘70	Democratic Socialists‘70	197104	1971-04-28	50	FALSE	FALSE	1971	1970
22	Netherlands	22525	CHU	Christian Historical Union	197104	1971-04-28	50	FALSE	FALSE	1971	1970
22	Netherlands	22310	PPR	Radical Political Party	197211	1972-11-29	30	FALSE	FALSE	1972	1970
22	Netherlands	22320	PvdA	Labour Party	197211	1972-11-29	30	FALSE	FALSE	1972	1970
22	Netherlands	22330	D’66	Democrats‘66	197211	1972-11-29	40	FALSE	FALSE	1972	1970
22	Netherlands	22420	VVD	People’s Party for Freedom and Democracy	197211	1972-11-29	40	FALSE	FALSE	1972	1970
22	Netherlands	22522	KVP	Catholic People’s Party	197211	1972-11-29	50	FALSE	FALSE	1972	1970
22	Netherlands	22523	ARP	Anti-Revolutionary Party	197211	1972-11-29	50	FALSE	FALSE	1972	1970
22	Netherlands	22524	DS‘70	Democratic Socialists‘70	197211	1972-11-29	50	FALSE	FALSE	1972	1970
22	Netherlands	22525	CHU	Christian Historical Union	197211	1972-11-29	50	FALSE	FALSE	1972	1970
22	Netherlands	22310	PPR	Radical Political Party	197705	1977-05-25	30	FALSE	FALSE	1977	1980
22	Netherlands	22320	PvdA	Labour Party	197705	1977-05-25	30	FALSE	FALSE	1977	1980
22	Netherlands	22330	D’66	Democrats‘66	197705	1977-05-25	40	FALSE	FALSE	1977	1980
22	Netherlands	22420	VVD	People’s Party for Freedom and Democracy	197705	1977-05-25	40	FALSE	FALSE	1977	1980
22	Netherlands	22521	CDA	Christian Democratic Appeal	197705	1977-05-25	50	FALSE	FALSE	1977	1980
22	Netherlands	22524	DS‘70	Democratic Socialists‘70	197705	1977-05-25	50	FALSE	FALSE	1977	1980
22	Netherlands	22310	PPR	Radical Political Party	198105	1981-05-26	30	FALSE	FALSE	1981	1980
22	Netherlands	22320	PvdA	Labour Party	198105	1981-05-26	30	FALSE	FALSE	1981	1980
22	Netherlands	22330	D’66	Democrats‘66	198105	1981-05-26	40	FALSE	FALSE	1981	1980
22	Netherlands	22420	VVD	People’s Party for Freedom and Democracy	198105	1981-05-26	40	FALSE	FALSE	1981	1980
22	Netherlands	22521	CDA	Christian Democratic Appeal	198105	1981-05-26	50	FALSE	FALSE	1981	1980
22	Netherlands	22528	RPF	Reformatory Political Federation	198105	1981-05-26	50	TRUE	TRUE	1981	1980
22	Netherlands	22210	CPN	Communist Party of the Netherlands	198209	1982-09-08	20	TRUE	TRUE	1982	1980
22	Netherlands	22310	PPR	Radical Political Party	198209	1982-09-08	30	FALSE	FALSE	1982	1980
22	Netherlands	22320	PvdA	Labour Party	198209	1982-09-08	30	FALSE	FALSE	1982	1980
22	Netherlands	22330	D’66	Democrats‘66	198209	1982-09-08	40	FALSE	FALSE	1982	1980
22	Netherlands	22420	VVD	People’s Party for Freedom and Democracy	198209	1982-09-08	40	FALSE	FALSE	1982	1980
22	Netherlands	22521	CDA	Christian Democratic Appeal	198209	1982-09-08	50	FALSE	FALSE	1982	1980
22	Netherlands	22527	GPV	Reformed Political League	198209	1982-09-08	50	TRUE	TRUE	1982	1980
22	Netherlands	22528	RPF	Reformatory Political Federation	198209	1982-09-08	50	TRUE	TRUE	1982	1980
22	Netherlands	22710		Centre Party	198209	1982-09-08	70	TRUE	TRUE	1982	1980
22	Netherlands	22952	SGP	Reformed Political Party	198209	1982-09-08	95	TRUE	TRUE	1982	1980
22	Netherlands	22230	PSP	Pacifist Socialist Party	198605	1986-05-21	20	TRUE	TRUE	1986	1990
22	Netherlands	22310	PPR	Radical Political Party	198605	1986-05-21	30	FALSE	FALSE	1986	1990
22	Netherlands	22320	PvdA	Labour Party	198605	1986-05-21	30	FALSE	FALSE	1986	1990
22	Netherlands	22330	D’66	Democrats‘66	198605	1986-05-21	40	FALSE	FALSE	1986	1990
22	Netherlands	22420	VVD	People’s Party for Freedom and Democracy	198605	1986-05-21	40	FALSE	FALSE	1986	1990
22	Netherlands	22521	CDA	Christian Democratic Appeal	198605	1986-05-21	50	FALSE	FALSE	1986	1990
22	Netherlands	22952	SGP	Reformed Political Party	198605	1986-05-21	95	TRUE	TRUE	1986	1990
22	Netherlands	22110	GL	Green Left	198909	1989-09-06	10	FALSE	FALSE	1989	1990
22	Netherlands	22320	PvdA	Labour Party	198909	1989-09-06	30	FALSE	FALSE	1989	1990
22	Netherlands	22330	D’66	Democrats‘66	198909	1989-09-06	40	FALSE	FALSE	1989	1990
22	Netherlands	22420	VVD	People’s Party for Freedom and Democracy	198909	1989-09-06	40	FALSE	FALSE	1989	1990
22	Netherlands	22521	CDA	Christian Democratic Appeal	198909	1989-09-06	50	FALSE	FALSE	1989	1990
22	Netherlands	22527	GPV	Reformed Political League	198909	1989-09-06	50	TRUE	TRUE	1989	1990
22	Netherlands	22528	RPF	Reformatory Political Federation	198909	1989-09-06	50	TRUE	TRUE	1989	1990
22	Netherlands	22711		Centre Democrats	198909	1989-09-06	70	TRUE	TRUE	1989	1990
22	Netherlands	22952	SGP	Reformed Political Party	198909	1989-09-06	95	TRUE	TRUE	1989	1990
22	Netherlands	22110	GL	Green Left	199405	1994-05-03	10	FALSE	FALSE	1994	1990
22	Netherlands	22220	SP	Socialist Party	199405	1994-05-03	20	TRUE	TRUE	1994	1990
22	Netherlands	22320	PvdA	Labour Party	199405	1994-05-03	30	FALSE	FALSE	1994	1990
22	Netherlands	22330	D’66	Democrats‘66	199405	1994-05-03	40	FALSE	FALSE	1994	1990
22	Netherlands	22420	VVD	People’s Party for Freedom and Democracy	199405	1994-05-03	40	FALSE	FALSE	1994	1990
22	Netherlands	22521	CDA	Christian Democratic Appeal	199405	1994-05-03	50	FALSE	FALSE	1994	1990
22	Netherlands	22527	GPV	Reformed Political League	199405	1994-05-03	50	TRUE	TRUE	1994	1990
22	Netherlands	22528	RPF	Reformatory Political Federation	199405	1994-05-03	50	TRUE	TRUE	1994	1990
22	Netherlands	22711		Centre Democrats	199405	1994-05-03	70	TRUE	TRUE	1994	1990
22	Netherlands	22952	SGP	Reformed Political Party	199405	1994-05-03	95	TRUE	TRUE	1994	1990
22	Netherlands	22954	AOV	General Elderly Alliance	199405	1994-05-03	95	TRUE	TRUE	1994	1990
22	Netherlands	22955	Unie 55+	Union 55+	199405	1994-05-03	95	TRUE	TRUE	1994	1990
22	Netherlands	22110	GL	Green Left	199805	1998-05-06	10	FALSE	FALSE	1998	2000
22	Netherlands	22220	SP	Socialist Party	199805	1998-05-06	20	FALSE	FALSE	1998	2000
22	Netherlands	22320	PvdA	Labour Party	199805	1998-05-06	30	FALSE	FALSE	1998	2000
22	Netherlands	22330	D’66	Democrats‘66	199805	1998-05-06	40	FALSE	FALSE	1998	2000
22	Netherlands	22420	VVD	People’s Party for Freedom and Democracy	199805	1998-05-06	40	FALSE	FALSE	1998	2000
22	Netherlands	22521	CDA	Christian Democratic Appeal	199805	1998-05-06	50	FALSE	FALSE	1998	2000
22	Netherlands	22527	GPV	Reformed Political League	199805	1998-05-06	50	TRUE	TRUE	1998	2000
22	Netherlands	22528	RPF	Reformatory Political Federation	199805	1998-05-06	50	TRUE	TRUE	1998	2000
22	Netherlands	22952	SGP	Reformed Political Party	199805	1998-05-06	95	TRUE	TRUE	1998	2000
22	Netherlands	22110	GL	Green Left	200205	2002-05-15	10	FALSE	FALSE	2002	2000
22	Netherlands	22220	SP	Socialist Party	200205	2002-05-15	20	FALSE	FALSE	2002	2000
22	Netherlands	22320	PvdA	Labour Party	200205	2002-05-15	30	FALSE	FALSE	2002	2000
22	Netherlands	22330	D’66	Democrats‘66	200205	2002-05-15	40	FALSE	FALSE	2002	2000
22	Netherlands	22420	VVD	People’s Party for Freedom and Democracy	200205	2002-05-15	40	FALSE	FALSE	2002	2000
22	Netherlands	22430	LN	Livable Netherlands	200205	2002-05-15	40	FALSE	FALSE	2002	2000
22	Netherlands	22521	CDA	Christian Democratic Appeal	200205	2002-05-15	50	FALSE	FALSE	2002	2000
22	Netherlands	22526	CU	Christian Union	200205	2002-05-15	50	FALSE	FALSE	2002	2000
22	Netherlands	22720	LPF	List Pim Fortuyn	200205	2002-05-15	70	FALSE	FALSE	2002	2000
22	Netherlands	22952	SGP	Reformed Political Party	200205	2002-05-15	95	TRUE	TRUE	2002	2000
22	Netherlands	22110	GL	Green Left	200301	2003-01-22	10	FALSE	FALSE	2003	2000
22	Netherlands	22220	SP	Socialist Party	200301	2003-01-22	20	FALSE	FALSE	2003	2000
22	Netherlands	22320	PvdA	Labour Party	200301	2003-01-22	30	FALSE	FALSE	2003	2000
22	Netherlands	22330	D’66	Democrats‘66	200301	2003-01-22	40	FALSE	FALSE	2003	2000
22	Netherlands	22420	VVD	People’s Party for Freedom and Democracy	200301	2003-01-22	40	FALSE	FALSE	2003	2000
22	Netherlands	22430	LN	Livable Netherlands	200301	2003-01-22	40	FALSE	FALSE	2003	2000
22	Netherlands	22521	CDA	Christian Democratic Appeal	200301	2003-01-22	50	FALSE	FALSE	2003	2000
22	Netherlands	22526	CU	Christian Union	200301	2003-01-22	50	FALSE	FALSE	2003	2000
22	Netherlands	22720	LPF	List Pim Fortuyn	200301	2003-01-22	70	FALSE	FALSE	2003	2000
22	Netherlands	22110	GL	Green Left	200611	2006-11-22	10	TRUE	TRUE	2006	2010
22	Netherlands	22220	SP	Socialist Party	200611	2006-11-22	20	TRUE	TRUE	2006	2010
22	Netherlands	22320	PvdA	Labour Party	200611	2006-11-22	30	TRUE	TRUE	2006	2010
22	Netherlands	22330	D’66	Democrats‘66	200611	2006-11-22	40	TRUE	TRUE	2006	2010
22	Netherlands	22420	VVD	People’s Party for Freedom and Democracy	200611	2006-11-22	40	TRUE	TRUE	2006	2010
22	Netherlands	22521	CDA	Christian Democratic Appeal	200611	2006-11-22	50	TRUE	TRUE	2006	2010
22	Netherlands	22526	CU	Christian Union	200611	2006-11-22	50	TRUE	TRUE	2006	2010
22	Netherlands	22722	PVV	Party of Freedom	200611	2006-11-22	70	TRUE	TRUE	2006	2010
22	Netherlands	22951	PvdD	Party for the Animals	200611	2006-11-22	95	TRUE	TRUE	2006	2010
22	Netherlands	22952	SGP	Reformed Political Party	200611	2006-11-22	95	TRUE	TRUE	2006	2010
22	Netherlands	22110	GL	Green Left	201006	2010-06-09	10	TRUE	TRUE	2010	2010
22	Netherlands	22220	SP	Socialist Party	201006	2010-06-09	20	TRUE	TRUE	2010	2010
22	Netherlands	22320	PvdA	Labour Party	201006	2010-06-09	30	TRUE	TRUE	2010	2010
22	Netherlands	22330	D’66	Democrats‘66	201006	2010-06-09	40	TRUE	TRUE	2010	2010
22	Netherlands	22420	VVD	People’s Party for Freedom and Democracy	201006	2010-06-09	40	TRUE	TRUE	2010	2010
22	Netherlands	22521	CDA	Christian Democratic Appeal	201006	2010-06-09	50	TRUE	TRUE	2010	2010
22	Netherlands	22526	CU	Christian Union	201006	2010-06-09	50	TRUE	TRUE	2010	2010
22	Netherlands	22722	PVV	Party of Freedom	201006	2010-06-09	70	TRUE	TRUE	2010	2010
22	Netherlands	22951	PvdD	Party for the Animals	201006	2010-06-09	95	TRUE	TRUE	2010	2010
22	Netherlands	22952	SGP	Reformed Political Party	201006	2010-06-09	95	TRUE	TRUE	2010	2010
22	Netherlands	22110	GL	Green Left	201209	2012-09-12	10	TRUE	TRUE	2012	2010
22	Netherlands	22220	SP	Socialist Party	201209	2012-09-12	20	TRUE	TRUE	2012	2010
22	Netherlands	22320	PvdA	Labour Party	201209	2012-09-12	30	TRUE	TRUE	2012	2010
22	Netherlands	22330	D’66	Democrats‘66	201209	2012-09-12	40	TRUE	TRUE	2012	2010
22	Netherlands	22420	VVD	People’s Party for Freedom and Democracy	201209	2012-09-12	40	TRUE	TRUE	2012	2010
22	Netherlands	22521	CDA	Christian Democratic Appeal	201209	2012-09-12	50	TRUE	TRUE	2012	2010
22	Netherlands	22526	CU	Christian Union	201209	2012-09-12	50	TRUE	TRUE	2012	2010
22	Netherlands	22722	PVV	Party of Freedom	201209	2012-09-12	70	TRUE	TRUE	2012	2010
22	Netherlands	22951	PvdD	Party for the Animals	201209	2012-09-12	95	TRUE	TRUE	2012	2010
22	Netherlands	22952	SGP	Reformed Political Party	201209	2012-09-12	95	TRUE	TRUE	2012	2010
22	Netherlands	22953	50PLUS	50Plus	201209	2012-09-12	95	TRUE	TRUE	2012	2010
22	Netherlands	22110	GL	Green Left	201703	2017-03-15	10	TRUE	TRUE	2017	2020
22	Netherlands	22220	SP	Socialist Party	201703	2017-03-15	20	TRUE	TRUE	2017	2020
22	Netherlands	22320	PvdA	Labour Party	201703	2017-03-15	30	TRUE	TRUE	2017	2020
22	Netherlands	22321	DENK	DENK	201703	2017-03-15	30	TRUE	TRUE	2017	2020
22	Netherlands	22330	D’66	Democrats‘66	201703	2017-03-15	40	TRUE	TRUE	2017	2020
22	Netherlands	22420	VVD	People’s Party for Freedom and Democracy	201703	2017-03-15	40	TRUE	TRUE	2017	2020
22	Netherlands	22521	CDA	Christian Democratic Appeal	201703	2017-03-15	50	TRUE	TRUE	2017	2020
22	Netherlands	22526	CU	Christian Union	201703	2017-03-15	50	TRUE	TRUE	2017	2020
22	Netherlands	22722	PVV	Party of Freedom	201703	2017-03-15	70	TRUE	TRUE	2017	2020
22	Netherlands	22730	FvD	Forum for Democracy	201703	2017-03-15	70	TRUE	TRUE	2017	2020
22	Netherlands	22951	PvdD	Party for the Animals	201703	2017-03-15	95	TRUE	TRUE	2017	2020
22	Netherlands	22952	SGP	Reformed Political Party	201703	2017-03-15	95	TRUE	TRUE	2017	2020
22	Netherlands	22953	50PLUS	50Plus	201703	2017-03-15	95	TRUE	TRUE	2017	2020
22	Netherlands	22110	GL	Green Left	202103	2021-03-17	10	TRUE	TRUE	2021	2020
22	Netherlands	22220	SP	Socialist Party	202103	2021-03-17	20	TRUE	TRUE	2021	2020
22	Netherlands	22235	Volt	Volt Netherlands	202103	2021-03-17	20	TRUE	TRUE	2021	2020
22	Netherlands	22240		Together	202103	2021-03-17	20	TRUE	TRUE	2021	2020
22	Netherlands	22320	PvdA	Labour Party	202103	2021-03-17	30	TRUE	TRUE	2021	2020
22	Netherlands	22321	DENK	DENK	202103	2021-03-17	30	TRUE	TRUE	2021	2020
22	Netherlands	22330	D’66	Democrats‘66	202103	2021-03-17	40	TRUE	TRUE	2021	2020
22	Netherlands	22420	VVD	People’s Party for Freedom and Democracy	202103	2021-03-17	40	TRUE	TRUE	2021	2020
22	Netherlands	22521	CDA	Christian Democratic Appeal	202103	2021-03-17	50	TRUE	TRUE	2021	2020
22	Netherlands	22526	CU	Christian Union	202103	2021-03-17	50	TRUE	TRUE	2021	2020
22	Netherlands	22722	PVV	Party of Freedom	202103	2021-03-17	70	TRUE	TRUE	2021	2020
22	Netherlands	22730	FvD	Forum for Democracy	202103	2021-03-17	70	TRUE	TRUE	2021	2020
22	Netherlands	22731	JA21	Right Answer 21	202103	2021-03-17	70	TRUE	TRUE	2021	2020
22	Netherlands	22820	BBB	Farmer-Citizen Movement	202103	2021-03-17	80	TRUE	TRUE	2021	2020
22	Netherlands	22951	PvdD	Party for the Animals	202103	2021-03-17	95	TRUE	TRUE	2021	2020
22	Netherlands	22952	SGP	Reformed Political Party	202103	2021-03-17	95	TRUE	TRUE	2021	2020
22	Netherlands	22953	50PLUS	50Plus	202103	2021-03-17	95	TRUE	TRUE	2021	2020
23	Luxembourg	23220	KPL/PCL	Communist Party of Luxembourg	194510	1945-10-21	20	FALSE	FALSE	1945	1950
23	Luxembourg	23320	LSAP/POSL	Socialist Workers’ Party of Luxembourg	194510	1945-10-21	30	FALSE	FALSE	1945	1950
23	Luxembourg	23420		Patriotic and Democratic Group	194510	1945-10-21	40	FALSE	FALSE	1945	1950
23	Luxembourg	23520	CSV/PCS	Christian Social People’s Party	194510	1945-10-21	50	FALSE	FALSE	1945	1950
23	Luxembourg	23220	KPL/PCL	Communist Party of Luxembourg	194806	1948-06-06	20	FALSE	FALSE	1948	1950
23	Luxembourg	23320	LSAP/POSL	Socialist Workers’ Party of Luxembourg	194806	1948-06-06	30	FALSE	FALSE	1948	1950
23	Luxembourg	23420		Patriotic and Democratic Group	194806	1948-06-06	40	FALSE	FALSE	1948	1950
23	Luxembourg	23520	CSV/PCS	Christian Social People’s Party	194806	1948-06-06	50	FALSE	FALSE	1948	1950
23	Luxembourg	23220	KPL/PCL	Communist Party of Luxembourg	195106	1951-06-03	20	FALSE	FALSE	1951	1950
23	Luxembourg	23320	LSAP/POSL	Socialist Workers’ Party of Luxembourg	195106	1951-06-03	30	FALSE	FALSE	1951	1950
23	Luxembourg	23420		Democratic Group	195106	1951-06-03	40	FALSE	FALSE	1951	1950
23	Luxembourg	23520	CSV/PCS	Christian Social People’s Party	195106	1951-06-03	50	FALSE	FALSE	1951	1950
23	Luxembourg	23220	KPL/PCL	Communist Party of Luxembourg	195405	1954-05-30	20	FALSE	FALSE	1954	1950
23	Luxembourg	23320	LSAP/POSL	Socialist Workers’ Party of Luxembourg	195405	1954-05-30	30	FALSE	FALSE	1954	1950
23	Luxembourg	23420		Democratic Group	195405	1954-05-30	40	FALSE	FALSE	1954	1950
23	Luxembourg	23520	CSV/PCS	Christian Social People’s Party	195405	1954-05-30	50	FALSE	FALSE	1954	1950
23	Luxembourg	23220	KPL/PCL	Communist Party of Luxembourg	195902	1959-02-01	20	FALSE	FALSE	1959	1960
23	Luxembourg	23320	LSAP/POSL	Socialist Workers’ Party of Luxembourg	195902	1959-02-01	30	FALSE	FALSE	1959	1960
23	Luxembourg	23420	DP/PD	Democratic Party	195902	1959-02-01	40	FALSE	FALSE	1959	1960
23	Luxembourg	23520	CSV/PCS	Christian Social People’s Party	195902	1959-02-01	50	FALSE	FALSE	1959	1960
23	Luxembourg	23220	KPL/PCL	Communist Party of Luxembourg	196406	1964-06-07	20	FALSE	FALSE	1964	1960
23	Luxembourg	23320	LSAP/POSL	Socialist Workers’ Party of Luxembourg	196406	1964-06-07	30	FALSE	FALSE	1964	1960
23	Luxembourg	23420	DP/PD	Democratic Party	196406	1964-06-07	40	FALSE	FALSE	1964	1960
23	Luxembourg	23520	CSV/PCS	Christian Social People’s Party	196406	1964-06-07	50	FALSE	FALSE	1964	1960
23	Luxembourg	23220	KPL/PCL	Communist Party of Luxembourg	196812	1968-12-15	20	FALSE	FALSE	1968	1970
23	Luxembourg	23320	LSAP/POSL	Socialist Workers’ Party of Luxembourg	196812	1968-12-15	30	FALSE	FALSE	1968	1970
23	Luxembourg	23420	DP/PD	Democratic Party	196812	1968-12-15	40	FALSE	FALSE	1968	1970
23	Luxembourg	23520	CSV/PCS	Christian Social People’s Party	196812	1968-12-15	50	FALSE	FALSE	1968	1970
23	Luxembourg	23220	KPL/PCL	Communist Party of Luxembourg	197405	1974-05-26	20	FALSE	FALSE	1974	1970
23	Luxembourg	23320	LSAP/POSL	Socialist Workers’ Party of Luxembourg	197405	1974-05-26	30	FALSE	FALSE	1974	1970
23	Luxembourg	23420	DP/PD	Democratic Party	197405	1974-05-26	40	FALSE	FALSE	1974	1970
23	Luxembourg	23520	CSV/PCS	Christian Social People’s Party	197405	1974-05-26	50	FALSE	FALSE	1974	1970
23	Luxembourg	23220	KPL/PCL	Communist Party of Luxembourg	197906	1979-06-10	20	FALSE	FALSE	1979	1980
23	Luxembourg	23320	LSAP/POSL	Socialist Workers’ Party of Luxembourg	197906	1979-06-10	30	FALSE	FALSE	1979	1980
23	Luxembourg	23420	DP/PD	Democratic Party	197906	1979-06-10	40	FALSE	FALSE	1979	1980
23	Luxembourg	23520	CSV/PCS	Christian Social People’s Party	197906	1979-06-10	50	FALSE	FALSE	1979	1980
23	Luxembourg	23112	GAP	Green Alternative	198406	1984-06-17	10	FALSE	FALSE	1984	1980
23	Luxembourg	23220	KPL/PCL	Communist Party of Luxembourg	198406	1984-06-17	20	FALSE	FALSE	1984	1980
23	Luxembourg	23320	LSAP/POSL	Socialist Workers’ Party of Luxembourg	198406	1984-06-17	30	FALSE	FALSE	1984	1980
23	Luxembourg	23420	DP/PD	Democratic Party	198406	1984-06-17	40	FALSE	FALSE	1984	1980
23	Luxembourg	23520	CSV/PCS	Christian Social People’s Party	198406	1984-06-17	50	FALSE	FALSE	1984	1980
23	Luxembourg	23111	GLEI	Green Left Ecological Initiative	198906	1989-06-18	10	FALSE	FALSE	1989	1990
23	Luxembourg	23112	GAP	Green Alternative	198906	1989-06-18	10	FALSE	FALSE	1989	1990
23	Luxembourg	23220	KPL/PCL	Communist Party of Luxembourg	198906	1989-06-18	20	FALSE	FALSE	1989	1990
23	Luxembourg	23320	LSAP/POSL	Socialist Workers’ Party of Luxembourg	198906	1989-06-18	30	FALSE	FALSE	1989	1990
23	Luxembourg	23420	DP/PD	Democratic Party	198906	1989-06-18	40	FALSE	FALSE	1989	1990
23	Luxembourg	23520	CSV/PCS	Christian Social People’s Party	198906	1989-06-18	50	FALSE	FALSE	1989	1990
23	Luxembourg	23951	ADR	Action Committee for Democracy and Pension Justice	198906	1989-06-18	95	FALSE	FALSE	1989	1990
23	Luxembourg	23113	GLEI-GAP	Green Left Ecological Initiative - Green Alternative	199406	1994-06-12	10	FALSE	FALSE	1994	1990
23	Luxembourg	23320	LSAP/POSL	Socialist Workers’ Party of Luxembourg	199406	1994-06-12	30	FALSE	FALSE	1994	1990
23	Luxembourg	23420	DP/PD	Democratic Party	199406	1994-06-12	40	FALSE	FALSE	1994	1990
23	Luxembourg	23520	CSV/PCS	Christian Social People’s Party	199406	1994-06-12	50	FALSE	FALSE	1994	1990
23	Luxembourg	23951	ADR	Action Committee for Democracy and Pension Justice	199406	1994-06-12	95	FALSE	FALSE	1994	1990
23	Luxembourg	23113	GLEI-GAP	Green Left Ecological Initiative - Green Alternative	199906	1999-06-13	10	FALSE	FALSE	1999	2000
23	Luxembourg	23320	LSAP/POSL	Socialist Workers’ Party of Luxembourg	199906	1999-06-13	30	FALSE	FALSE	1999	2000
23	Luxembourg	23420	DP/PD	Democratic Party	199906	1999-06-13	40	FALSE	FALSE	1999	2000
23	Luxembourg	23520	CSV/PCS	Christian Social People’s Party	199906	1999-06-13	50	FALSE	FALSE	1999	2000
23	Luxembourg	23951	ADR	Action Committee for Democracy and Pension Justice	199906	1999-06-13	95	FALSE	FALSE	1999	2000
23	Luxembourg	23113		The Greens	200406	2004-06-13	10	TRUE	TRUE	2004	2000
23	Luxembourg	23320	LSAP/POSL	Socialist Workers’ Party of Luxembourg	200406	2004-06-13	30	TRUE	TRUE	2004	2000
23	Luxembourg	23420	DP/PD	Democratic Party	200406	2004-06-13	40	TRUE	TRUE	2004	2000
23	Luxembourg	23520	CSV/PCS	Christian Social People’s Party	200406	2004-06-13	50	TRUE	TRUE	2004	2000
23	Luxembourg	23951	ADR	Action Committee for Democracy and Pension Justice	200406	2004-06-13	95	TRUE	TRUE	2004	2000
23	Luxembourg	23113		The Greens	200906	2009-06-07	10	TRUE	TRUE	2009	2010
23	Luxembourg	23230		The Left	200906	2009-06-07	20	TRUE	TRUE	2009	2010
23	Luxembourg	23320	LSAP/POSL	Socialist Workers’ Party of Luxembourg	200906	2009-06-07	30	TRUE	TRUE	2009	2010
23	Luxembourg	23420	DP/PD	Democratic Party	200906	2009-06-07	40	TRUE	TRUE	2009	2010
23	Luxembourg	23520	CSV/PCS	Christian Social People’s Party	200906	2009-06-07	50	TRUE	TRUE	2009	2010
23	Luxembourg	23951	ADR	Alternative Democatic Reform Party	200906	2009-06-07	95	TRUE	TRUE	2009	2010
23	Luxembourg	23113		The Greens	201310	2013-10-20	10	TRUE	TRUE	2013	2010
23	Luxembourg	23230		The Left	201310	2013-10-20	20	TRUE	TRUE	2013	2010
23	Luxembourg	23320	LSAP/POSL	Socialist Workers’ Party of Luxembourg	201310	2013-10-20	30	TRUE	TRUE	2013	2010
23	Luxembourg	23420	DP/PD	Democratic Party	201310	2013-10-20	40	TRUE	TRUE	2013	2010
23	Luxembourg	23520	CSV/PCS	Christian Social People’s Party	201310	2013-10-20	50	TRUE	TRUE	2013	2010
23	Luxembourg	23951	ADR	Alternative Democatic Reform Party	201310	2013-10-20	95	TRUE	TRUE	2013	2010
31	France	31220	PCF	French Communist Party	194611	1946-11-10	20	FALSE	FALSE	1946	1950
31	France	31320	SIFO	French Section of the Workers' International	194611	1946-11-10	30	FALSE	FALSE	1946	1950
31	France	31421	RRRS	Radical Socialist Party	194611	1946-11-10	40	FALSE	FALSE	1946	1950
31	France	31521	MRP	Popular Republican Movement	194611	1946-11-10	50	FALSE	FALSE	1946	1950
31	France	31621	RPF	Rally for the French People - Gaullists	194611	1946-11-10	60	FALSE	FALSE	1946	1950
31	France	31622	PRL	Republican Party of Liberty - Conservatives	194611	1946-11-10	60	FALSE	FALSE	1946	1950
31	France	31220	PCF	French Communist Party	195106	1951-06-17	20	FALSE	FALSE	1951	1950
31	France	31320	SIFO	French Section of the Workers' International	195106	1951-06-17	30	FALSE	FALSE	1951	1950
31	France	31421	RRRS	Radical Socialist Party	195106	1951-06-17	40	FALSE	FALSE	1951	1950
31	France	31521	MRP	Popular Republican Movement	195106	1951-06-17	50	FALSE	FALSE	1951	1950
31	France	31621	RPF	Rally for the French People - Gaullists	195106	1951-06-17	60	FALSE	FALSE	1951	1950
31	France	31622	CNIP	National Centre of Independents and Peasants - Conservatives	195106	1951-06-17	60	FALSE	FALSE	1951	1950
31	France	31220	PCF	French Communist Party	195601	1956-01-02	20	FALSE	FALSE	1956	1960
31	France	31320	SIFO	French Section of the Workers' International	195601	1956-01-02	30	FALSE	FALSE	1956	1960
31	France	31421	RRRS	Radical Socialist Party	195601	1956-01-02	40	FALSE	FALSE	1956	1960
31	France	31521	MRP	Popular Republican Movement	195601	1956-01-02	50	FALSE	FALSE	1956	1960
31	France	31621	RPF	Rally for the French People - Gaullists	195601	1956-01-02	60	FALSE	FALSE	1956	1960
31	France	31622	CNIP	National Centre of Independents and Peasants - Conservatives	195601	1956-01-02	60	FALSE	FALSE	1956	1960
31	France	31623	UDCA	Union for the Defence of Traders and Artisans - Poujadists	195601	1956-01-02	60	FALSE	FALSE	1956	1960
31	France	31220	PCF	French Communist Party	195811	1958-11-23	20	FALSE	FALSE	1958	1960
31	France	31320	SIFO	French Section of the Workers' International	195811	1958-11-23	30	FALSE	FALSE	1958	1960
31	France	31421	RRRS	Radical Socialist Party	195811	1958-11-23	40	FALSE	FALSE	1958	1960
31	France	31521	MRP	Popular Republican Movement	195811	1958-11-23	50	FALSE	FALSE	1958	1960
31	France	31621	UNR	Union for the New Republic - Gaullists	195811	1958-11-23	60	FALSE	FALSE	1958	1960
31	France	31622	CNIP	National Centre of Independents and Peasants - Conservatives	195811	1958-11-23	60	FALSE	FALSE	1958	1960
31	France	31220	PCF	French Communist Party	196211	1962-11-18	20	FALSE	FALSE	1962	1960
31	France	31320	SIFO	French Section of the Workers' International	196211	1962-11-18	30	FALSE	FALSE	1962	1960
31	France	31421	RRRS	Radical Socialist Party	196211	1962-11-18	40	FALSE	FALSE	1962	1960
31	France	31521	MRP	Popular Republican Movement	196211	1962-11-18	50	FALSE	FALSE	1962	1960
31	France	31621	UNR	Union for the New Republic - Gaullists	196211	1962-11-18	60	FALSE	FALSE	1962	1960
31	France	31622	CNIP	National Centre of Independents and Peasants - Conservatives	196211	1962-11-18	60	FALSE	FALSE	1962	1960
31	France	31220	PCF	French Communist Party	196703	1967-03-05	20	FALSE	FALSE	1967	1970
31	France	31320	SIFO	French Section of the Workers' International	196703	1967-03-05	30	FALSE	FALSE	1967	1970
31	France	31421	RRRS	Radical Socialist Party	196703	1967-03-05	40	FALSE	FALSE	1967	1970
31	France	31522	CD	Democratic Centre	196703	1967-03-05	50	FALSE	FALSE	1967	1970
31	France	31621	UD-Ve	Democratic Union of the Fifth Republic - Gaulists	196703	1967-03-05	60	FALSE	FALSE	1967	1970
31	France	31622	CNIP	National Centre of Independents and Peasants - Conservatives	196703	1967-03-05	60	FALSE	FALSE	1967	1970
31	France	31220	PCF	French Communist Party	196806	1968-06-23	20	FALSE	FALSE	1968	1970
31	France	31320	SIFO	French Section of the Workers' International	196806	1968-06-23	30	FALSE	FALSE	1968	1970
31	France	31421	RRRS	Radical Socialist Party	196806	1968-06-23	40	FALSE	FALSE	1968	1970
31	France	31522	PDM	Progress and Modern Democracy	196806	1968-06-23	50	FALSE	FALSE	1968	1970
31	France	31621	UDR	Union for the Defence of the Republic - Gaullists	196806	1968-06-23	60	FALSE	FALSE	1968	1970
31	France	31622	CNIP	National Centre of Independents and Peasants - Conservatives	196806	1968-06-23	60	FALSE	FALSE	1968	1970
31	France	31220	PCF	French Communist Party	197303	1973-03-04	20	FALSE	FALSE	1973	1970
31	France	31320	PS	Socialist Party	197303	1973-03-04	30	FALSE	FALSE	1973	1970
31	France	31523	CDP	Centre, Democracy and Progress	197303	1973-03-04	50	FALSE	FALSE	1973	1970
31	France	31529	MR	Reformers’ Movement	197303	1973-03-04	50	FALSE	FALSE	1973	1970
31	France	31621	UDR	Union of Democrats for the Republic - Gaullists	197303	1973-03-04	60	FALSE	FALSE	1973	1970
31	France	31622	CNIP	National Centre of Independents and Peasants - Conservatives	197303	1973-03-04	60	FALSE	FALSE	1973	1970
31	France	31220	PCF	French Communist Party	197803	1978-03-12	20	FALSE	FALSE	1978	1980
31	France	31320	PS	Socialist Party	197803	1978-03-12	30	FALSE	FALSE	1978	1980
31	France	31621	RPR	Rally for the Republic - Gaullists	197803	1978-03-12	60	FALSE	FALSE	1978	1980
31	France	31622	CNIP	National Centre of Independents and Peasants - Conservatives	197803	1978-03-12	60	FALSE	FALSE	1978	1980
31	France	31624	UDF	Union for French Democracy	197803	1978-03-12	60	FALSE	FALSE	1978	1980
31	France	31220	PCF	French Communist Party	198106	1981-06-14	20	FALSE	FALSE	1981	1980
31	France	31320	PS	Socialist Party	198106	1981-06-14	30	FALSE	FALSE	1981	1980
31	France	31621		Union for a New Majority - Gaullists/Conservatives	198106	1981-06-14	60	FALSE	FALSE	1981	1980
31	France	31622		Union for a New Majority - Conservatives/Gaullists	198106	1981-06-14	60	FALSE	FALSE	1981	1980
31	France	31624	UDF	Union for French Democracy	198106	1981-06-14	60	FALSE	FALSE	1981	1980
31	France	31220	PCF	French Communist Party	198603	1986-03-16	20	FALSE	FALSE	1986	1990
31	France	31320	PS	Socialist Party	198603	1986-03-16	30	FALSE	FALSE	1986	1990
31	France	31621		Union for a New Majority - Gaullists/Conservatives	198603	1986-03-16	60	FALSE	FALSE	1986	1990
31	France	31622		Union for a New Majority - Conservatives/Gaullists	198603	1986-03-16	60	FALSE	FALSE	1986	1990
31	France	31624	UDF	Union for French Democracy	198603	1986-03-16	60	FALSE	FALSE	1986	1990
31	France	31720	FN	National Front	198603	1986-03-16	70	FALSE	FALSE	1986	1990
31	France	31220	PCF	French Communist Party	198806	1988-06-05	20	FALSE	FALSE	1988	1990
31	France	31320	PS	Socialist Party	198806	1988-06-05	30	FALSE	FALSE	1988	1990
31	France	31621		Union for a New Majority - Gaullists/Conservatives	198806	1988-06-05	60	FALSE	FALSE	1988	1990
31	France	31622		Union for a New Majority - Conservatives/Gaullists	198806	1988-06-05	60	FALSE	FALSE	1988	1990
31	France	31624	UDF	Union for French Democracy	198806	1988-06-05	60	FALSE	FALSE	1988	1990
31	France	31720	FN	National Front	198806	1988-06-05	70	FALSE	FALSE	1988	1990
31	France	31110	Les Verts	The Greens	199303	1993-03-21	10	FALSE	FALSE	1993	1990
31	France	31220	PCF	French Communist Party	199303	1993-03-21	20	FALSE	FALSE	1993	1990
31	France	31320	PS	Socialist Party	199303	1993-03-21	30	FALSE	FALSE	1993	1990
31	France	31624	UDF	Union for French Democracy	199303	1993-03-21	60	FALSE	FALSE	1993	1990
31	France	31625	RPR	Rally for the Republic	199303	1993-03-21	60	FALSE	FALSE	1993	1990
31	France	31720	FN	National Front	199303	1993-03-21	70	FALSE	FALSE	1993	1990
31	France	31110	Les Verts	The Greens	199705	1997-05-25	10	FALSE	FALSE	1997	2000
31	France	31111	GE	Ecology Generation	199705	1997-05-25	10	FALSE	FALSE	1997	2000
31	France	31220	PCF	French Communist Party	199705	1997-05-25	20	FALSE	FALSE	1997	2000
31	France	31320	PS	Socialist Party	199705	1997-05-25	30	FALSE	FALSE	1997	2000
31	France	31624	UDF	Union for French Democracy	199705	1997-05-25	60	FALSE	FALSE	1997	2000
31	France	31625	RPR	Rally for the Republic	199705	1997-05-25	60	FALSE	FALSE	1997	2000
31	France	31720	FN	National Front	199705	1997-05-25	70	FALSE	FALSE	1997	2000
31	France	31110	Les Verts	The Greens	200206	2002-06-09	10	FALSE	FALSE	2002	2000
31	France	31220	PCF	French Communist Party	200206	2002-06-09	20	FALSE	FALSE	2002	2000
31	France	31320	PS	Socialist Party	200206	2002-06-09	30	FALSE	FALSE	2002	2000
31	France	31624	UDF	Union for French Democracy	200206	2002-06-09	60	FALSE	FALSE	2002	2000
31	France	31626	UMP	Union for the Presidential Majority	200206	2002-06-09	60	FALSE	FALSE	2002	2000
31	France	31720	FN	National Front	200206	2002-06-09	70	FALSE	FALSE	2002	2000
31	France	31110	Les Verts	The Greens	200706	2007-06-10	10	FALSE	FALSE	2007	2010
31	France	31220	PCF	French Communist Party	200706	2007-06-10	20	FALSE	FALSE	2007	2010
31	France	31320	PS	Socialist Party	200706	2007-06-10	30	FALSE	FALSE	2007	2010
31	France	31624	MoDem	Democratic Movement	200706	2007-06-10	60	FALSE	FALSE	2007	2010
31	France	31626	UMP	Union for a Popular Movement	200706	2007-06-10	60	FALSE	FALSE	2007	2010
31	France	31720	FN	National Front	200706	2007-06-10	70	FALSE	FALSE	2007	2010
31	France	31021	FDG	Left Front	201206	2012-06-10	20	TRUE	TRUE	2012	2010
31	France	31110	EÉLV	Europe Ecology - The Greens	201206	2012-06-10	10	TRUE	TRUE	2012	2010
31	France	31230	PRG	Left Radical Party	201206	2012-06-10	20	TRUE	TRUE	2012	2010
31	France	31320	PS	Socialist Party	201206	2012-06-10	30	TRUE	TRUE	2012	2010
31	France	31421	PR	Radical Party	201206	2012-06-10	40	TRUE	TRUE	2012	2010
31	France	31624	MoDem	Democratic Movement	201206	2012-06-10	60	TRUE	TRUE	2012	2010
31	France	31626	UMP	Union for a Popular Movement	201206	2012-06-10	60	TRUE	TRUE	2012	2010
31	France	31630	NC	New Centre	201206	2012-06-10	60	TRUE	TRUE	2012	2010
31	France	31631	AC	Centrist Alliance	201206	2012-06-10	60	TRUE	TRUE	2012	2010
31	France	31720	FN	National Front	201206	2012-06-10	70	TRUE	TRUE	2012	2010
31	France	31110	EÉLV	Europe Ecology - The Greens	201706	2017-06-11	10	TRUE	TRUE	2017	2020
31	France	31220	PCF	French Communist Party	201706	2017-06-11	20	TRUE	TRUE	2017	2020
31	France	31230	PRG	Left Radical Party	201706	2017-06-11	20	TRUE	TRUE	2017	2020
31	France	31240		Indomitable France	201706	2017-06-11	20	TRUE	TRUE	2017	2020
31	France	31320	PS	Socialist Party	201706	2017-06-11	30	TRUE	TRUE	2017	2020
31	France	31425	LREM	Republic Onwards!	201706	2017-06-11	40	TRUE	TRUE	2017	2020
31	France	31430	UDI	Union of Democrats and Independents	201706	2017-06-11	40	TRUE	TRUE	2017	2020
31	France	31624	MoDem	Democratic Movement	201706	2017-06-11	60	TRUE	TRUE	2017	2020
31	France	31626		The Republicans	201706	2017-06-11	60	TRUE	TRUE	2017	2020
31	France	31720	FN	National Front	201706	2017-06-11	70	TRUE	TRUE	2017	2020
32	Italy	32220	PCI	Italian Communist Party	194606	1946-06-02	20	FALSE	FALSE	1946	1950
32	Italy	32320	PSI	Italian Socialist Party	194606	1946-06-02	30	FALSE	FALSE	1946	1950
32	Italy	32410	PRI	Italian Republican Party	194606	1946-06-02	40	FALSE	FALSE	1946	1950
32	Italy	32420	PLI	Italian Liberal Party	194606	1946-06-02	40	FALSE	FALSE	1946	1950
32	Italy	32520	DC	Christian Democrats	194606	1946-06-02	50	FALSE	FALSE	1946	1950
32	Italy	32220	PCI	Italian Communist Party	194804	1948-04-18	20	FALSE	FALSE	1948	1950
32	Italy	32320	PSI	Italian Socialist Party	194804	1948-04-18	30	FALSE	FALSE	1948	1950
32	Italy	32330	PSLI	Socialist Party of Italian Workers	194804	1948-04-18	30	FALSE	FALSE	1948	1950
32	Italy	32410	PRI	Italian Republican Party	194804	1948-04-18	40	FALSE	FALSE	1948	1950
32	Italy	32420	PLI	Italian Liberal Party	194804	1948-04-18	40	FALSE	FALSE	1948	1950
32	Italy	32520	DC	Christian Democrats	194804	1948-04-18	50	FALSE	FALSE	1948	1950
32	Italy	32710	MSI	Italian Social Movement	194804	1948-04-18	70	FALSE	FALSE	1948	1950
32	Italy	32220	PCI	Italian Communist Party	195306	1953-06-07	20	FALSE	FALSE	1953	1950
32	Italy	32320	PSI	Italian Socialist Party	195306	1953-06-07	30	FALSE	FALSE	1953	1950
32	Italy	32330	PSDI	Italian Democratic Socialist Party	195306	1953-06-07	30	FALSE	FALSE	1953	1950
32	Italy	32410	PRI	Italian Republican Party	195306	1953-06-07	40	FALSE	FALSE	1953	1950
32	Italy	32420	PLI	Italian Liberal Party	195306	1953-06-07	40	FALSE	FALSE	1953	1950
32	Italy	32520	DC	Christian Democrats	195306	1953-06-07	50	FALSE	FALSE	1953	1950
32	Italy	32710	MSI	Italian Social Movement	195306	1953-06-07	70	FALSE	FALSE	1953	1950
32	Italy	32220	PCI	Italian Communist Party	195805	1958-05-25	20	FALSE	FALSE	1958	1960
32	Italy	32320	PSI	Italian Socialist Party	195805	1958-05-25	30	FALSE	FALSE	1958	1960
32	Italy	32330	PSDI	Italian Democratic Socialist Party	195805	1958-05-25	30	FALSE	FALSE	1958	1960
32	Italy	32410	PRI	Italian Republican Party	195805	1958-05-25	40	FALSE	FALSE	1958	1960
32	Italy	32420	PLI	Italian Liberal Party	195805	1958-05-25	40	FALSE	FALSE	1958	1960
32	Italy	32520	DC	Christian Democrats	195805	1958-05-25	50	FALSE	FALSE	1958	1960
32	Italy	32710	MSI	Italian Social Movement	195805	1958-05-25	70	FALSE	FALSE	1958	1960
32	Italy	32220	PCI	Italian Communist Party	196304	1963-04-28	20	FALSE	FALSE	1963	1960
32	Italy	32320	PSI	Italian Socialist Party	196304	1963-04-28	30	FALSE	FALSE	1963	1960
32	Italy	32330	PSDI	Italian Democratic Socialist Party	196304	1963-04-28	30	FALSE	FALSE	1963	1960
32	Italy	32410	PRI	Italian Republican Party	196304	1963-04-28	40	FALSE	FALSE	1963	1960
32	Italy	32420	PLI	Italian Liberal Party	196304	1963-04-28	40	FALSE	FALSE	1963	1960
32	Italy	32520	DC	Christian Democrats	196304	1963-04-28	50	FALSE	FALSE	1963	1960
32	Italy	32710	MSI	Italian Social Movement	196304	1963-04-28	70	FALSE	FALSE	1963	1960
32	Italy	32220	PCI	Italian Communist Party	196805	1968-05-19	20	FALSE	FALSE	1968	1970
32	Italy	32322	PSI-PSDI	Unified Italian Socialist Party-Italian Democratic Socialist Party	196805	1968-05-19	30	FALSE	FALSE	1968	1970
32	Italy	32410	PRI	Italian Republican Party	196805	1968-05-19	40	FALSE	FALSE	1968	1970
32	Italy	32420	PLI	Italian Liberal Party	196805	1968-05-19	40	FALSE	FALSE	1968	1970
32	Italy	32520	DC	Christian Democrats	196805	1968-05-19	50	FALSE	FALSE	1968	1970
32	Italy	32710	MSI	Italian Social Movement	196805	1968-05-19	70	FALSE	FALSE	1968	1970
32	Italy	32220	PCI	Italian Communist Party	197205	1972-05-07	20	FALSE	FALSE	1972	1970
32	Italy	32320	PSI	Italian Socialist Party	197205	1972-05-07	30	FALSE	FALSE	1972	1970
32	Italy	32330	PSDI	Italian Democratic Socialist Party	197205	1972-05-07	30	FALSE	FALSE	1972	1970
32	Italy	32410	PRI	Italian Republican Party	197205	1972-05-07	40	FALSE	FALSE	1972	1970
32	Italy	32420	PLI	Italian Liberal Party	197205	1972-05-07	40	FALSE	FALSE	1972	1970
32	Italy	32520	DC	Christian Democrats	197205	1972-05-07	50	FALSE	FALSE	1972	1970
32	Italy	32710	MSI-DN	Italian Social Movement-National Right	197205	1972-05-07	70	FALSE	FALSE	1972	1970
32	Italy	32210	PdUP	Proletarian Unity Party for Communism (The Manifesto + Proletarian Unity Party)	197606	1976-06-20	20	FALSE	FALSE	1976	1980
32	Italy	32220	PCI	Italian Communist Party	197606	1976-06-20	20	FALSE	FALSE	1976	1980
32	Italy	32310	PR	Radical Party	197606	1976-06-20	30	FALSE	FALSE	1976	1980
32	Italy	32320	PSI	Italian Socialist Party	197606	1976-06-20	30	FALSE	FALSE	1976	1980
32	Italy	32330	PSDI	Italian Democratic Socialist Party	197606	1976-06-20	30	FALSE	FALSE	1976	1980
32	Italy	32410	PRI	Italian Republican Party	197606	1976-06-20	40	FALSE	FALSE	1976	1980
32	Italy	32420	PLI	Italian Liberal Party	197606	1976-06-20	40	FALSE	FALSE	1976	1980
32	Italy	32520	DC	Christian Democrats	197606	1976-06-20	50	FALSE	FALSE	1976	1980
32	Italy	32710	MSI-DN	Italian Social Movement-National Right	197606	1976-06-20	70	FALSE	FALSE	1976	1980
32	Italy	32210	PdUP	Proletarian Unity Party for Communism (The Manifesto + Proletarian Unity Party)	197906	1979-06-03	20	FALSE	FALSE	1979	1980
32	Italy	32220	PCI	Italian Communist Party	197906	1979-06-03	20	FALSE	FALSE	1979	1980
32	Italy	32310	PR	Radical Party	197906	1979-06-03	30	FALSE	FALSE	1979	1980
32	Italy	32320	PSI	Italian Socialist Party	197906	1979-06-03	30	FALSE	FALSE	1979	1980
32	Italy	32330	PSDI	Italian Democratic Socialist Party	197906	1979-06-03	30	FALSE	FALSE	1979	1980
32	Italy	32410	PRI	Italian Republican Party	197906	1979-06-03	40	FALSE	FALSE	1979	1980
32	Italy	32420	PLI	Italian Liberal Party	197906	1979-06-03	40	FALSE	FALSE	1979	1980
32	Italy	32520	DC	Christian Democrats	197906	1979-06-03	50	FALSE	FALSE	1979	1980
32	Italy	32710	MSI-DN	Italian Social Movement-National Right	197906	1979-06-03	70	FALSE	FALSE	1979	1980
32	Italy	32210	PdUP	Proletarian Unity Party for Communism (The Manifesto + Proletarian Unity Party)	198306	1983-06-26	20	FALSE	FALSE	1983	1980
32	Italy	32211	DP	Proletarian Democracy	198306	1983-06-26	20	FALSE	FALSE	1983	1980
32	Italy	32220	PCI	Italian Communist Party	198306	1983-06-26	20	FALSE	FALSE	1983	1980
32	Italy	32310	PR	Radical Party	198306	1983-06-26	30	FALSE	FALSE	1983	1980
32	Italy	32320	PSI	Italian Socialist Party	198306	1983-06-26	30	FALSE	FALSE	1983	1980
32	Italy	32330	PSDI	Italian Democratic Socialist Party	198306	1983-06-26	30	FALSE	FALSE	1983	1980
32	Italy	32410	PRI	Italian Republican Party	198306	1983-06-26	40	FALSE	FALSE	1983	1980
32	Italy	32420	PLI	Italian Liberal Party	198306	1983-06-26	40	FALSE	FALSE	1983	1980
32	Italy	32520	DC	Christian Democrats	198306	1983-06-26	50	FALSE	FALSE	1983	1980
32	Italy	32710	MSI-DN	Italian Social Movement-National Right	198306	1983-06-26	70	FALSE	FALSE	1983	1980
32	Italy	32110	FdV	Green Federation	198706	1987-06-14	10	FALSE	FALSE	1987	1990
32	Italy	32211	DP	Proletarian Democracy	198706	1987-06-14	20	FALSE	FALSE	1987	1990
32	Italy	32220	PCI	Italian Communist Party	198706	1987-06-14	20	FALSE	FALSE	1987	1990
32	Italy	32310	PR	Radical Party	198706	1987-06-14	30	FALSE	FALSE	1987	1990
32	Italy	32320	PSI	Italian Socialist Party	198706	1987-06-14	30	FALSE	FALSE	1987	1990
32	Italy	32330	PSDI	Italian Democratic Socialist Party	198706	1987-06-14	30	FALSE	FALSE	1987	1990
32	Italy	32410	PRI	Italian Republican Party	198706	1987-06-14	40	FALSE	FALSE	1987	1990
32	Italy	32420	PLI	Italian Liberal Party	198706	1987-06-14	40	FALSE	FALSE	1987	1990
32	Italy	32520	DC	Christian Democrats	198706	1987-06-14	50	FALSE	FALSE	1987	1990
32	Italy	32710	MSI-DN	Italian Social Movement-National Right	198706	1987-06-14	70	FALSE	FALSE	1987	1990
32	Italy	32110	FdV	Green Federation	199204	1992-04-06	10	FALSE	FALSE	1992	1990
32	Italy	32212	PRC	Communist Refoundation Party	199204	1992-04-06	20	FALSE	FALSE	1992	1990
32	Italy	32220	PDS	Democratic Party of the Left	199204	1992-04-06	20	FALSE	FALSE	1992	1990
32	Italy	32310	LP	Pannella List	199204	1992-04-06	30	FALSE	FALSE	1992	1990
32	Italy	32320	PSI	Italian Socialist Party	199204	1992-04-06	30	FALSE	FALSE	1992	1990
32	Italy	32330	PSDI	Italian Democratic Socialist Party	199204	1992-04-06	30	FALSE	FALSE	1992	1990
32	Italy	32410	PRI	Italian Republican Party	199204	1992-04-06	40	FALSE	FALSE	1992	1990
32	Italy	32420	PLI	Italian Liberal Party	199204	1992-04-06	40	FALSE	FALSE	1992	1990
32	Italy	32520	DC	Christian Democrats	199204	1992-04-06	50	FALSE	FALSE	1992	1990
32	Italy	32710	MSI-DN	Italian Social Movement-National Right	199204	1992-04-06	70	FALSE	FALSE	1992	1990
32	Italy	32720	LN	Northern League	199204	1992-04-06	70	FALSE	FALSE	1992	1990
32	Italy	32951	LR	The Network/Movement for Democracy	199204	1992-04-06	95	FALSE	FALSE	1992	1990
32	Italy	32110	FdV	Green Federation	199403	1994-03-28	10	FALSE	FALSE	1994	1990
32	Italy	32212	PRC	Communist Refoundation Party	199403	1994-03-28	20	FALSE	FALSE	1994	1990
32	Italy	32220	PDS	Democratic Party of the Left	199403	1994-03-28	20	FALSE	FALSE	1994	1990
32	Italy	32310		Pannella-Riformatori List	199403	1994-03-28	30	FALSE	FALSE	1994	1990
32	Italy	32320	PSI	Italian Socialist Party	199403	1994-03-28	30	FALSE	FALSE	1994	1990
32	Italy	32520	PPI	Italian Popular Party	199403	1994-03-28	50	FALSE	FALSE	1994	1990
32	Italy	32528	PI	Pact for Italy	199403	1994-03-28	50	FALSE	FALSE	1994	1990
32	Italy	32529	AD	Democratic Alliance	199403	1994-03-28	50	FALSE	FALSE	1994	1990
32	Italy	32610	FI	Go Italy	199403	1994-03-28	60	FALSE	FALSE	1994	1990
32	Italy	32710	AN	National Alliance	199403	1994-03-28	70	FALSE	FALSE	1994	1990
32	Italy	32720	LN	Northern League	199403	1994-03-28	70	FALSE	FALSE	1994	1990
32	Italy	32951	LR	The Network/Movement for Democracy	199403	1994-03-28	95	FALSE	FALSE	1994	1990
32	Italy	32110	FdV	Green Federation	199604	1996-04-21	10	FALSE	FALSE	1996	2000
32	Italy	32212	PRC	Communist Refoundation Party	199604	1996-04-21	20	FALSE	FALSE	1996	2000
32	Italy	32220	PDS	Democratic Party of the Left	199604	1996-04-21	20	FALSE	FALSE	1996	2000
32	Italy	32310		Pannella-Sgarbi List	199604	1996-04-21	30	FALSE	FALSE	1996	2000
32	Italy	32321	RI	Italian Renewal	199604	1996-04-21	30	FALSE	FALSE	1996	2000
32	Italy	32520	PPI	Italian Popular Party	199604	1996-04-21	50	FALSE	FALSE	1996	2000
32	Italy	32521	CCD	Christian Democratic Centre	199604	1996-04-21	50	FALSE	FALSE	1996	2000
32	Italy	32529	AD	Democratic Alliance	199604	1996-04-21	50	FALSE	FALSE	1996	2000
32	Italy	32610	FI	Go Italy	199604	1996-04-21	60	FALSE	FALSE	1996	2000
32	Italy	32710	AN	National Alliance	199604	1996-04-21	70	FALSE	FALSE	1996	2000
32	Italy	32720	LN	Northern League	199604	1996-04-21	70	FALSE	FALSE	1996	2000
32	Italy	32111		The Girasole (‘Sunflower')	200105	2001-05-13	10	FALSE	FALSE	2001	2000
32	Italy	32212	PRC	Communist Refoundation Party	200105	2001-05-13	20	TRUE	TRUE	2001	2000
32	Italy	32213	PdCI	Party of Italian Communists	200105	2001-05-13	20	FALSE	FALSE	2001	2000
32	Italy	32220	DS	Democrats of the Left	200105	2001-05-13	20	FALSE	FALSE	2001	2000
32	Italy	32329		Olive Tree	200105	2001-05-13	30	FALSE	FALSE	2001	2000
32	Italy	32421	M-DL	Daisy - Democracy is Freedom	200105	2001-05-13	40	FALSE	FALSE	2001	2000
32	Italy	32522		White Flower	200105	2001-05-13	50	TRUE	FALSE	2001	2000
32	Italy	32610	FI	Go Italy	200105	2001-05-13	60	TRUE	FALSE	2001	2000
32	Italy	32611	NPSI	New Italian Socialist Party	200105	2001-05-13	60	TRUE	FALSE	2001	2000
32	Italy	32629		House of Freedom	200105	2001-05-13	60	TRUE	TRUE	2001	2000
32	Italy	32710	AN	National Alliance	200105	2001-05-13	70	TRUE	FALSE	2001	2000
32	Italy	32720	LN	Northern League	200105	2001-05-13	70	TRUE	FALSE	2001	2000
32	Italy	32901	DE	European Democracy	200105	2001-05-13	95	TRUE	TRUE	2001	2000
32	Italy	32902	IdV	List Di Pietro - Italy of Values	200105	2001-05-13	95	TRUE	TRUE	2001	2000
32	Italy	32110	FdV	Green Federation	200604	2006-04-10	10	FALSE	FALSE	2006	2010
32	Italy	32212	PRC	Communist Refoundation Party	200604	2006-04-10	20	FALSE	FALSE	2006	2010
32	Italy	32213	PdCI	Party of Italian Communists	200604	2006-04-10	20	FALSE	FALSE	2006	2010
32	Italy	32221	RnP	Rose in the Fist	200604	2006-04-10	20	FALSE	FALSE	2006	2010
32	Italy	32329		Olive Tree	200604	2006-04-10	30	FALSE	FALSE	2006	2010
32	Italy	32530	UDC	Union for Christian and Center Democrats	200604	2006-04-10	50	FALSE	FALSE	2006	2010
32	Italy	32610	FI	Go Italy	200604	2006-04-10	60	FALSE	FALSE	2006	2010
32	Italy	32611	NPSI	New Italian Socialist Party	200604	2006-04-10	60	FALSE	FALSE	2006	2010
32	Italy	32629		House of Freedom	200604	2006-04-10	60	FALSE	FALSE	2006	2010
32	Italy	32710	AN	National Alliance	200604	2006-04-10	70	FALSE	FALSE	2006	2010
32	Italy	32720	LN	Northern League	200604	2006-04-10	70	FALSE	FALSE	2006	2010
32	Italy	32902	IdV	List Di Pietro - Italy of Values	200604	2006-04-10	95	FALSE	FALSE	2006	2010
32	Italy	32903	ALD	Autonomy Liberty Democracy (Aosta Valley)	200604	2006-04-10	90	FALSE	FALSE	2006	2010
32	Italy	32904	SVP	South Tyrolean People’s Party	200604	2006-04-10	90	FALSE	FALSE	2006	2010
32	Italy	32952	InM	Italy in the World	200604	2006-04-10	95	FALSE	FALSE	2006	2010
32	Italy	32953	P-UDEUR	Popular Democratic Union for Europe	200604	2006-04-10	95	FALSE	FALSE	2006	2010
32	Italy	32061	PdL	People of Freedom	200804	2008-04-13	60	TRUE	TRUE	2008	2010
32	Italy	32440	PD	Democratic Party	200804	2008-04-13	30	TRUE	TRUE	2008	2010
32	Italy	32530	UdC	Union of the Center	200804	2008-04-13	50	FALSE	FALSE	2008	2010
32	Italy	32720	LN	Northern League	200804	2008-04-13	70	TRUE	TRUE	2008	2010
32	Italy	32902	IdV	List Di Pietro - Italy of Values	200804	2008-04-13	95	TRUE	TRUE	2008	2010
32	Italy	32021	RC	Civil Revolution	201302	2013-02-24	20	TRUE	TRUE	2013	2010
32	Italy	32061	PdL	People of Freedom	201302	2013-02-24	60	TRUE	TRUE	2013	2010
32	Italy	32230	SEL	Left Ecology Freedom	201302	2013-02-24	20	TRUE	TRUE	2013	2010
32	Italy	32440	PD	Democratic Party	201302	2013-02-24	30	TRUE	TRUE	2013	2010
32	Italy	32450	CD	Democratic Centre	201302	2013-02-24	40	TRUE	TRUE	2013	2010
32	Italy	32460	SC	Civic Choice	201302	2013-02-24	40	TRUE	TRUE	2013	2010
32	Italy	32530	UdC	Union of the Center	201302	2013-02-24	50	TRUE	TRUE	2013	2010
32	Italy	32630	FDI-CDN	Brothers of Italy - National Centre-right	201302	2013-02-24	60	TRUE	TRUE	2013	2010
32	Italy	32640	3L	Labour and Freedom List	201302	2013-02-24	60	TRUE	TRUE	2013	2010
32	Italy	32720	LN	Northern League	201302	2013-02-24	70	TRUE	TRUE	2013	2010
32	Italy	32904	SVP	South Tyrolean People’s Party	201302	2013-02-24	90	TRUE	TRUE	2013	2010
32	Italy	32906		Autonomy Progress Federalism Aosta Valley	201302	2013-02-24	90	TRUE	TRUE	2013	2010
32	Italy	32956	M5S	Five Star Movement	201302	2013-02-24	95	TRUE	TRUE	2013	2010
32	Italy	32022	I	Italy Europe Together	201803	2018-03-04	20	TRUE	TRUE	2018	2020
32	Italy	32031	LeU	Free and Equal	201803	2018-03-04	30	TRUE	TRUE	2018	2020
32	Italy	32051	CP	Popular Civic List	201803	2018-03-04	50	TRUE	TRUE	2018	2020
32	Italy	32055	NcL	Us with Italy	201803	2018-03-04	50	TRUE	TRUE	2018	2020
32	Italy	32090	SVP-PATT	Coalition of South Tyrolean People’s Party and Trentino Tyrolean Autonomist Party	201803	2018-03-04	90	TRUE	TRUE	2018	2020
32	Italy	32440	PD	Democratic Party	201803	2018-03-04	30	TRUE	TRUE	2018	2020
32	Italy	32451	E	More Europe	201803	2018-03-04	40	TRUE	TRUE	2018	2020
32	Italy	32610	FI	Go Italy	201803	2018-03-04	60	TRUE	TRUE	2018	2020
32	Italy	32630	FDI	Brothers of Italy	201803	2018-03-04	60	TRUE	TRUE	2018	2020
32	Italy	32720	L	League	201803	2018-03-04	70	TRUE	TRUE	2018	2020
32	Italy	32956	M5S	Five Star Movement	201803	2018-03-04	95	TRUE	TRUE	2018	2020
34	Greece	34210	KKE	Communist Party of Greece	197411	1974-11-17	20	FALSE	FALSE	1974	1970
34	Greece	34313	PASOK	Panhellenic Socialist Movement	197411	1974-11-17	30	FALSE	FALSE	1974	1970
34	Greece	34510	EK	Centre Union	197411	1974-11-17	50	FALSE	FALSE	1974	1970
34	Greece	34511	ND	New Democracy	197411	1974-11-17	50	FALSE	FALSE	1974	1970
34	Greece	34210	KKE	Communist Party of Greece	197711	1977-11-20	20	FALSE	FALSE	1977	1980
34	Greece	34313	PASOK	Panhellenic Socialist Movement	197711	1977-11-20	30	FALSE	FALSE	1977	1980
34	Greece	34510	EDIK	Union of the Democratic Centre	197711	1977-11-20	50	FALSE	FALSE	1977	1980
34	Greece	34511	ND	New Democracy	197711	1977-11-20	50	FALSE	FALSE	1977	1980
34	Greece	34610	EP	National Alignment	197711	1977-11-20	60	FALSE	FALSE	1977	1980
34	Greece	34210	KKE	Communist Party of Greece	198110	1981-10-18	20	FALSE	FALSE	1981	1980
34	Greece	34313	PASOK	Panhellenic Socialist Movement	198110	1981-10-18	30	FALSE	FALSE	1981	1980
34	Greece	34511	ND	New Democracy	198110	1981-10-18	50	FALSE	FALSE	1981	1980
34	Greece	34210	KKE	Communist Party of Greece	198506	1985-06-02	20	FALSE	FALSE	1985	1990
34	Greece	34313	PASOK	Panhellenic Socialist Movement	198506	1985-06-02	30	FALSE	FALSE	1985	1990
34	Greece	34511	ND	New Democracy	198506	1985-06-02	50	FALSE	FALSE	1985	1990
34	Greece	34211	SYN	Progressive Left Coalition	198906	1989-06-18	20	FALSE	FALSE	1989	1990
34	Greece	34313	PASOK	Panhellenic Socialist Movement	198906	1989-06-18	30	FALSE	FALSE	1989	1990
34	Greece	34511	ND	New Democracy	198906	1989-06-18	50	FALSE	FALSE	1989	1990
34	Greece	34211	SYN	Progressive Left Coalition	198911	1989-11-05	20	FALSE	FALSE	1989	1990
34	Greece	34313	PASOK	Panhellenic Socialist Movement	198911	1989-11-05	30	FALSE	FALSE	1989	1990
34	Greece	34511	ND	New Democracy	198911	1989-11-05	50	FALSE	FALSE	1989	1990
34	Greece	34211	SYN	Progressive Left Coalition	199004	1990-04-08	20	FALSE	FALSE	1990	1990
34	Greece	34313	PASOK	Panhellenic Socialist Movement	199004	1990-04-08	30	FALSE	FALSE	1990	1990
34	Greece	34511	ND	New Democracy	199004	1990-04-08	50	FALSE	FALSE	1990	1990
34	Greece	34210	KKE	Communist Party of Greece	199310	1993-10-10	20	FALSE	FALSE	1993	1990
34	Greece	34313	PASOK	Panhellenic Socialist Movement	199310	1993-10-10	30	FALSE	FALSE	1993	1990
34	Greece	34511	ND	New Democracy	199310	1993-10-10	50	FALSE	FALSE	1993	1990
34	Greece	34512	Pola	Political Spring	199310	1993-10-10	50	FALSE	FALSE	1993	1990
34	Greece	34210	KKE	Communist Party of Greece	199609	1996-09-22	20	FALSE	FALSE	1996	2000
34	Greece	34211	SYN	Progressive Left Coalition	199609	1996-09-22	20	TRUE	TRUE	1996	2000
34	Greece	34313	PASOK	Panhellenic Socialist Movement	199609	1996-09-22	30	FALSE	FALSE	1996	2000
34	Greece	34314	DIKKI	Democratic Social Movement	199609	1996-09-22	30	FALSE	FALSE	1996	2000
34	Greece	34511	ND	New Democracy	199609	1996-09-22	50	FALSE	FALSE	1996	2000
34	Greece	34512	Pola	Political Spring	199609	1996-09-22	50	FALSE	FALSE	1996	2000
34	Greece	34210	KKE	Communist Party of Greece	200004	2000-04-09	20	FALSE	FALSE	2000	2000
34	Greece	34211	SYN	Progressive Left Coalition	200004	2000-04-09	20	FALSE	FALSE	2000	2000
34	Greece	34313	PASOK	Panhellenic Socialist Movement	200004	2000-04-09	30	FALSE	FALSE	2000	2000
34	Greece	34511	ND	New Democracy	200004	2000-04-09	50	FALSE	FALSE	2000	2000
34	Greece	34020	SYRIZA	Coalition of the Radical Left	200403	2004-03-07	20	TRUE	TRUE	2004	2000
34	Greece	34210	KKE	Communist Party of Greece	200403	2004-03-07	20	TRUE	TRUE	2004	2000
34	Greece	34313	PASOK	Panhellenic Socialist Movement	200403	2004-03-07	30	TRUE	TRUE	2004	2000
34	Greece	34511	ND	New Democracy	200403	2004-03-07	50	TRUE	TRUE	2004	2000
34	Greece	34020	SYRIZA	Coalition of the Radical Left	200709	2007-09-16	20	TRUE	TRUE	2007	2010
34	Greece	34210	KKE	Communist Party of Greece	200709	2007-09-16	20	TRUE	TRUE	2007	2010
34	Greece	34313	PASOK	Panhellenic Socialist Movement	200709	2007-09-16	30	TRUE	TRUE	2007	2010
34	Greece	34511	ND	New Democracy	200709	2007-09-16	50	TRUE	TRUE	2007	2010
34	Greece	34710	LAOS	Popular Orthodox Rally	200709	2007-09-16	70	TRUE	TRUE	2007	2010
34	Greece	34020	SYRIZA	Coalition of the Radical Left	200910	2009-10-04	20	TRUE	TRUE	2009	2010
34	Greece	34210	KKE	Communist Party of Greece	200910	2009-10-04	20	TRUE	TRUE	2009	2010
34	Greece	34313	PASOK	Panhellenic Socialist Movement	200910	2009-10-04	30	TRUE	TRUE	2009	2010
34	Greece	34511	ND	New Democracy	200910	2009-10-04	50	TRUE	TRUE	2009	2010
34	Greece	34710	LAOS	Popular Orthodox Rally	200910	2009-10-04	70	FALSE	FALSE	2009	2010
34	Greece	34020	SYRIZA	Coalition of the Radical Left	201205	2012-05-06	20	TRUE	TRUE	2012	2010
34	Greece	34210	KKE	Communist Party of Greece	201205	2012-05-06	20	TRUE	TRUE	2012	2010
34	Greece	34213	DIMAR	Democratic Left	201205	2012-05-06	20	TRUE	TRUE	2012	2010
34	Greece	34313	PASOK	Panhellenic Socialist Movement	201205	2012-05-06	30	TRUE	TRUE	2012	2010
34	Greece	34511	ND	New Democracy	201205	2012-05-06	50	TRUE	TRUE	2012	2010
34	Greece	34710	LAOS	Popular Orthodox Rally	201205	2012-05-06	70	TRUE	TRUE	2012	2010
34	Greece	34720	XA	Golden Dawn	201205	2012-05-06	70	TRUE	TRUE	2012	2010
34	Greece	34730	ANEL	Independent Greeks	201205	2012-05-06	70	TRUE	TRUE	2012	2010
34	Greece	34210	KKE	Communist Party of Greece	201206	2012-06-17	20	TRUE	TRUE	2012	2010
34	Greece	34212	SYRIZA-EKN	Coalition of the Radical Left - Unionist Social Front	201206	2012-06-17	20	TRUE	TRUE	2012	2010
34	Greece	34213	DIMAR	Democratic Left	201206	2012-06-17	20	TRUE	TRUE	2012	2010
34	Greece	34313	PASOK	Panhellenic Socialist Movement	201206	2012-06-17	30	TRUE	TRUE	2012	2010
34	Greece	34511	ND	New Democracy	201206	2012-06-17	50	TRUE	TRUE	2012	2010
34	Greece	34720	XA	Golden Dawn	201206	2012-06-17	70	TRUE	TRUE	2012	2010
34	Greece	34730	ANEL	Independent Greeks	201206	2012-06-17	70	TRUE	TRUE	2012	2010
34	Greece	34210	KKE	Communist Party of Greece	201501	2015-01-25	20	TRUE	TRUE	2015	2020
34	Greece	34212	SYRIZA	Coalition of the Radical Left	201501	2015-01-25	20	TRUE	TRUE	2015	2020
34	Greece	34313	PASOK	Panhellenic Socialist Movement	201501	2015-01-25	30	TRUE	TRUE	2015	2020
34	Greece	34340		The River	201501	2015-01-25	30	TRUE	TRUE	2015	2020
34	Greece	34511	ND	New Democracy	201501	2015-01-25	50	TRUE	TRUE	2015	2020
34	Greece	34720	XA	Golden Dawn	201501	2015-01-25	70	TRUE	TRUE	2015	2020
34	Greece	34730	ANEL	Independent Greeks	201501	2015-01-25	70	TRUE	TRUE	2015	2020
34	Greece	34210	KKE	Communist Party of Greece	201509	2015-09-20	20	TRUE	TRUE	2015	2020
34	Greece	34212	SYRIZA	Coalition of the Radical Left	201509	2015-09-20	20	TRUE	TRUE	2015	2020
34	Greece	34213	DIMAR	Democratic Left	201509	2015-09-20	20	FALSE	FALSE	2015	2020
34	Greece	34214	LAE	Popular Unity	201509	2015-09-20	20	TRUE	TRUE	2015	2020
34	Greece	34313	PASOK	Panhellenic Socialist Movement	201509	2015-09-20	30	TRUE	TRUE	2015	2020
34	Greece	34340		The River	201509	2015-09-20	30	FALSE	FALSE	2015	2020
34	Greece	34410	EK	Union of Centrists	201509	2015-09-20	40	TRUE	TRUE	2015	2020
34	Greece	34511	ND	New Democracy	201509	2015-09-20	50	TRUE	TRUE	2015	2020
34	Greece	34720	XA	Golden Dawn	201509	2015-09-20	70	FALSE	FALSE	2015	2020
34	Greece	34730	ANEL	Independent Greeks	201509	2015-09-20	70	FALSE	FALSE	2015	2020
34	Greece	34210	KKE	Communist Party of Greece	201907	2019-07-07	20	TRUE	TRUE	2019	2020
34	Greece	34212	SYRIZA	Coalition of the Radical Left	201907	2019-07-07	20	TRUE	TRUE	2019	2020
34	Greece	34215	MeRA25	European Realistic Disobedience Front	201907	2019-07-07	20	TRUE	TRUE	2019	2020
34	Greece	34315	KINAL	Movement for Change	201907	2019-07-07	30	TRUE	TRUE	2019	2020
34	Greece	34511	ND	New Democracy	201907	2019-07-07	50	TRUE	TRUE	2019	2020
34	Greece	34711	EL	Greek Solution	201907	2019-07-07	70	TRUE	TRUE	2019	2020
34	Greece	34720	XA	Golden Dawn	201907	2019-07-07	70	TRUE	TRUE	2019	2020
35	Portugal	35210	UDP	Popular Democratic Union	197504	1975-04-25	20	FALSE	FALSE	1975	1980
35	Portugal	35220	PCP	Portuguese Communist Party	197504	1975-04-25	20	FALSE	FALSE	1975	1980
35	Portugal	35310	MDP	Popular Democratic Movement	197504	1975-04-25	30	FALSE	FALSE	1975	1980
35	Portugal	35311	PS	Socialist Party	197504	1975-04-25	30	FALSE	FALSE	1975	1980
35	Portugal	35313	PPD	Popular Democratic Party	197504	1975-04-25	60	FALSE	FALSE	1975	1980
35	Portugal	35520	CDS	Social Democratic Center Party	197504	1975-04-25	50	FALSE	FALSE	1975	1980
35	Portugal	35210	UDP	Popular Democratic Union	197604	1976-04-25	20	FALSE	FALSE	1976	1980
35	Portugal	35220	PCP	Portuguese Communist Party	197604	1976-04-25	20	FALSE	FALSE	1976	1980
35	Portugal	35311	PS	Socialist Party	197604	1976-04-25	30	FALSE	FALSE	1976	1980
35	Portugal	35313	PPD	Popular Democratic Party	197604	1976-04-25	60	FALSE	FALSE	1976	1980
35	Portugal	35520	CDS	Social Democratic Center Party	197604	1976-04-25	50	FALSE	FALSE	1976	1980
35	Portugal	35710	PPM	Popular Monarchist Party	197604	1976-04-25	70	FALSE	FALSE	1976	1980
35	Portugal	35210	UDP	Popular Democratic Union	197912	1979-12-02	20	FALSE	FALSE	1979	1980
35	Portugal	35220	PCP	Portuguese Communist Party	197912	1979-12-02	20	FALSE	FALSE	1979	1980
35	Portugal	35310	MDP	Popular Democratic Movement	197912	1979-12-02	30	FALSE	FALSE	1979	1980
35	Portugal	35311	PS	Socialist Party	197912	1979-12-02	30	FALSE	FALSE	1979	1980
35	Portugal	35313	PSD	Social Democratic Party	197912	1979-12-02	60	FALSE	FALSE	1979	1980
35	Portugal	35520	CDS	Social Democratic Center Party	197912	1979-12-02	50	FALSE	FALSE	1979	1980
35	Portugal	35710	PPM	Popular Monarchist Party	197912	1979-12-02	70	FALSE	FALSE	1979	1980
35	Portugal	35210	UDP	Popular Democratic Union	198010	1980-10-05	20	FALSE	FALSE	1980	1980
35	Portugal	35220	PCP	Portuguese Communist Party	198010	1980-10-05	20	FALSE	FALSE	1980	1980
35	Portugal	35310	MDP	Popular Democratic Movement	198010	1980-10-05	30	FALSE	FALSE	1980	1980
35	Portugal	35311	PS	Socialist Party	198010	1980-10-05	30	FALSE	FALSE	1980	1980
35	Portugal	35313	PSD	Social Democratic Party	198010	1980-10-05	60	FALSE	FALSE	1980	1980
35	Portugal	35316	ASDI	Association of Independent Social Democrats	198010	1980-10-05	30	FALSE	FALSE	1980	1980
35	Portugal	35317	UEDS	Leftwing Union for the Socialist Democracy	198010	1980-10-05	30	FALSE	FALSE	1980	1980
35	Portugal	35520	CDS	Social Democratic Center Party	198010	1980-10-05	50	FALSE	FALSE	1980	1980
35	Portugal	35710	PPM	Popular Monarchist Party	198010	1980-10-05	70	FALSE	FALSE	1980	1980
35	Portugal	35110	PEV	Ecologist Party ‘The Greens'	198304	1983-04-25	10	FALSE	FALSE	1983	1980
35	Portugal	35210	UDP	Popular Democratic Union	198304	1983-04-25	20	FALSE	FALSE	1983	1980
35	Portugal	35220	PCP	Portuguese Communist Party	198304	1983-04-25	20	FALSE	FALSE	1983	1980
35	Portugal	35310	MDP	Popular Democratic Movement	198304	1983-04-25	30	FALSE	FALSE	1983	1980
35	Portugal	35311	PS	Socialist Party	198304	1983-04-25	30	FALSE	FALSE	1983	1980
35	Portugal	35313	PSD	Social Democratic Party	198304	1983-04-25	60	FALSE	FALSE	1983	1980
35	Portugal	35520	CDS	Social Democratic Center Party	198304	1983-04-25	50	FALSE	FALSE	1983	1980
35	Portugal	35710	PPM	Popular Monarchist Party	198304	1983-04-25	70	FALSE	FALSE	1983	1980
35	Portugal	35110	PEV	Ecologist Party ‘The Greens'	198510	1985-10-06	10	FALSE	FALSE	1985	1990
35	Portugal	35210	UDP	Popular Democratic Union	198510	1985-10-06	20	FALSE	FALSE	1985	1990
35	Portugal	35220	PCP	Portuguese Communist Party	198510	1985-10-06	20	FALSE	FALSE	1985	1990
35	Portugal	35310	MDP	Popular Democratic Movement	198510	1985-10-06	30	FALSE	FALSE	1985	1990
35	Portugal	35311	PS	Socialist Party	198510	1985-10-06	30	FALSE	FALSE	1985	1990
35	Portugal	35312	PRD	Democratic Renewal Party	198510	1985-10-06	30	FALSE	FALSE	1985	1990
35	Portugal	35313	PSD	Social Democratic Party	198510	1985-10-06	60	FALSE	FALSE	1985	1990
35	Portugal	35520	CDS	Social Democratic Center Party	198510	1985-10-06	50	FALSE	FALSE	1985	1990
35	Portugal	35110	PEV	Ecologist Party ‘The Greens'	198707	1987-07-19	10	FALSE	FALSE	1987	1990
35	Portugal	35210	UDP	Popular Democratic Union	198707	1987-07-19	20	FALSE	FALSE	1987	1990
35	Portugal	35220	PCP	Portuguese Communist Party	198707	1987-07-19	20	FALSE	FALSE	1987	1990
35	Portugal	35311	PS	Socialist Party	198707	1987-07-19	30	FALSE	FALSE	1987	1990
35	Portugal	35312	PRD	Democratic Renewal Party	198707	1987-07-19	30	FALSE	FALSE	1987	1990
35	Portugal	35313	PSD	Social Democratic Party	198707	1987-07-19	60	FALSE	FALSE	1987	1990
35	Portugal	35315	ID	Democratic Intervention	198707	1987-07-19	30	FALSE	FALSE	1987	1990
35	Portugal	35520	CDS	Social Democratic Center Party	198707	1987-07-19	50	FALSE	FALSE	1987	1990
35	Portugal	35220	PCP	Portuguese Communist Party	199110	1991-10-06	20	FALSE	FALSE	1991	1990
35	Portugal	35229	CDU	Unified Democratic Coalition	199110	1991-10-06	20	FALSE	FALSE	1991	1990
35	Portugal	35311	PS	Socialist Party	199110	1991-10-06	30	FALSE	FALSE	1991	1990
35	Portugal	35313	PSD	Social Democratic Party	199110	1991-10-06	60	FALSE	FALSE	1991	1990
35	Portugal	35520	CDS	Social Democratic Center Party	199110	1991-10-06	50	FALSE	FALSE	1991	1990
35	Portugal	35951	PSN	National Solidarity Party	199110	1991-10-06	95	FALSE	FALSE	1991	1990
35	Portugal	35220	PCP	Portuguese Communist Party	199510	1995-10-01	20	FALSE	FALSE	1995	2000
35	Portugal	35229	CDU	Unified Democratic Coalition	199510	1995-10-01	20	FALSE	FALSE	1995	2000
35	Portugal	35311	PS	Socialist Party	199510	1995-10-01	30	FALSE	FALSE	1995	2000
35	Portugal	35313	PSD	Social Democratic Party	199510	1995-10-01	60	FALSE	FALSE	1995	2000
35	Portugal	35520	CDS-PP	Social Democratic Center-Popular Party	199510	1995-10-01	50	FALSE	FALSE	1995	2000
35	Portugal	35211	BE	Left Bloc	199910	1999-10-10	20	TRUE	TRUE	1999	2000
35	Portugal	35220	PCP	Portuguese Communist Party	199910	1999-10-10	20	TRUE	TRUE	1999	2000
35	Portugal	35229	CDU	Unified Democratic Coalition	199910	1999-10-10	20	FALSE	FALSE	1999	2000
35	Portugal	35311	PS	Socialist Party	199910	1999-10-10	30	FALSE	FALSE	1999	2000
35	Portugal	35313	PSD	Social Democratic Party	199910	1999-10-10	60	TRUE	TRUE	1999	2000
35	Portugal	35520	CDS-PP	Social Democratic Center-Popular Party	199910	1999-10-10	50	FALSE	FALSE	1999	2000
35	Portugal	35110	PEV	Ecologist Party ‘The Greens'	200203	2002-03-17	10	FALSE	FALSE	2002	2000
35	Portugal	35211	BE	Left Bloc	200203	2002-03-17	20	FALSE	FALSE	2002	2000
35	Portugal	35220	PCP	Portuguese Communist Party	200203	2002-03-17	20	TRUE	TRUE	2002	2000
35	Portugal	35229	CDU	Unified Democratic Coalition	200203	2002-03-17	20	FALSE	FALSE	2002	2000
35	Portugal	35311	PS	Socialist Party	200203	2002-03-17	30	FALSE	FALSE	2002	2000
35	Portugal	35313	PSD	Social Democratic Party	200203	2002-03-17	60	FALSE	FALSE	2002	2000
35	Portugal	35520	CDS-PP	Social Democratic Center-Popular Party	200203	2002-03-17	50	FALSE	FALSE	2002	2000
35	Portugal	35110	PEV	Ecologist Party ‘The Greens'	200502	2005-02-20	10	TRUE	TRUE	2005	2010
35	Portugal	35211	BE	Left Bloc	200502	2005-02-20	20	FALSE	FALSE	2005	2010
35	Portugal	35220	PCP	Portuguese Communist Party	200502	2005-02-20	20	FALSE	FALSE	2005	2010
35	Portugal	35229	CDU	Unified Democratic Coalition	200502	2005-02-20	20	FALSE	FALSE	2005	2010
35	Portugal	35311	PS	Socialist Party	200502	2005-02-20	30	TRUE	TRUE	2005	2010
35	Portugal	35313	PSD	Social Democratic Party	200502	2005-02-20	60	FALSE	FALSE	2005	2010
35	Portugal	35520	CDS-PP	Social Democratic Center-Popular Party	200502	2005-02-20	50	FALSE	FALSE	2005	2010
35	Portugal	35110	PEV	Ecologist Party ‘The Greens'	200909	2009-09-27	10	FALSE	FALSE	2009	2010
35	Portugal	35211	BE	Left Bloc	200909	2009-09-27	20	FALSE	FALSE	2009	2010
35	Portugal	35220	PCP	Portuguese Communist Party	200909	2009-09-27	20	FALSE	FALSE	2009	2010
35	Portugal	35311	PS	Socialist Party	200909	2009-09-27	30	FALSE	FALSE	2009	2010
35	Portugal	35313	PSD	Social Democratic Party	200909	2009-09-27	60	FALSE	FALSE	2009	2010
35	Portugal	35520	CDS-PP	Social Democratic Center-Popular Party	200909	2009-09-27	50	FALSE	FALSE	2009	2010
35	Portugal	35110	PEV	Ecologist Party ‘The Greens'	201106	2011-06-05	10	TRUE	TRUE	2011	2010
35	Portugal	35211	BE	Left Bloc	201106	2011-06-05	20	TRUE	TRUE	2011	2010
35	Portugal	35220	PCP	Portuguese Communist Party	201106	2011-06-05	20	TRUE	TRUE	2011	2010
35	Portugal	35311	PS	Socialist Party	201106	2011-06-05	30	TRUE	TRUE	2011	2010
35	Portugal	35313	PSD	Social Democratic Party	201106	2011-06-05	60	TRUE	TRUE	2011	2010
35	Portugal	35520	CDS-PP	Social Democratic Center-Popular Party	201106	2011-06-05	50	TRUE	TRUE	2011	2010
35	Portugal	35060	PàF	Portugal Ahead	201510	2015-10-04	60	TRUE	TRUE	2015	2020
35	Portugal	35110	PEV	Ecologist Party ‘The Greens'	201510	2015-10-04	10	TRUE	TRUE	2015	2020
35	Portugal	35120	PAN	People-Animals-Nature	201510	2015-10-04	10	TRUE	TRUE	2015	2020
35	Portugal	35211	BE	Left Bloc	201510	2015-10-04	20	TRUE	TRUE	2015	2020
35	Portugal	35220	PCP	Portuguese Communist Party	201510	2015-10-04	20	TRUE	TRUE	2015	2020
35	Portugal	35311	PS	Socialist Party	201510	2015-10-04	30	TRUE	TRUE	2015	2020
35	Portugal	35110	PEV	Ecologist Party ‘The Greens'	201910	2019-10-06	10	TRUE	TRUE	2019	2020
35	Portugal	35120	PAN	People-Animals-Nature	201910	2019-10-06	10	TRUE	TRUE	2019	2020
35	Portugal	35130	L	Free	201910	2019-10-06	10	TRUE	TRUE	2019	2020
35	Portugal	35211	BE	Left Bloc	201910	2019-10-06	20	TRUE	TRUE	2019	2020
35	Portugal	35220	PCP	Portuguese Communist Party	201910	2019-10-06	20	TRUE	TRUE	2019	2020
35	Portugal	35311	PS	Socialist Party	201910	2019-10-06	30	TRUE	TRUE	2019	2020
35	Portugal	35313	PSD	Social Democratic Party	201910	2019-10-06	60	TRUE	TRUE	2019	2020
35	Portugal	35410	IL	Liberal Iniciative	201910	2019-10-06	40	TRUE	TRUE	2019	2020
35	Portugal	35520	CDS-PP	Social Democratic Center-Popular Party	201910	2019-10-06	50	TRUE	TRUE	2019	2020
35	Portugal	35720		Enough	201910	2019-10-06	70	TRUE	TRUE	2019	2020
41	Germany	41220	KPD	Communist Party of Germany	194908	1949-08-14	20	FALSE	FALSE	1949	1950
41	Germany	41320	SPD	Social Democratic Party of Germany	194908	1949-08-14	30	FALSE	FALSE	1949	1950
41	Germany	41420	FDP	Free Democratic Party	194908	1949-08-14	40	FALSE	FALSE	1949	1950
41	Germany	41521	CDU/CSU	Christian Democratic Union/Christian Social Union	194908	1949-08-14	50	FALSE	FALSE	1949	1950
41	Germany	41522	DZ	Centre Party	194908	1949-08-14	50	FALSE	FALSE	1949	1950
41	Germany	41620	DP	German Party	194908	1949-08-14	60	FALSE	FALSE	1949	1950
41	Germany	41711	WAV	Economic Reconstruction League	194908	1949-08-14	70	FALSE	FALSE	1949	1950
41	Germany	41712	DRP	German Reich Party	194908	1949-08-14	70	FALSE	FALSE	1949	1950
41	Germany	41911	BP	Bavarian Party	194908	1949-08-14	90	FALSE	FALSE	1949	1950
41	Germany	41912	SSW	South Schleswig Voters’ Union	194908	1949-08-14	90	FALSE	FALSE	1949	1950
41	Germany	41320	SPD	Social Democratic Party of Germany	195309	1953-09-06	30	FALSE	FALSE	1953	1950
41	Germany	41420	FDP	Free Democratic Party	195309	1953-09-06	40	FALSE	FALSE	1953	1950
41	Germany	41521	CDU/CSU	Christian Democratic Union/Christian Social Union	195309	1953-09-06	50	FALSE	FALSE	1953	1950
41	Germany	41522	DZ	Centre Party	195309	1953-09-06	50	FALSE	FALSE	1953	1950
41	Germany	41620	DP	German Party	195309	1953-09-06	60	FALSE	FALSE	1953	1950
41	Germany	41951	GB/BHE	Refugee Party	195309	1953-09-06	95	FALSE	FALSE	1953	1950
41	Germany	41320	SPD	Social Democratic Party of Germany	195709	1957-09-15	30	FALSE	FALSE	1957	1960
41	Germany	41420	FDP	Free Democratic Party	195709	1957-09-15	40	FALSE	FALSE	1957	1960
41	Germany	41521	CDU/CSU	Christian Democratic Union/Christian Social Union	195709	1957-09-15	50	FALSE	FALSE	1957	1960
41	Germany	41620	DP	German Party	195709	1957-09-15	60	FALSE	FALSE	1957	1960
41	Germany	41320	SPD	Social Democratic Party of Germany	196109	1961-09-17	30	FALSE	FALSE	1961	1960
41	Germany	41420	FDP	Free Democratic Party	196109	1961-09-17	40	FALSE	FALSE	1961	1960
41	Germany	41521	CDU/CSU	Christian Democratic Union/Christian Social Union	196109	1961-09-17	50	FALSE	FALSE	1961	1960
41	Germany	41320	SPD	Social Democratic Party of Germany	196509	1965-09-19	30	FALSE	FALSE	1965	1970
41	Germany	41420	FDP	Free Democratic Party	196509	1965-09-19	40	FALSE	FALSE	1965	1970
41	Germany	41521	CDU/CSU	Christian Democratic Union/Christian Social Union	196509	1965-09-19	50	FALSE	FALSE	1965	1970
41	Germany	41320	SPD	Social Democratic Party of Germany	196909	1969-09-28	30	FALSE	FALSE	1969	1970
41	Germany	41420	FDP	Free Democratic Party	196909	1969-09-28	40	FALSE	FALSE	1969	1970
41	Germany	41521	CDU/CSU	Christian Democratic Union/Christian Social Union	196909	1969-09-28	50	FALSE	FALSE	1969	1970
41	Germany	41320	SPD	Social Democratic Party of Germany	197211	1972-11-19	30	FALSE	FALSE	1972	1970
41	Germany	41420	FDP	Free Democratic Party	197211	1972-11-19	40	FALSE	FALSE	1972	1970
41	Germany	41521	CDU/CSU	Christian Democratic Union/Christian Social Union	197211	1972-11-19	50	FALSE	FALSE	1972	1970
41	Germany	41320	SPD	Social Democratic Party of Germany	197610	1976-10-03	30	FALSE	FALSE	1976	1980
41	Germany	41420	FDP	Free Democratic Party	197610	1976-10-03	40	FALSE	FALSE	1976	1980
41	Germany	41521	CDU/CSU	Christian Democratic Union/Christian Social Union	197610	1976-10-03	50	FALSE	FALSE	1976	1980
41	Germany	41320	SPD	Social Democratic Party of Germany	198010	1980-10-05	30	FALSE	FALSE	1980	1980
41	Germany	41420	FDP	Free Democratic Party	198010	1980-10-05	40	FALSE	FALSE	1980	1980
41	Germany	41521	CDU/CSU	Christian Democratic Union/Christian Social Union	198010	1980-10-05	50	FALSE	FALSE	1980	1980
41	Germany	41111		The Greens	198303	1983-03-06	10	FALSE	FALSE	1983	1980
41	Germany	41320	SPD	Social Democratic Party of Germany	198303	1983-03-06	30	FALSE	FALSE	1983	1980
41	Germany	41420	FDP	Free Democratic Party	198303	1983-03-06	40	FALSE	FALSE	1983	1980
41	Germany	41521	CDU/CSU	Christian Democratic Union/Christian Social Union	198303	1983-03-06	50	FALSE	FALSE	1983	1980
41	Germany	41111		The Greens	198701	1987-01-25	10	FALSE	FALSE	1987	1990
41	Germany	41320	SPD	Social Democratic Party of Germany	198701	1987-01-25	30	FALSE	FALSE	1987	1990
41	Germany	41420	FDP	Free Democratic Party	198701	1987-01-25	40	FALSE	FALSE	1987	1990
41	Germany	41521	CDU/CSU	Christian Democratic Union/Christian Social Union	198701	1987-01-25	50	FALSE	FALSE	1987	1990
41	Germany	41112	Greens/90	Greens/Alliance‘90	199012	1990-12-02	10	FALSE	FALSE	1990	1990
41	Germany	41221	PDS	Party of Democratic Socialism	199012	1990-12-02	20	FALSE	FALSE	1990	1990
41	Germany	41320	SPD	Social Democratic Party of Germany	199012	1990-12-02	30	FALSE	FALSE	1990	1990
41	Germany	41420	FDP	Free Democratic Party	199012	1990-12-02	40	FALSE	FALSE	1990	1990
41	Germany	41521	CDU/CSU	Christian Democratic Union/Christian Social Union	199012	1990-12-02	50	FALSE	FALSE	1990	1990
41	Germany	41113	90/Greens	Alliance‘90/Greens	199410	1994-10-16	10	FALSE	FALSE	1994	1990
41	Germany	41221	PDS	Party of Democratic Socialism	199410	1994-10-16	20	FALSE	FALSE	1994	1990
41	Germany	41320	SPD	Social Democratic Party of Germany	199410	1994-10-16	30	FALSE	FALSE	1994	1990
41	Germany	41420	FDP	Free Democratic Party	199410	1994-10-16	40	FALSE	FALSE	1994	1990
41	Germany	41521	CDU/CSU	Christian Democratic Union/Christian Social Union	199410	1994-10-16	50	FALSE	FALSE	1994	1990
41	Germany	41113	90/Greens	Alliance‘90/Greens	199809	1998-09-27	10	TRUE	TRUE	1998	2000
41	Germany	41221	PDS	Party of Democratic Socialism	199809	1998-09-27	20	TRUE	TRUE	1998	2000
41	Germany	41320	SPD	Social Democratic Party of Germany	199809	1998-09-27	30	TRUE	TRUE	1998	2000
41	Germany	41420	FDP	Free Democratic Party	199809	1998-09-27	40	TRUE	TRUE	1998	2000
41	Germany	41521	CDU/CSU	Christian Democratic Union/Christian Social Union	199809	1998-09-27	50	TRUE	TRUE	1998	2000
41	Germany	41113	90/Greens	Alliance‘90/Greens	200209	2002-09-22	10	TRUE	TRUE	2002	2000
41	Germany	41221	PDS	Party of Democratic Socialism	200209	2002-09-22	20	TRUE	TRUE	2002	2000
41	Germany	41320	SPD	Social Democratic Party of Germany	200209	2002-09-22	30	TRUE	TRUE	2002	2000
41	Germany	41420	FDP	Free Democratic Party	200209	2002-09-22	40	TRUE	TRUE	2002	2000
41	Germany	41521	CDU/CSU	Christian Democratic Union/Christian Social Union	200209	2002-09-22	50	TRUE	TRUE	2002	2000
41	Germany	41113	90/Greens	Alliance‘90/Greens	200509	2005-09-18	10	TRUE	TRUE	2005	2010
41	Germany	41222	L-PDS	The Left. Party of Democratic Socialism	200509	2005-09-18	20	TRUE	TRUE	2005	2010
41	Germany	41320	SPD	Social Democratic Party of Germany	200509	2005-09-18	30	TRUE	TRUE	2005	2010
41	Germany	41420	FDP	Free Democratic Party	200509	2005-09-18	40	TRUE	TRUE	2005	2010
41	Germany	41521	CDU/CSU	Christian Democratic Union/Christian Social Union	200509	2005-09-18	50	TRUE	TRUE	2005	2010
41	Germany	41113	90/Greens	Alliance‘90/Greens	200909	2009-09-27	10	TRUE	TRUE	2009	2010
41	Germany	41223	LINKE	The Left	200909	2009-09-27	20	TRUE	TRUE	2009	2010
41	Germany	41320	SPD	Social Democratic Party of Germany	200909	2009-09-27	30	TRUE	TRUE	2009	2010
41	Germany	41420	FDP	Free Democratic Party	200909	2009-09-27	40	TRUE	TRUE	2009	2010
41	Germany	41521	CDU/CSU	Christian Democratic Union/Christian Social Union	200909	2009-09-27	50	TRUE	TRUE	2009	2010
41	Germany	41113	90/Greens	Alliance‘90/Greens	201309	2013-09-22	10	TRUE	TRUE	2013	2010
41	Germany	41223	LINKE	The Left	201309	2013-09-22	20	TRUE	TRUE	2013	2010
41	Germany	41320	SPD	Social Democratic Party of Germany	201309	2013-09-22	30	TRUE	TRUE	2013	2010
41	Germany	41420	FDP	Free Democratic Party	201309	2013-09-22	40	TRUE	TRUE	2013	2010
41	Germany	41521	CDU/CSU	Christian Democratic Union/Christian Social Union	201309	2013-09-22	50	TRUE	TRUE	2013	2010
41	Germany	41952		Pirates	201309	2013-09-22	95	TRUE	TRUE	2013	2010
41	Germany	41953	AfD	Alternative for Germany	201309	2013-09-22	70	TRUE	TRUE	2013	2010
41	Germany	41113	90/Greens	Alliance‘90/Greens	201709	2017-09-24	10	TRUE	TRUE	2017	2020
41	Germany	41223	LINKE	The Left	201709	2017-09-24	20	TRUE	TRUE	2017	2020
41	Germany	41320	SPD	Social Democratic Party of Germany	201709	2017-09-24	30	TRUE	TRUE	2017	2020
41	Germany	41420	FDP	Free Democratic Party	201709	2017-09-24	40	TRUE	TRUE	2017	2020
41	Germany	41521	CDU/CSU	Christian Democratic Union/Christian Social Union	201709	2017-09-24	50	TRUE	TRUE	2017	2020
41	Germany	41953	AfD	Alternative for Germany	201709	2017-09-24	70	TRUE	TRUE	2017	2020
41	Germany	41113	90/Greens	Alliance‘90/Greens	202109	2021-09-26	10	TRUE	TRUE	2021	2020
41	Germany	41223	LINKE	The Left	202109	2021-09-26	20	TRUE	TRUE	2021	2020
41	Germany	41320	SPD	Social Democratic Party of Germany	202109	2021-09-26	30	TRUE	TRUE	2021	2020
41	Germany	41420	FDP	Free Democratic Party	202109	2021-09-26	40	TRUE	TRUE	2021	2020
41	Germany	41521	CDU/CSU	Christian Democratic Union/Christian Social Union	202109	2021-09-26	50	TRUE	TRUE	2021	2020
41	Germany	41912	SSW	South Schleswig Voters’ Union	202109	2021-09-26	90	TRUE	TRUE	2021	2020
41	Germany	41953	AfD	Alternative for Germany	202109	2021-09-26	70	TRUE	TRUE	2021	2020
42	Austria	42320	SPÖ	Austrian Social Democratic Party	194910	1949-10-09	30	FALSE	FALSE	1949	1950
42	Austria	42420	VdU	League of Independents	194910	1949-10-09	70	FALSE	FALSE	1949	1950
42	Austria	42520	ÖVP	Austrian People’s Party	194910	1949-10-09	50	FALSE	FALSE	1949	1950
42	Austria	42320	SPÖ	Austrian Social Democratic Party	195302	1953-02-22	30	FALSE	FALSE	1953	1950
42	Austria	42420	VdU	League of Independents	195302	1953-02-22	70	FALSE	FALSE	1953	1950
42	Austria	42520	ÖVP	Austrian People’s Party	195302	1953-02-22	50	FALSE	FALSE	1953	1950
42	Austria	42320	SPÖ	Austrian Social Democratic Party	195605	1956-05-13	30	FALSE	FALSE	1956	1960
42	Austria	42420	FPÖ	Austrian Freedom Party	195605	1956-05-13	70	FALSE	FALSE	1956	1960
42	Austria	42520	ÖVP	Austrian People’s Party	195605	1956-05-13	50	FALSE	FALSE	1956	1960
42	Austria	42320	SPÖ	Austrian Social Democratic Party	195905	1959-05-10	30	FALSE	FALSE	1959	1960
42	Austria	42420	FPÖ	Austrian Freedom Party	195905	1959-05-10	70	FALSE	FALSE	1959	1960
42	Austria	42520	ÖVP	Austrian People’s Party	195905	1959-05-10	50	FALSE	FALSE	1959	1960
42	Austria	42320	SPÖ	Austrian Social Democratic Party	196211	1962-11-18	30	FALSE	FALSE	1962	1960
42	Austria	42420	FPÖ	Austrian Freedom Party	196211	1962-11-18	70	FALSE	FALSE	1962	1960
42	Austria	42520	ÖVP	Austrian People’s Party	196211	1962-11-18	50	FALSE	FALSE	1962	1960
42	Austria	42320	SPÖ	Austrian Social Democratic Party	196603	1966-03-06	30	FALSE	FALSE	1966	1970
42	Austria	42420	FPÖ	Austrian Freedom Party	196603	1966-03-06	70	FALSE	FALSE	1966	1970
42	Austria	42520	ÖVP	Austrian People’s Party	196603	1966-03-06	50	FALSE	FALSE	1966	1970
42	Austria	42320	SPÖ	Austrian Social Democratic Party	197003	1970-03-01	30	FALSE	FALSE	1970	1970
42	Austria	42420	FPÖ	Austrian Freedom Party	197003	1970-03-01	70	FALSE	FALSE	1970	1970
42	Austria	42520	ÖVP	Austrian People’s Party	197003	1970-03-01	50	FALSE	FALSE	1970	1970
42	Austria	42320	SPÖ	Austrian Social Democratic Party	197110	1971-10-10	30	FALSE	FALSE	1971	1970
42	Austria	42420	FPÖ	Austrian Freedom Party	197110	1971-10-10	70	FALSE	FALSE	1971	1970
42	Austria	42520	ÖVP	Austrian People’s Party	197110	1971-10-10	50	FALSE	FALSE	1971	1970
42	Austria	42320	SPÖ	Austrian Social Democratic Party	197510	1975-10-05	30	FALSE	FALSE	1975	1980
42	Austria	42420	FPÖ	Austrian Freedom Party	197510	1975-10-05	70	FALSE	FALSE	1975	1980
42	Austria	42520	ÖVP	Austrian People’s Party	197510	1975-10-05	50	FALSE	FALSE	1975	1980
42	Austria	42320	SPÖ	Austrian Social Democratic Party	197905	1979-05-06	30	FALSE	FALSE	1979	1980
42	Austria	42420	FPÖ	Austrian Freedom Party	197905	1979-05-06	70	FALSE	FALSE	1979	1980
42	Austria	42520	ÖVP	Austrian People’s Party	197905	1979-05-06	50	FALSE	FALSE	1979	1980
42	Austria	42320	SPÖ	Austrian Social Democratic Party	198304	1983-04-24	30	FALSE	FALSE	1983	1980
42	Austria	42420	FPÖ	Austrian Freedom Party	198304	1983-04-24	70	FALSE	FALSE	1983	1980
42	Austria	42520	ÖVP	Austrian People’s Party	198304	1983-04-24	50	FALSE	FALSE	1983	1980
42	Austria	42110	GA	Green Alternative	198611	1986-11-23	10	FALSE	FALSE	1986	1990
42	Austria	42320	SPÖ	Austrian Social Democratic Party	198611	1986-11-23	30	FALSE	FALSE	1986	1990
42	Austria	42420	FPÖ	Austrian Freedom Party	198611	1986-11-23	70	FALSE	FALSE	1986	1990
42	Austria	42520	ÖVP	Austrian People’s Party	198611	1986-11-23	50	FALSE	FALSE	1986	1990
42	Austria	42110	GA	Green Alternative	199010	1990-10-07	10	FALSE	FALSE	1990	1990
42	Austria	42320	SPÖ	Austrian Social Democratic Party	199010	1990-10-07	30	FALSE	FALSE	1990	1990
42	Austria	42420	FPÖ	Austrian Freedom Party	199010	1990-10-07	70	FALSE	FALSE	1990	1990
42	Austria	42520	ÖVP	Austrian People’s Party	199010	1990-10-07	50	FALSE	FALSE	1990	1990
42	Austria	42110	GRÜNE	The Greens	199410	1994-10-09	10	FALSE	FALSE	1994	1990
42	Austria	42320	SPÖ	Austrian Social Democratic Party	199410	1994-10-09	30	FALSE	FALSE	1994	1990
42	Austria	42420	FPÖ	Austrian Freedom Party	199410	1994-10-09	70	FALSE	FALSE	1994	1990
42	Austria	42421	LIF	Liberal Forum	199410	1994-10-09	40	FALSE	FALSE	1994	1990
42	Austria	42520	ÖVP	Austrian People’s Party	199410	1994-10-09	50	FALSE	FALSE	1994	1990
42	Austria	42110	GRÜNE	The Greens	199512	1995-12-17	10	FALSE	FALSE	1995	2000
42	Austria	42320	SPÖ	Austrian Social Democratic Party	199512	1995-12-17	30	FALSE	FALSE	1995	2000
42	Austria	42420		Freedom Movement	199512	1995-12-17	70	FALSE	FALSE	1995	2000
42	Austria	42421	LIF	Liberal Forum	199512	1995-12-17	40	FALSE	FALSE	1995	2000
42	Austria	42520	ÖVP	Austrian People’s Party	199512	1995-12-17	50	FALSE	FALSE	1995	2000
42	Austria	42110	GRÜNE	The Greens	199910	1999-10-03	10	TRUE	TRUE	1999	2000
42	Austria	42320	SPÖ	Austrian Social Democratic Party	199910	1999-10-03	30	TRUE	TRUE	1999	2000
42	Austria	42420	FPÖ	Austrian Freedom Party	199910	1999-10-03	70	TRUE	TRUE	1999	2000
42	Austria	42520	ÖVP	Austrian People’s Party	199910	1999-10-03	50	TRUE	TRUE	1999	2000
42	Austria	42110	GRÜNE	The Greens	200211	2002-11-24	10	TRUE	TRUE	2002	2000
42	Austria	42220	KPÖ	Austrian Communist Party	200211	2002-11-24	20	FALSE	FALSE	2002	2000
42	Austria	42320	SPÖ	Austrian Social Democratic Party	200211	2002-11-24	30	TRUE	TRUE	2002	2000
42	Austria	42420	FPÖ	Austrian Freedom Party	200211	2002-11-24	70	TRUE	TRUE	2002	2000
42	Austria	42520	ÖVP	Austrian People’s Party	200211	2002-11-24	50	TRUE	TRUE	2002	2000
42	Austria	42110	GRÜNE	The Greens	200610	2006-10-01	10	TRUE	TRUE	2006	2010
42	Austria	42320	SPÖ	Austrian Social Democratic Party	200610	2006-10-01	30	TRUE	TRUE	2006	2010
42	Austria	42420	FPÖ	Austrian Freedom Party	200610	2006-10-01	70	TRUE	TRUE	2006	2010
42	Austria	42520	ÖVP	Austrian People’s Party	200610	2006-10-01	50	TRUE	TRUE	2006	2010
42	Austria	42710	BZÖ	Alliance for the Future of Austria	200610	2006-10-01	70	TRUE	TRUE	2006	2010
42	Austria	42110	GRÜNE	The Greens	200809	2008-09-28	10	TRUE	TRUE	2008	2010
42	Austria	42220	KPÖ	Austrian Communist Party	200809	2008-09-28	20	TRUE	TRUE	2008	2010
42	Austria	42320	SPÖ	Austrian Social Democratic Party	200809	2008-09-28	30	TRUE	TRUE	2008	2010
42	Austria	42420	FPÖ	Austrian Freedom Party	200809	2008-09-28	70	TRUE	TRUE	2008	2010
42	Austria	42520	ÖVP	Austrian People’s Party	200809	2008-09-28	50	TRUE	TRUE	2008	2010
42	Austria	42710	BZÖ	Alliance for the Future of Austria	200809	2008-09-28	70	TRUE	TRUE	2008	2010
42	Austria	42110	GRÜNE	The Greens	201309	2013-09-29	10	TRUE	TRUE	2013	2010
42	Austria	42320	SPÖ	Austrian Social Democratic Party	201309	2013-09-29	30	TRUE	TRUE	2013	2010
42	Austria	42420	FPÖ	Austrian Freedom Party	201309	2013-09-29	70	TRUE	TRUE	2013	2010
42	Austria	42430	NEOS	The New Austria	201309	2013-09-29	40	TRUE	TRUE	2013	2010
42	Austria	42520	ÖVP	Austrian People’s Party	201309	2013-09-29	50	TRUE	TRUE	2013	2010
42	Austria	42951	TS	Team Stronach for Austria	201309	2013-09-29	95	TRUE	TRUE	2013	2010
42	Austria	42110	GRÜNE	The Greens	201710	2017-10-15	10	TRUE	TRUE	2017	2020
42	Austria	42120	PILZ	Peter Pilz List	201710	2017-10-15	10	TRUE	TRUE	2017	2020
42	Austria	42320	SPÖ	Austrian Social Democratic Party	201710	2017-10-15	30	TRUE	TRUE	2017	2020
42	Austria	42420	FPÖ	Austrian Freedom Party	201710	2017-10-15	70	TRUE	TRUE	2017	2020
42	Austria	42430	NEOS	The New Austria and Liberal Forum	201710	2017-10-15	40	TRUE	TRUE	2017	2020
42	Austria	42520	ÖVP	Austrian People’s Party	201710	2017-10-15	50	TRUE	TRUE	2017	2020
42	Austria	42110	GRÜNE	The Greens	201909	2019-09-29	10	TRUE	TRUE	2019	2020
42	Austria	42320	SPÖ	Austrian Social Democratic Party	201909	2019-09-29	30	TRUE	TRUE	2019	2020
42	Austria	42420	FPÖ	Austrian Freedom Party	201909	2019-09-29	70	TRUE	TRUE	2019	2020
42	Austria	42430	NEOS	The New Austria and Liberal Forum	201909	2019-09-29	40	TRUE	TRUE	2019	2020
42	Austria	42520	ÖVP	Austrian People’s Party	201909	2019-09-29	50	TRUE	TRUE	2019	2020
43	Switzerland	43320	SPS/PSS	Social Democratic Party of Switzerland	194710	1947-10-26	30	FALSE	FALSE	1947	1950
43	Switzerland	43321	LdU/AdI	Independents’ Alliance	194710	1947-10-26	30	FALSE	FALSE	1947	1950
43	Switzerland	43420	FDP/PRD	Radical Democratic Party	194710	1947-10-26	40	FALSE	FALSE	1947	1950
43	Switzerland	43520		Conservative People’s Party	194710	1947-10-26	50	FALSE	FALSE	1947	1950
43	Switzerland	43810	BGB/PAB	Farmers’, Traders’ and Citizens’ Party	194710	1947-10-26	70	FALSE	FALSE	1947	1950
43	Switzerland	43320	SPS/PSS	Social Democratic Party of Switzerland	195110	1951-10-28	30	FALSE	FALSE	1951	1950
43	Switzerland	43321	LdU/AdI	Independents’ Alliance	195110	1951-10-28	30	FALSE	FALSE	1951	1950
43	Switzerland	43420	FDP/PRD	Radical Democratic Party	195110	1951-10-28	40	FALSE	FALSE	1951	1950
43	Switzerland	43520		Conservative People’s Party	195110	1951-10-28	50	FALSE	FALSE	1951	1950
43	Switzerland	43810	BGB/PAB	Farmers’, Traders’ and Citizens’ Party	195110	1951-10-28	70	FALSE	FALSE	1951	1950
43	Switzerland	43320	SPS/PSS	Social Democratic Party of Switzerland	195510	1955-10-30	30	FALSE	FALSE	1955	1960
43	Switzerland	43321	LdU/AdI	Independents’ Alliance	195510	1955-10-30	30	FALSE	FALSE	1955	1960
43	Switzerland	43420	FDP/PRD	Radical Democratic Party	195510	1955-10-30	40	FALSE	FALSE	1955	1960
43	Switzerland	43520		Conservative People’s Party	195510	1955-10-30	50	FALSE	FALSE	1955	1960
43	Switzerland	43810	BGB/PAB	Farmers’, Traders’ and Citizens’ Party	195510	1955-10-30	70	FALSE	FALSE	1955	1960
43	Switzerland	43320	SPS/PSS	Social Democratic Party of Switzerland	195910	1959-10-25	30	FALSE	FALSE	1959	1960
43	Switzerland	43321	LdU/AdI	Independents’ Alliance	195910	1959-10-25	30	FALSE	FALSE	1959	1960
43	Switzerland	43420	FDP/PRD	Radical Democratic Party	195910	1959-10-25	40	FALSE	FALSE	1959	1960
43	Switzerland	43520		Conservative Christian Social Party	195910	1959-10-25	50	FALSE	FALSE	1959	1960
43	Switzerland	43810	BGB/PAB	Farmers’, Traders’ and Citizens’ Party	195910	1959-10-25	70	FALSE	FALSE	1959	1960
43	Switzerland	43320	SPS/PSS	Social Democratic Party of Switzerland	196310	1963-10-27	30	FALSE	FALSE	1963	1960
43	Switzerland	43321	LdU/AdI	Independents’ Alliance	196310	1963-10-27	30	FALSE	FALSE	1963	1960
43	Switzerland	43420	FDP/PRD	Radical Democratic Party	196310	1963-10-27	40	FALSE	FALSE	1963	1960
43	Switzerland	43520		Conservative Christian Social Party	196310	1963-10-27	50	FALSE	FALSE	1963	1960
43	Switzerland	43810	BGB/PAB	Farmers’, Traders’ and Citizens’ Party	196310	1963-10-27	70	FALSE	FALSE	1963	1960
43	Switzerland	43320	SPS/PSS	Social Democratic Party of Switzerland	196710	1967-10-29	30	FALSE	FALSE	1967	1970
43	Switzerland	43321	LdU/AdI	Independents’ Alliance	196710	1967-10-29	30	FALSE	FALSE	1967	1970
43	Switzerland	43420	FDP/PRD	Radical Democratic Party	196710	1967-10-29	40	FALSE	FALSE	1967	1970
43	Switzerland	43520		Conservative Christian Social Party	196710	1967-10-29	50	FALSE	FALSE	1967	1970
43	Switzerland	43810	BGB/PAB	Farmers’, Traders’ and Citizens’ Party	196710	1967-10-29	70	FALSE	FALSE	1967	1970
43	Switzerland	43320	SPS/PSS	Social Democratic Party of Switzerland	197110	1971-10-31	30	FALSE	FALSE	1971	1970
43	Switzerland	43321	LdU/AdI	Independents’ Alliance	197110	1971-10-31	30	FALSE	FALSE	1971	1970
43	Switzerland	43420	FDP/PRD	Radical Democratic Party	197110	1971-10-31	40	FALSE	FALSE	1971	1970
43	Switzerland	43520	CVP/PDC	Christian Democratic People’s Party of Switzerland	197110	1971-10-31	50	FALSE	FALSE	1971	1970
43	Switzerland	43530	EVP/PEV	Protestant People’s Party of Switzerland	197110	1971-10-31	50	FALSE	FALSE	1971	1970
43	Switzerland	43710	NA/AN	National Action against Foreign Domination	197110	1971-10-31	70	FALSE	FALSE	1971	1970
43	Switzerland	43810	SVP/UDC	Swiss People’s Party	197110	1971-10-31	70	FALSE	FALSE	1971	1970
43	Switzerland	43320	SPS/PSS	Social Democratic Party of Switzerland	197510	1975-10-26	30	FALSE	FALSE	1975	1980
43	Switzerland	43321	LdU/AdI	Independents’ Alliance	197510	1975-10-26	30	FALSE	FALSE	1975	1980
43	Switzerland	43420	FDP/PRD	Radical Democratic Party	197510	1975-10-26	40	FALSE	FALSE	1975	1980
43	Switzerland	43520	CVP/PDC	Christian Democratic People’s Party of Switzerland	197510	1975-10-26	50	FALSE	FALSE	1975	1980
43	Switzerland	43530	EVP/PEV	Protestant People’s Party of Switzerland	197510	1975-10-26	50	FALSE	FALSE	1975	1980
43	Switzerland	43710	NA/AN	National Action against Foreign Domination	197510	1975-10-26	70	FALSE	FALSE	1975	1980
43	Switzerland	43810	SVP/UDC	Swiss People’s Party	197510	1975-10-26	70	FALSE	FALSE	1975	1980
43	Switzerland	43110		Greens	197910	1979-10-21	10	FALSE	FALSE	1979	1980
43	Switzerland	43320	SPS/PSS	Social Democratic Party of Switzerland	197910	1979-10-21	30	FALSE	FALSE	1979	1980
43	Switzerland	43321	LdU/AdI	Independents’ Alliance	197910	1979-10-21	30	FALSE	FALSE	1979	1980
43	Switzerland	43420	FDP/PRD	Radical Democratic Party	197910	1979-10-21	40	FALSE	FALSE	1979	1980
43	Switzerland	43520	CVP/PDC	Christian Democratic People’s Party of Switzerland	197910	1979-10-21	50	FALSE	FALSE	1979	1980
43	Switzerland	43530	EVP/PEV	Protestant People’s Party of Switzerland	197910	1979-10-21	50	FALSE	FALSE	1979	1980
43	Switzerland	43710	NA/AN	National Action for People and Fatherland	197910	1979-10-21	70	FALSE	FALSE	1979	1980
43	Switzerland	43810	SVP/UDC	Swiss People’s Party	197910	1979-10-21	70	FALSE	FALSE	1979	1980
43	Switzerland	43110	GPS/FPE	Federation of Green Parties	198310	1983-10-23	10	FALSE	FALSE	1983	1980
43	Switzerland	43320	SPS/PSS	Social Democratic Party of Switzerland	198310	1983-10-23	30	FALSE	FALSE	1983	1980
43	Switzerland	43321	LdU/AdI	Independents’ Alliance	198310	1983-10-23	30	FALSE	FALSE	1983	1980
43	Switzerland	43420	FDP/PRD	Radical Democratic Party	198310	1983-10-23	40	FALSE	FALSE	1983	1980
43	Switzerland	43520	CVP/PDC	Christian Democratic People’s Party of Switzerland	198310	1983-10-23	50	FALSE	FALSE	1983	1980
43	Switzerland	43530	EVP/PEV	Protestant People’s Party of Switzerland	198310	1983-10-23	50	FALSE	FALSE	1983	1980
43	Switzerland	43710	NA/AN	National Action for People and Fatherland	198310	1983-10-23	70	FALSE	FALSE	1983	1980
43	Switzerland	43810	SVP/UDC	Swiss People’s Party	198310	1983-10-23	70	FALSE	FALSE	1983	1980
43	Switzerland	43110	GPS/PES	Green Party of Switzerland	198710	1987-10-18	10	FALSE	FALSE	1987	1990
43	Switzerland	43320	SPS/PSS	Social Democratic Party of Switzerland	198710	1987-10-18	30	FALSE	FALSE	1987	1990
43	Switzerland	43321	LdU/AdI	Independents’ Alliance	198710	1987-10-18	30	FALSE	FALSE	1987	1990
43	Switzerland	43420	FDP/PRD	Radical Democratic Party	198710	1987-10-18	40	FALSE	FALSE	1987	1990
43	Switzerland	43520	CVP/PDC	Christian Democratic People’s Party of Switzerland	198710	1987-10-18	50	FALSE	FALSE	1987	1990
43	Switzerland	43530	EVP/PEV	Protestant People’s Party of Switzerland	198710	1987-10-18	50	FALSE	FALSE	1987	1990
43	Switzerland	43710	NA/AN	National Action for People and Fatherland	198710	1987-10-18	70	FALSE	FALSE	1987	1990
43	Switzerland	43810	SVP/UDC	Swiss People’s Party	198710	1987-10-18	70	FALSE	FALSE	1987	1990
43	Switzerland	43951		Swiss Motorists’ Party	198710	1987-10-18	95	FALSE	FALSE	1987	1990
43	Switzerland	43110	GPS/PES	Green Party of Switzerland	199110	1991-10-20	10	FALSE	FALSE	1991	1990
43	Switzerland	43220	PdAS/PdTS	Swiss Labour Party	199110	1991-10-20	20	FALSE	FALSE	1991	1990
43	Switzerland	43320	SPS/PSS	Social Democratic Party of Switzerland	199110	1991-10-20	30	FALSE	FALSE	1991	1990
43	Switzerland	43321	LdU/AdI	Independents’ Alliance	199110	1991-10-20	30	FALSE	FALSE	1991	1990
43	Switzerland	43420	FDP/PRD	Radical Democratic Party	199110	1991-10-20	40	FALSE	FALSE	1991	1990
43	Switzerland	43520	CVP/PDC	Christian Democratic People’s Party of Switzerland	199110	1991-10-20	50	FALSE	FALSE	1991	1990
43	Switzerland	43530	EVP/PEV	Protestant People’s Party of Switzerland	199110	1991-10-20	50	FALSE	FALSE	1991	1990
43	Switzerland	43531	LPS/PLS	Liberal Party of Switzerland	199110	1991-10-20	40	FALSE	FALSE	1991	1990
43	Switzerland	43710	SD/DS	Swiss Democrats	199110	1991-10-20	70	FALSE	FALSE	1991	1990
43	Switzerland	43711	EDU/UDF	Federal Democratic Union	199110	1991-10-20	70	FALSE	FALSE	1991	1990
43	Switzerland	43810	SVP/UDC	Swiss People’s Party	199110	1991-10-20	70	FALSE	FALSE	1991	1990
43	Switzerland	43951		Swiss Motorists’ Party	199110	1991-10-20	95	FALSE	FALSE	1991	1990
43	Switzerland	43110	GPS/PES	Green Party of Switzerland	199510	1995-10-22	10	FALSE	FALSE	1995	2000
43	Switzerland	43220	PdAS/PdTS	Swiss Labour Party	199510	1995-10-22	20	FALSE	FALSE	1995	2000
43	Switzerland	43320	SPS/PSS	Social Democratic Party of Switzerland	199510	1995-10-22	30	FALSE	FALSE	1995	2000
43	Switzerland	43321	LdU/AdI	Independents’ Alliance	199510	1995-10-22	30	FALSE	FALSE	1995	2000
43	Switzerland	43420	FDP/PRD	Radical Democratic Party	199510	1995-10-22	40	FALSE	FALSE	1995	2000
43	Switzerland	43520	CVP/PDC	Christian Democratic People’s Party of Switzerland	199510	1995-10-22	50	FALSE	FALSE	1995	2000
43	Switzerland	43530	EVP/PEV	Protestant People’s Party of Switzerland	199510	1995-10-22	50	FALSE	FALSE	1995	2000
43	Switzerland	43531	LPS/PLS	Liberal Party of Switzerland	199510	1995-10-22	40	FALSE	FALSE	1995	2000
43	Switzerland	43710	SD/DS	Swiss Democrats	199510	1995-10-22	70	FALSE	FALSE	1995	2000
43	Switzerland	43711	EDU/UDF	Federal Democratic Union	199510	1995-10-22	70	FALSE	FALSE	1995	2000
43	Switzerland	43810	SVP/UDC	Swiss People’s Party	199510	1995-10-22	70	FALSE	FALSE	1995	2000
43	Switzerland	43951	FPS	Freedom Party of Switzerland	199510	1995-10-22	95	FALSE	FALSE	1995	2000
43	Switzerland	43110	GPS/PES	Green Party of Switzerland	199910	1999-10-24	10	TRUE	TRUE	1999	2000
43	Switzerland	43220	PdAS/PdTS	Swiss Labour Party	199910	1999-10-24	20	FALSE	FALSE	1999	2000
43	Switzerland	43320	SPS/PSS	Social Democratic Party of Switzerland	199910	1999-10-24	30	TRUE	TRUE	1999	2000
43	Switzerland	43321	LdU/AdI	Independents’ Alliance	199910	1999-10-24	30	FALSE	FALSE	1999	2000
43	Switzerland	43420	FDP/PRD	Radical Democratic Party	199910	1999-10-24	40	TRUE	TRUE	1999	2000
43	Switzerland	43520	CVP/PDC	Christian Democratic People’s Party of Switzerland	199910	1999-10-24	50	FALSE	FALSE	1999	2000
43	Switzerland	43530	EVP/PEV	Protestant People’s Party of Switzerland	199910	1999-10-24	50	TRUE	TRUE	1999	2000
43	Switzerland	43531	LPS/PLS	Liberal Party of Switzerland	199910	1999-10-24	40	FALSE	FALSE	1999	2000
43	Switzerland	43710	SD/DS	Swiss Democrats	199910	1999-10-24	70	FALSE	FALSE	1999	2000
43	Switzerland	43711	EDU/UDF	Federal Democratic Union	199910	1999-10-24	70	FALSE	FALSE	1999	2000
43	Switzerland	43810	SVP/UDC	Swiss People’s Party	199910	1999-10-24	70	TRUE	TRUE	1999	2000
43	Switzerland	43110	GPS/PES	Green Party of Switzerland	200310	2003-10-19	10	TRUE	TRUE	2003	2000
43	Switzerland	43220	PdAS/PdTS	Swiss Labour Party	200310	2003-10-19	20	TRUE	TRUE	2003	2000
43	Switzerland	43320	SPS/PSS	Social Democratic Party of Switzerland	200310	2003-10-19	30	TRUE	TRUE	2003	2000
43	Switzerland	43420	FDP/PRD	Radical Democratic Party	200310	2003-10-19	40	FALSE	FALSE	2003	2000
43	Switzerland	43520	CVP/PDC	Christian Democratic People’s Party of Switzerland	200310	2003-10-19	50	FALSE	FALSE	2003	2000
43	Switzerland	43530	EVP/PEV	Protestant People’s Party of Switzerland	200310	2003-10-19	50	TRUE	TRUE	2003	2000
43	Switzerland	43531	LPS/PLS	Liberal Party of Switzerland	200310	2003-10-19	40	TRUE	TRUE	2003	2000
43	Switzerland	43710	SD/DS	Swiss Democrats	200310	2003-10-19	70	FALSE	FALSE	2003	2000
43	Switzerland	43711	EDU/UDF	Federal Democratic Union	200310	2003-10-19	70	TRUE	TRUE	2003	2000
43	Switzerland	43810	SVP/UDC	Swiss People’s Party	200310	2003-10-19	70	TRUE	TRUE	2003	2000
43	Switzerland	43110	GPS/PES	Green Party of Switzerland	200710	2007-10-21	10	TRUE	TRUE	2007	2010
43	Switzerland	43120	GLP	Green Liberal Party	200710	2007-10-21	10	TRUE	TRUE	2007	2010
43	Switzerland	43220	PdAS/PdTS	Swiss Labour Party	200710	2007-10-21	20	TRUE	TRUE	2007	2010
43	Switzerland	43320	SPS/PSS	Social Democratic Party of Switzerland	200710	2007-10-21	30	TRUE	TRUE	2007	2010
43	Switzerland	43420	FDP/PRD	Radical Democratic Party	200710	2007-10-21	40	TRUE	TRUE	2007	2010
43	Switzerland	43520	CVP/PDC	Christian Democratic People’s Party of Switzerland	200710	2007-10-21	50	TRUE	TRUE	2007	2010
43	Switzerland	43530	EVP/PEV	Protestant People’s Party of Switzerland	200710	2007-10-21	50	TRUE	TRUE	2007	2010
43	Switzerland	43540	CSP/PCS	Christian Social Party	200710	2007-10-21	50	TRUE	TRUE	2007	2010
43	Switzerland	43711	EDU/UDF	Federal Democratic Union	200710	2007-10-21	70	TRUE	TRUE	2007	2010
43	Switzerland	43810	SVP/UDC	Swiss People’s Party	200710	2007-10-21	70	TRUE	TRUE	2007	2010
43	Switzerland	43901	LdT	Ticino League	200710	2007-10-21	90	TRUE	TRUE	2007	2010
43	Switzerland	43110	GPS/PES	Green Party of Switzerland	201110	2011-10-23	10	TRUE	TRUE	2011	2010
43	Switzerland	43120	GLP	Green Liberal Party	201110	2011-10-23	10	TRUE	TRUE	2011	2010
43	Switzerland	43320	SPS/PSS	Social Democratic Party of Switzerland	201110	2011-10-23	30	TRUE	TRUE	2011	2010
43	Switzerland	43420	FDP/PLR	FDP.The Liberals	201110	2011-10-23	40	TRUE	TRUE	2011	2010
43	Switzerland	43520	CVP/PDC	Christian Democratic People’s Party of Switzerland	201110	2011-10-23	50	TRUE	TRUE	2011	2010
43	Switzerland	43530	EVP/PEV	Protestant People’s Party of Switzerland	201110	2011-10-23	50	TRUE	TRUE	2011	2010
43	Switzerland	43540	CSP/PCS	Christian Social Party	201110	2011-10-23	50	TRUE	TRUE	2011	2010
43	Switzerland	43810	SVP/UDC	Swiss People’s Party	201110	2011-10-23	70	TRUE	TRUE	2011	2010
43	Switzerland	43811	BDP/PBD	Conservative Democratic Party of Switzerland	201110	2011-10-23	60	TRUE	TRUE	2011	2010
43	Switzerland	43901	LdT	Ticino League	201110	2011-10-23	90	FALSE	FALSE	2011	2010
43	Switzerland	43902	MCG	Geneva Citizens' Movement	201110	2011-10-23	90	TRUE	TRUE	2011	2010
43	Switzerland	43110	GPS/PES	Green Party of Switzerland	201510	2015-10-18	10	TRUE	TRUE	2015	2020
43	Switzerland	43120	GLP	Green Liberal Party	201510	2015-10-18	10	TRUE	TRUE	2015	2020
43	Switzerland	43220	PdAS/PdTS	Swiss Labour Party	201510	2015-10-18	20	TRUE	TRUE	2015	2020
43	Switzerland	43320	SPS/PSS	Social Democratic Party of Switzerland	201510	2015-10-18	30	TRUE	TRUE	2015	2020
43	Switzerland	43420	FDP/PLR	FDP.The Liberals	201510	2015-10-18	40	TRUE	TRUE	2015	2020
43	Switzerland	43520	CVP/PDC	Christian Democratic People’s Party of Switzerland	201510	2015-10-18	50	TRUE	TRUE	2015	2020
43	Switzerland	43530	EVP/PEV	Protestant People’s Party of Switzerland	201510	2015-10-18	50	TRUE	TRUE	2015	2020
43	Switzerland	43810	SVP/UDC	Swiss People’s Party	201510	2015-10-18	70	TRUE	TRUE	2015	2020
43	Switzerland	43811	BDP/PBD	Conservative Democratic Party of Switzerland	201510	2015-10-18	60	TRUE	TRUE	2015	2020
43	Switzerland	43902	MCG	Geneva Citizens' Movement	201510	2015-10-18	90	TRUE	TRUE	2015	2020
43	Switzerland	43020	EAG	Together on the Left	201910	2019-10-20	20	TRUE	TRUE	2019	2020
43	Switzerland	43110	GPS/PES	Green Party of Switzerland	201910	2019-10-20	10	TRUE	TRUE	2019	2020
43	Switzerland	43120	GLP	Green Liberal Party	201910	2019-10-20	10	TRUE	TRUE	2019	2020
43	Switzerland	43220	PdAS/PdTS	Swiss Labour Party	201910	2019-10-20	20	TRUE	TRUE	2019	2020
43	Switzerland	43320	SPS/PSS	Social Democratic Party of Switzerland	201910	2019-10-20	30	TRUE	TRUE	2019	2020
43	Switzerland	43420	FDP/PLR	FDP.The Liberals	201910	2019-10-20	40	TRUE	TRUE	2019	2020
43	Switzerland	43520	CVP/PDC	Christian Democratic People’s Party of Switzerland	201910	2019-10-20	50	TRUE	TRUE	2019	2020
43	Switzerland	43530	EVP/PEV	Protestant People’s Party of Switzerland	201910	2019-10-20	50	TRUE	TRUE	2019	2020
43	Switzerland	43711	EDU/UDF	Federal Democratic Union	201910	2019-10-20	70	TRUE	TRUE	2019	2020
43	Switzerland	43810	SVP/UDC	Swiss People’s Party	201910	2019-10-20	70	TRUE	TRUE	2019	2020
43	Switzerland	43811	BDP/PBD	Conservative Democratic Party of Switzerland	201910	2019-10-20	60	TRUE	TRUE	2019	2020
43	Switzerland	43901	LdT	Ticino League	201910	2019-10-20	90	TRUE	TRUE	2019	2020
51	United Kingdom	51320	Labour	Labour Party	194507	1945-07-05	30	FALSE	FALSE	1945	1950
51	United Kingdom	51420		Liberal Party	194507	1945-07-05	40	FALSE	FALSE	1945	1950
51	United Kingdom	51620	Conservatives	Conservative Party	194507	1945-07-05	60	FALSE	FALSE	1945	1950
51	United Kingdom	51320	Labour	Labour Party	195002	1950-02-23	30	FALSE	FALSE	1950	1950
51	United Kingdom	51420		Liberal Party	195002	1950-02-23	40	FALSE	FALSE	1950	1950
51	United Kingdom	51620	Conservatives	Conservative Party	195002	1950-02-23	60	FALSE	FALSE	1950	1950
51	United Kingdom	51320	Labour	Labour Party	195110	1951-10-25	30	FALSE	FALSE	1951	1950
51	United Kingdom	51420		Liberal Party	195110	1951-10-25	40	FALSE	FALSE	1951	1950
51	United Kingdom	51620	Conservatives	Conservative Party	195110	1951-10-25	60	FALSE	FALSE	1951	1950
51	United Kingdom	51320	Labour	Labour Party	195505	1955-05-26	30	FALSE	FALSE	1955	1960
51	United Kingdom	51420		Liberal Party	195505	1955-05-26	40	FALSE	FALSE	1955	1960
51	United Kingdom	51620	Conservatives	Conservative Party	195505	1955-05-26	60	FALSE	FALSE	1955	1960
51	United Kingdom	51320	Labour	Labour Party	195910	1959-10-08	30	FALSE	FALSE	1959	1960
51	United Kingdom	51420		Liberal Party	195910	1959-10-08	40	FALSE	FALSE	1959	1960
51	United Kingdom	51620	Conservatives	Conservative Party	195910	1959-10-08	60	FALSE	FALSE	1959	1960
51	United Kingdom	51320	Labour	Labour Party	196410	1964-10-15	30	FALSE	FALSE	1964	1960
51	United Kingdom	51420		Liberal Party	196410	1964-10-15	40	FALSE	FALSE	1964	1960
51	United Kingdom	51620	Conservatives	Conservative Party	196410	1964-10-15	60	FALSE	FALSE	1964	1960
51	United Kingdom	51320	Labour	Labour Party	196603	1966-03-31	30	FALSE	FALSE	1966	1970
51	United Kingdom	51420		Liberal Party	196603	1966-03-31	40	FALSE	FALSE	1966	1970
51	United Kingdom	51620	Conservatives	Conservative Party	196603	1966-03-31	60	FALSE	FALSE	1966	1970
51	United Kingdom	51320	Labour	Labour Party	197006	1970-06-18	30	FALSE	FALSE	1970	1970
51	United Kingdom	51420		Liberal Party	197006	1970-06-18	40	FALSE	FALSE	1970	1970
51	United Kingdom	51620	Conservatives	Conservative Party	197006	1970-06-18	60	FALSE	FALSE	1970	1970
51	United Kingdom	51320	Labour	Labour Party	197402	1974-02-28	30	FALSE	FALSE	1974	1970
51	United Kingdom	51420		Liberal Party	197402	1974-02-28	40	FALSE	FALSE	1974	1970
51	United Kingdom	51620	Conservatives	Conservative Party	197402	1974-02-28	60	FALSE	FALSE	1974	1970
51	United Kingdom	51320	Labour	Labour Party	197410	1974-10-10	30	FALSE	FALSE	1974	1970
51	United Kingdom	51420		Liberal Party	197410	1974-10-10	40	FALSE	FALSE	1974	1970
51	United Kingdom	51620	Conservatives	Conservative Party	197410	1974-10-10	60	FALSE	FALSE	1974	1970
51	United Kingdom	51320	Labour	Labour Party	197905	1979-05-03	30	FALSE	FALSE	1979	1980
51	United Kingdom	51420		Liberal Party	197905	1979-05-03	40	FALSE	FALSE	1979	1980
51	United Kingdom	51620	Conservatives	Conservative Party	197905	1979-05-03	60	FALSE	FALSE	1979	1980
51	United Kingdom	51320	Labour	Labour Party	198306	1983-06-09	30	FALSE	FALSE	1983	1980
51	United Kingdom	51330	SDP	Social Democratic Party	198306	1983-06-09	30	FALSE	FALSE	1983	1980
51	United Kingdom	51420		Liberal Party	198306	1983-06-09	40	FALSE	FALSE	1983	1980
51	United Kingdom	51620	Conservatives	Conservative Party	198306	1983-06-09	60	FALSE	FALSE	1983	1980
51	United Kingdom	51320	Labour	Labour Party	198706	1987-06-11	30	FALSE	FALSE	1987	1990
51	United Kingdom	51330	SDP	Social Democratic Party	198706	1987-06-11	30	FALSE	FALSE	1987	1990
51	United Kingdom	51420		Liberal Party	198706	1987-06-11	40	FALSE	FALSE	1987	1990
51	United Kingdom	51620	Conservatives	Conservative Party	198706	1987-06-11	60	FALSE	FALSE	1987	1990
51	United Kingdom	51320	Labour	Labour Party	199204	1992-04-09	30	FALSE	FALSE	1992	1990
51	United Kingdom	51421	LibDems	Liberal Democrats	199204	1992-04-09	40	FALSE	FALSE	1992	1990
51	United Kingdom	51620	Conservatives	Conservative Party	199204	1992-04-09	60	FALSE	FALSE	1992	1990
51	United Kingdom	51621	UUP	Ulster Unionist Party	199204	1992-04-09	60	FALSE	FALSE	1992	1990
51	United Kingdom	51902	SNP	Scottish National Party	199204	1992-04-09	90	FALSE	FALSE	1992	1990
51	United Kingdom	51903	DUP	Democratic Unionist Party	199204	1992-04-09	90	FALSE	FALSE	1992	1990
51	United Kingdom	51210	SF	We Ourselves	199705	1997-05-01	20	FALSE	FALSE	1997	2000
51	United Kingdom	51320	Labour	Labour Party	199705	1997-05-01	30	FALSE	FALSE	1997	2000
51	United Kingdom	51421	LibDems	Liberal Democrats	199705	1997-05-01	40	TRUE	FALSE	1997	2000
51	United Kingdom	51620	Conservatives	Conservative Party	199705	1997-05-01	60	FALSE	FALSE	1997	2000
51	United Kingdom	51621	UUP	Ulster Unionist Party	199705	1997-05-01	60	FALSE	FALSE	1997	2000
51	United Kingdom	51902	SNP	Scottish National Party	199705	1997-05-01	90	TRUE	FALSE	1997	2000
51	United Kingdom	51903	DUP	Democratic Unionist Party	199705	1997-05-01	90	FALSE	FALSE	1997	2000
51	United Kingdom	51210	SF	We Ourselves	200106	2001-06-07	20	FALSE	FALSE	2001	2000
51	United Kingdom	51320	Labour	Labour Party	200106	2001-06-07	30	TRUE	FALSE	2001	2000
51	United Kingdom	51421	LibDems	Liberal Democrats	200106	2001-06-07	40	FALSE	FALSE	2001	2000
51	United Kingdom	51620	Conservatives	Conservative Party	200106	2001-06-07	60	FALSE	FALSE	2001	2000
51	United Kingdom	51621	UUP	Ulster Unionist Party	200106	2001-06-07	60	FALSE	FALSE	2001	2000
51	United Kingdom	51902	SNP	Scottish National Party	200106	2001-06-07	90	TRUE	FALSE	2001	2000
51	United Kingdom	51903	DUP	Democratic Unionist Party	200106	2001-06-07	90	FALSE	FALSE	2001	2000
51	United Kingdom	51951	UKIP	United Kingdom Independence Party	200106	2001-06-07	95	FALSE	FALSE	2001	2000
51	United Kingdom	51320	Labour	Labour Party	200505	2005-05-05	30	FALSE	FALSE	2005	2010
51	United Kingdom	51421	LibDems	Liberal Democrats	200505	2005-05-05	40	FALSE	FALSE	2005	2010
51	United Kingdom	51620	Conservatives	Conservative Party	200505	2005-05-05	60	FALSE	FALSE	2005	2010
51	United Kingdom	51320	Labour	Labour Party	201005	2010-05-06	30	FALSE	FALSE	2010	2010
51	United Kingdom	51421	LibDems	Liberal Democrats	201005	2010-05-06	40	FALSE	FALSE	2010	2010
51	United Kingdom	51620	Conservatives	Conservative Party	201005	2010-05-06	60	FALSE	FALSE	2010	2010
51	United Kingdom	51110	GPEW	Green Party of England and Wales	201505	2015-05-07	10	TRUE	FALSE	2015	2020
51	United Kingdom	51210	SF	We Ourselves	201505	2015-05-07	20	TRUE	FALSE	2015	2020
51	United Kingdom	51320	Labour	Labour Party	201505	2015-05-07	30	TRUE	FALSE	2015	2020
51	United Kingdom	51340	SDLP	Social Democratic and Labour Party	201505	2015-05-07	30	TRUE	FALSE	2015	2020
51	United Kingdom	51421	LibDems	Liberal Democrats	201505	2015-05-07	40	TRUE	FALSE	2015	2020
51	United Kingdom	51620	Conservatives	Conservative Party	201505	2015-05-07	60	TRUE	FALSE	2015	2020
51	United Kingdom	51621	UUP	Ulster Unionist Party	201505	2015-05-07	60	TRUE	FALSE	2015	2020
51	United Kingdom	51901	PC	The Party of Wales	201505	2015-05-07	90	TRUE	FALSE	2015	2020
51	United Kingdom	51902	SNP	Scottish National Party	201505	2015-05-07	90	TRUE	FALSE	2015	2020
51	United Kingdom	51903	DUP	Democratic Unionist Party	201505	2015-05-07	90	TRUE	FALSE	2015	2020
51	United Kingdom	51951	UKIP	United Kingdom Independence Party	201505	2015-05-07	95	TRUE	FALSE	2015	2020
51	United Kingdom	51110	GPEW	Green Party of England and Wales	201706	2017-06-08	10	TRUE	FALSE	2017	2020
51	United Kingdom	51210	SF	We Ourselves	201706	2017-06-08	20	TRUE	FALSE	2017	2020
51	United Kingdom	51320	Labour	Labour Party	201706	2017-06-08	30	TRUE	FALSE	2017	2020
51	United Kingdom	51421	LibDems	Liberal Democrats	201706	2017-06-08	40	TRUE	FALSE	2017	2020
51	United Kingdom	51620	Conservatives	Conservative Party	201706	2017-06-08	60	TRUE	FALSE	2017	2020
51	United Kingdom	51901	PC	The Party of Wales	201706	2017-06-08	90	TRUE	FALSE	2017	2020
51	United Kingdom	51902	SNP	Scottish National Party	201706	2017-06-08	90	TRUE	FALSE	2017	2020
51	United Kingdom	51903	DUP	Democratic Unionist Party	201706	2017-06-08	90	TRUE	FALSE	2017	2020
51	United Kingdom	51951	UKIP	United Kingdom Independence Party	201706	2017-06-08	95	TRUE	FALSE	2017	2020
51	United Kingdom	51110	GPEW	Green Party of England and Wales	201912	2019-12-12	10	TRUE	FALSE	2019	2020
51	United Kingdom	51210	SF	We Ourselves	201912	2019-12-12	20	TRUE	FALSE	2019	2020
51	United Kingdom	51320	Labour	Labour Party	201912	2019-12-12	30	TRUE	FALSE	2019	2020
51	United Kingdom	51340	SDLP	Social Democratic and Labour Party	201912	2019-12-12	30	TRUE	FALSE	2019	2020
51	United Kingdom	51421	LibDems	Liberal Democrats	201912	2019-12-12	40	TRUE	FALSE	2019	2020
51	United Kingdom	51430	Alliance	Alliance Party of Northern Ireland	201912	2019-12-12	40	TRUE	FALSE	2019	2020
51	United Kingdom	51620	Conservatives	Conservative Party	201912	2019-12-12	60	TRUE	FALSE	2019	2020
51	United Kingdom	51901	PC	The Party of Wales	201912	2019-12-12	90	TRUE	FALSE	2019	2020
51	United Kingdom	51902	SNP	Scottish National Party	201912	2019-12-12	90	TRUE	FALSE	2019	2020
51	United Kingdom	51903	DUP	Democratic Unionist Party	201912	2019-12-12	90	TRUE	FALSE	2019	2020
53	Ireland	53320	Labour	Labour Party	194802	1948-02-04	30	FALSE	FALSE	1948	1950
53	Ireland	53520		Family of the Irish	194802	1948-02-04	50	FALSE	FALSE	1948	1950
53	Ireland	53620		Soldiers of Destiny	194802	1948-02-04	60	FALSE	FALSE	1948	1950
53	Ireland	53714	CnP	Republican Party	194802	1948-02-04	70	FALSE	FALSE	1948	1950
53	Ireland	53810	CnT	Party of the Land	194802	1948-02-04	80	FALSE	FALSE	1948	1950
53	Ireland	53320	Labour	Labour Party	195105	1951-05-30	30	FALSE	FALSE	1951	1950
53	Ireland	53520		Family of the Irish	195105	1951-05-30	50	FALSE	FALSE	1951	1950
53	Ireland	53620		Soldiers of Destiny	195105	1951-05-30	60	FALSE	FALSE	1951	1950
53	Ireland	53714	CnP	Republican Party	195105	1951-05-30	70	FALSE	FALSE	1951	1950
53	Ireland	53810	CnT	Party of the Land	195105	1951-05-30	80	FALSE	FALSE	1951	1950
53	Ireland	53320	Labour	Labour Party	195405	1954-05-18	30	FALSE	FALSE	1954	1950
53	Ireland	53520		Family of the Irish	195405	1954-05-18	50	FALSE	FALSE	1954	1950
53	Ireland	53620		Soldiers of Destiny	195405	1954-05-18	60	FALSE	FALSE	1954	1950
53	Ireland	53714	CnP	Republican Party	195405	1954-05-18	70	FALSE	FALSE	1954	1950
53	Ireland	53810	CnT	Party of the Land	195405	1954-05-18	80	FALSE	FALSE	1954	1950
53	Ireland	53320	Labour	Labour Party	195703	1957-03-05	30	FALSE	FALSE	1957	1960
53	Ireland	53520		Family of the Irish	195703	1957-03-05	50	FALSE	FALSE	1957	1960
53	Ireland	53620		Soldiers of Destiny	195703	1957-03-05	60	FALSE	FALSE	1957	1960
53	Ireland	53714	CnP	Republican Party	195703	1957-03-05	70	FALSE	FALSE	1957	1960
53	Ireland	53810	CnT	Party of the Land	195703	1957-03-05	80	FALSE	FALSE	1957	1960
53	Ireland	53320	Labour	Labour Party	196110	1961-10-04	30	FALSE	FALSE	1961	1960
53	Ireland	53520		Family of the Irish	196110	1961-10-04	50	FALSE	FALSE	1961	1960
53	Ireland	53620		Soldiers of Destiny	196110	1961-10-04	60	FALSE	FALSE	1961	1960
53	Ireland	53714	CnP	Republican Party	196110	1961-10-04	70	FALSE	FALSE	1961	1960
53	Ireland	53810	CnT	Party of the Land	196110	1961-10-04	80	FALSE	FALSE	1961	1960
53	Ireland	53320	Labour	Labour Party	196504	1965-04-07	30	FALSE	FALSE	1965	1970
53	Ireland	53520		Family of the Irish	196504	1965-04-07	50	FALSE	FALSE	1965	1970
53	Ireland	53620		Soldiers of Destiny	196504	1965-04-07	60	FALSE	FALSE	1965	1970
53	Ireland	53714	CnP	Republican Party	196504	1965-04-07	70	FALSE	FALSE	1965	1970
53	Ireland	53320	Labour	Labour Party	196906	1969-06-16	30	FALSE	FALSE	1969	1970
53	Ireland	53520		Family of the Irish	196906	1969-06-16	50	FALSE	FALSE	1969	1970
53	Ireland	53620		Soldiers of Destiny	196906	1969-06-16	60	FALSE	FALSE	1969	1970
53	Ireland	53320	Labour	Labour Party	197302	1973-02-28	30	FALSE	FALSE	1973	1970
53	Ireland	53520		Family of the Irish	197302	1973-02-28	50	FALSE	FALSE	1973	1970
53	Ireland	53620		Soldiers of Destiny	197302	1973-02-28	60	FALSE	FALSE	1973	1970
53	Ireland	53320	Labour	Labour Party	197706	1977-06-16	30	FALSE	FALSE	1977	1980
53	Ireland	53520		Family of the Irish	197706	1977-06-16	50	FALSE	FALSE	1977	1980
53	Ireland	53620		Soldiers of Destiny	197706	1977-06-16	60	FALSE	FALSE	1977	1980
53	Ireland	53220	WP	Workers’ Party	198106	1981-06-11	20	FALSE	FALSE	1981	1980
53	Ireland	53320	Labour	Labour Party	198106	1981-06-11	30	FALSE	FALSE	1981	1980
53	Ireland	53520		Family of the Irish	198106	1981-06-11	50	FALSE	FALSE	1981	1980
53	Ireland	53620		Soldiers of Destiny	198106	1981-06-11	60	FALSE	FALSE	1981	1980
53	Ireland	53220	WP	Workers’ Party	198202	1982-02-18	20	FALSE	FALSE	1982	1980
53	Ireland	53320	Labour	Labour Party	198202	1982-02-18	30	FALSE	FALSE	1982	1980
53	Ireland	53520		Family of the Irish	198202	1982-02-18	50	FALSE	FALSE	1982	1980
53	Ireland	53620		Soldiers of Destiny	198202	1982-02-18	60	FALSE	FALSE	1982	1980
53	Ireland	53220	WP	Workers’ Party	198211	1982-11-24	20	FALSE	FALSE	1982	1980
53	Ireland	53320	Labour	Labour Party	198211	1982-11-24	30	FALSE	FALSE	1982	1980
53	Ireland	53520		Family of the Irish	198211	1982-11-24	50	FALSE	FALSE	1982	1980
53	Ireland	53620		Soldiers of Destiny	198211	1982-11-24	60	FALSE	FALSE	1982	1980
53	Ireland	53220	WP	Workers’ Party	198702	1987-02-17	20	FALSE	FALSE	1987	1990
53	Ireland	53320	Labour	Labour Party	198702	1987-02-17	30	FALSE	FALSE	1987	1990
53	Ireland	53420	PD	Progressive Democrats	198702	1987-02-17	40	FALSE	FALSE	1987	1990
53	Ireland	53520		Family of the Irish	198702	1987-02-17	50	FALSE	FALSE	1987	1990
53	Ireland	53620		Soldiers of Destiny	198702	1987-02-17	60	FALSE	FALSE	1987	1990
53	Ireland	53110	Greens	Green Party	198906	1989-06-15	10	FALSE	FALSE	1989	1990
53	Ireland	53220	WP	Workers’ Party	198906	1989-06-15	20	FALSE	FALSE	1989	1990
53	Ireland	53320	Labour	Labour Party	198906	1989-06-15	30	FALSE	FALSE	1989	1990
53	Ireland	53420	PD	Progressive Democrats	198906	1989-06-15	40	FALSE	FALSE	1989	1990
53	Ireland	53520		Family of the Irish	198906	1989-06-15	50	FALSE	FALSE	1989	1990
53	Ireland	53620		Soldiers of Destiny	198906	1989-06-15	60	FALSE	FALSE	1989	1990
53	Ireland	53110	Greens	Green Party	199211	1992-11-25	10	FALSE	FALSE	1992	1990
53	Ireland	53221	DLP	Democratic Left Party	199211	1992-11-25	20	FALSE	FALSE	1992	1990
53	Ireland	53320	Labour	Labour Party	199211	1992-11-25	30	FALSE	FALSE	1992	1990
53	Ireland	53420	PD	Progressive Democrats	199211	1992-11-25	40	FALSE	FALSE	1992	1990
53	Ireland	53520		Family of the Irish	199211	1992-11-25	50	FALSE	FALSE	1992	1990
53	Ireland	53620		Soldiers of Destiny	199211	1992-11-25	60	FALSE	FALSE	1992	1990
53	Ireland	53110	Greens	Green Party	199706	1997-06-06	10	FALSE	FALSE	1997	2000
53	Ireland	53221	DLP	Democratic Left Party	199706	1997-06-06	20	FALSE	FALSE	1997	2000
53	Ireland	53320	Labour	Labour Party	199706	1997-06-06	30	FALSE	FALSE	1997	2000
53	Ireland	53420	PD	Progressive Democrats	199706	1997-06-06	40	FALSE	FALSE	1997	2000
53	Ireland	53520		Family of the Irish	199706	1997-06-06	50	FALSE	FALSE	1997	2000
53	Ireland	53620		Soldiers of Destiny	199706	1997-06-06	60	FALSE	FALSE	1997	2000
53	Ireland	53951	SF	We Ourselves	199706	1997-06-06	95	FALSE	FALSE	1997	2000
53	Ireland	53110	Greens	Green Party	200205	2002-05-17	10	FALSE	FALSE	2002	2000
53	Ireland	53320	Labour	Labour Party	200205	2002-05-17	30	FALSE	FALSE	2002	2000
53	Ireland	53420	PD	Progressive Democrats	200205	2002-05-17	40	FALSE	FALSE	2002	2000
53	Ireland	53520		Family of the Irish	200205	2002-05-17	50	FALSE	FALSE	2002	2000
53	Ireland	53620		Soldiers of Destiny	200205	2002-05-17	60	FALSE	FALSE	2002	2000
53	Ireland	53951	SF	We Ourselves	200205	2002-05-17	95	FALSE	FALSE	2002	2000
53	Ireland	53110	Greens	Green Party	200705	2007-05-24	10	TRUE	FALSE	2007	2010
53	Ireland	53320	Labour	Labour Party	200705	2007-05-24	30	TRUE	FALSE	2007	2010
53	Ireland	53420	PD	Progressive Democrats	200705	2007-05-24	40	TRUE	FALSE	2007	2010
53	Ireland	53520		Family of the Irish	200705	2007-05-24	50	TRUE	FALSE	2007	2010
53	Ireland	53620		Soldiers of Destiny	200705	2007-05-24	60	TRUE	FALSE	2007	2010
53	Ireland	53951	SF	We Ourselves	200705	2007-05-24	95	TRUE	FALSE	2007	2010
53	Ireland	53021	ULA	United Left Alliance	201102	2011-02-25	20	TRUE	FALSE	2011	2010
53	Ireland	53110	Greens	Green Party	201102	2011-02-25	10	TRUE	FALSE	2011	2010
53	Ireland	53230		Socialist Party	201102	2011-02-25	20	TRUE	FALSE	2011	2010
53	Ireland	53320	Labour	Labour Party	201102	2011-02-25	30	TRUE	FALSE	2011	2010
53	Ireland	53520		Family of the Irish	201102	2011-02-25	50	TRUE	FALSE	2011	2010
53	Ireland	53620		Soldiers of Destiny	201102	2011-02-25	60	TRUE	FALSE	2011	2010
53	Ireland	53951	SF	We Ourselves	201102	2011-02-25	95	TRUE	FALSE	2011	2010
53	Ireland	53110	Greens	Green Party	201602	2016-02-26	10	TRUE	FALSE	2016	2020
53	Ireland	53231	PBP	People Before Profit	201602	2016-02-26	20	TRUE	FALSE	2016	2020
53	Ireland	53240	AAA	Anti-Austerity Alliance	201602	2016-02-26	20	TRUE	FALSE	2016	2020
53	Ireland	53250	WUA	Workers and Unemployment Action	201602	2016-02-26	20	TRUE	FALSE	2016	2020
53	Ireland	53320	Labour	Labour Party	201602	2016-02-26	30	TRUE	FALSE	2016	2020
53	Ireland	53321		Social Democrats	201602	2016-02-26	30	TRUE	FALSE	2016	2020
53	Ireland	53520		Family of the Irish	201602	2016-02-26	50	TRUE	FALSE	2016	2020
53	Ireland	53620		Soldiers of Destiny	201602	2016-02-26	60	TRUE	FALSE	2016	2020
53	Ireland	53951	SF	We Ourselves	201602	2016-02-26	95	TRUE	FALSE	2016	2020
53	Ireland	53981		Independent Alliance	201602	2016-02-26	95	TRUE	FALSE	2016	2020
55	Cyprus	55321	AKEL	Progressive Party of the Working People	199605	1996-05-26	30	FALSE	FALSE	1996	2000
55	Cyprus	55322	EDEK	United Democratic Union of Center	199605	1996-05-26	30	FALSE	FALSE	1996	2000
55	Cyprus	55421	KF	Liberal Party	199605	1996-05-26	40	FALSE	FALSE	1996	2000
55	Cyprus	55422	DiKo	Democratic Party	199605	1996-05-26	40	FALSE	FALSE	1996	2000
55	Cyprus	55423	KED	Free Democrats Movement	199605	1996-05-26	40	FALSE	FALSE	1996	2000
55	Cyprus	55711	DISY	Democratic Coalition	199605	1996-05-26	70	FALSE	FALSE	1996	2000
55	Cyprus	55321	AKEL	Progressive Party of the Working People	200105	2001-05-27	30	FALSE	FALSE	2001	2000
55	Cyprus	55322	EDEK	Social Democrats' Movement	200105	2001-05-27	30	FALSE	FALSE	2001	2000
55	Cyprus	55422	DiKo	Democratic Party	200105	2001-05-27	40	FALSE	FALSE	2001	2000
55	Cyprus	55711	DISY	Democratic Coalition	200105	2001-05-27	70	FALSE	FALSE	2001	2000
55	Cyprus	55110		Ecological and Environmental Movement	200605	2006-05-21	10	TRUE	TRUE	2006	2010
55	Cyprus	55321	AKEL	Progressive Party of the Working People	200605	2006-05-21	30	TRUE	TRUE	2006	2010
55	Cyprus	55322	EDEK	Social Democrats' Movement	200605	2006-05-21	30	TRUE	TRUE	2006	2010
55	Cyprus	55422	DiKo	Democratic Party	200605	2006-05-21	40	TRUE	TRUE	2006	2010
55	Cyprus	55430	EVROKO	European Party	200605	2006-05-21	40	TRUE	TRUE	2006	2010
55	Cyprus	55711	DISY	Democratic Coalition	200605	2006-05-21	70	TRUE	TRUE	2006	2010
55	Cyprus	55110		Ecological and Environmental Movement	201105	2011-05-22	10	TRUE	TRUE	2011	2010
55	Cyprus	55321	AKEL	Progressive Party of the Working People	201105	2011-05-22	30	TRUE	TRUE	2011	2010
55	Cyprus	55322	EDEK	Social Democrats' Movement	201105	2011-05-22	30	TRUE	TRUE	2011	2010
55	Cyprus	55422	DiKo	Democratic Party	201105	2011-05-22	40	TRUE	TRUE	2011	2010
55	Cyprus	55430	EVROKO	European Party	201105	2011-05-22	40	TRUE	TRUE	2011	2010
55	Cyprus	55711	DISY	Democratic Coalition	201105	2011-05-22	70	TRUE	TRUE	2011	2010
55	Cyprus	55110		Movement of Ecologists - Citizens' Cooperation	201605	2016-05-22	10	TRUE	TRUE	2016	2020
55	Cyprus	55321	AKEL	Progressive Party of the Working People	201605	2016-05-22	30	TRUE	TRUE	2016	2020
55	Cyprus	55322	EDEK	Social Democrats' Movement	201605	2016-05-22	30	TRUE	TRUE	2016	2020
55	Cyprus	55340	SYPOL	Citizens' Alliance	201605	2016-05-22	30	TRUE	TRUE	2016	2020
55	Cyprus	55422	DiKo	Democratic Party	201605	2016-05-22	40	TRUE	TRUE	2016	2020
55	Cyprus	55610	KA	Solidarity Movement	201605	2016-05-22	60	TRUE	TRUE	2016	2020
55	Cyprus	55711	DISY	Democratic Coalition	201605	2016-05-22	70	TRUE	TRUE	2016	2020
55	Cyprus	55720	ELAM	National Popular Front	201605	2016-05-22	70	TRUE	TRUE	2016	2020
61	United States	61320	Democrats	Democratic Party	194811	1948-11-02	30	FALSE	FALSE	1948	1950
61	United States	61620	Republicans	Republican Party	194811	1948-11-02	60	FALSE	FALSE	1948	1950
61	United States	61622		Progressive Party (H. Wallace)	194811	1948-11-02	20	FALSE	FALSE	1948	1950
61	United States	61911		State’s Rights Party	194811	1948-11-02	90	FALSE	FALSE	1948	1950
61	United States	61320	Democrats	Democratic Party	195211	1952-11-04	30	FALSE	FALSE	1952	1950
61	United States	61620	Republicans	Republican Party	195211	1952-11-04	60	FALSE	FALSE	1952	1950
61	United States	61320	Democrats	Democratic Party	195611	1956-11-06	30	FALSE	FALSE	1956	1960
61	United States	61620	Republicans	Republican Party	195611	1956-11-06	60	FALSE	FALSE	1956	1960
61	United States	61320	Democrats	Democratic Party	196011	1960-11-08	30	FALSE	FALSE	1960	1960
61	United States	61620	Republicans	Republican Party	196011	1960-11-08	60	FALSE	FALSE	1960	1960
61	United States	61320	Democrats	Democratic Party	196411	1964-11-03	30	FALSE	FALSE	1964	1960
61	United States	61620	Republicans	Republican Party	196411	1964-11-03	60	FALSE	FALSE	1964	1960
61	United States	61320	Democrats	Democratic Party	196811	1968-11-05	30	FALSE	FALSE	1968	1970
61	United States	61620	Republicans	Republican Party	196811	1968-11-05	60	FALSE	FALSE	1968	1970
61	United States	61320	Democrats	Democratic Party	197211	1972-11-07	30	FALSE	FALSE	1972	1970
61	United States	61620	Republicans	Republican Party	197211	1972-11-07	60	FALSE	FALSE	1972	1970
61	United States	61320	Democrats	Democratic Party	197611	1976-11-02	30	FALSE	FALSE	1976	1980
61	United States	61620	Republicans	Republican Party	197611	1976-11-02	60	FALSE	FALSE	1976	1980
61	United States	61320	Democrats	Democratic Party	198011	1980-11-04	30	FALSE	FALSE	1980	1980
61	United States	61620	Republicans	Republican Party	198011	1980-11-04	60	FALSE	FALSE	1980	1980
61	United States	61320	Democrats	Democratic Party	198411	1984-11-06	30	FALSE	FALSE	1984	1980
61	United States	61620	Republicans	Republican Party	198411	1984-11-06	60	FALSE	FALSE	1984	1980
61	United States	61320	Democrats	Democratic Party	198811	1988-11-08	30	FALSE	FALSE	1988	1990
61	United States	61620	Republicans	Republican Party	198811	1988-11-08	60	FALSE	FALSE	1988	1990
61	United States	61320	Democrats	Democratic Party	199211	1992-11-03	30	TRUE	FALSE	1992	1990
61	United States	61620	Republicans	Republican Party	199211	1992-11-03	60	FALSE	FALSE	1992	1990
61	United States	61320	Democrats	Democratic Party	199611	1996-11-05	30	FALSE	FALSE	1996	2000
61	United States	61620	Republicans	Republican Party	199611	1996-11-05	60	FALSE	FALSE	1996	2000
61	United States	61320	Democrats	Democratic Party	200011	2000-11-07	30	FALSE	FALSE	2000	2000
61	United States	61620	Republicans	Republican Party	200011	2000-11-07	60	FALSE	FALSE	2000	2000
61	United States	61320	Democrats	Democratic Party	200411	2004-11-02	30	TRUE	FALSE	2004	2000
61	United States	61620	Republicans	Republican Party	200411	2004-11-02	60	TRUE	FALSE	2004	2000
61	United States	61320	Democrats	Democratic Party	200811	2008-11-04	30	FALSE	FALSE	2008	2010
61	United States	61620	Republicans	Republican Party	200811	2008-11-04	60	TRUE	FALSE	2008	2010
61	United States	61320	Democrats	Democratic Party	201211	2012-11-06	30	TRUE	FALSE	2012	2010
61	United States	61620	Republicans	Republican Party	201211	2012-11-06	60	TRUE	FALSE	2012	2010
61	United States	61320	Democrats	Democratic Party	201611	2016-11-08	30	TRUE	FALSE	2016	2020
61	United States	61620	Republicans	Republican Party	201611	2016-11-08	60	TRUE	FALSE	2016	2020
61	United States	61320	Democrats	Democratic Party	202011	2020-11-03	30	TRUE	FALSE	2020	2020
61	United States	61620	Republicans	Republican Party	202011	2020-11-03	60	TRUE	FALSE	2020	2020
62	Canada	62320	CCF	Cooperative Commonwealth Federation	194506	1945-06-11	30	FALSE	FALSE	1945	1950
62	Canada	62420	LP	Liberal Party of Canada	194506	1945-06-11	40	FALSE	FALSE	1945	1950
62	Canada	62620	PCP	Progressive Conservative Party	194506	1945-06-11	60	FALSE	FALSE	1945	1950
62	Canada	62951	Socred	Social Credit	194506	1945-06-11	95	FALSE	FALSE	1945	1950
62	Canada	62320	CCF	Cooperative Commonwealth Federation	194906	1949-06-27	30	FALSE	FALSE	1949	1950
62	Canada	62420	LP	Liberal Party of Canada	194906	1949-06-27	40	FALSE	FALSE	1949	1950
62	Canada	62620	PCP	Progressive Conservative Party	194906	1949-06-27	60	FALSE	FALSE	1949	1950
62	Canada	62951	Socred	Social Credit	194906	1949-06-27	95	FALSE	FALSE	1949	1950
62	Canada	62320	CCF	Cooperative Commonwealth Federation	195308	1953-08-10	30	FALSE	FALSE	1953	1950
62	Canada	62420	LP	Liberal Party of Canada	195308	1953-08-10	40	FALSE	FALSE	1953	1950
62	Canada	62620	PCP	Progressive Conservative Party	195308	1953-08-10	60	FALSE	FALSE	1953	1950
62	Canada	62951	Socred	Social Credit	195308	1953-08-10	95	FALSE	FALSE	1953	1950
62	Canada	62320	CCF	Cooperative Commonwealth Federation	195706	1957-06-10	30	FALSE	FALSE	1957	1960
62	Canada	62420	LP	Liberal Party of Canada	195706	1957-06-10	40	FALSE	FALSE	1957	1960
62	Canada	62620	PCP	Progressive Conservative Party	195706	1957-06-10	60	FALSE	FALSE	1957	1960
62	Canada	62951	Socred	Social Credit	195706	1957-06-10	95	FALSE	FALSE	1957	1960
62	Canada	62320	CCF	Cooperative Commonwealth Federation	195803	1958-03-31	30	FALSE	FALSE	1958	1960
62	Canada	62420	LP	Liberal Party of Canada	195803	1958-03-31	40	FALSE	FALSE	1958	1960
62	Canada	62620	PCP	Progressive Conservative Party	195803	1958-03-31	60	FALSE	FALSE	1958	1960
62	Canada	62951	Socred	Social Credit	195803	1958-03-31	95	FALSE	FALSE	1958	1960
62	Canada	62320	NDP	New Democratic Party	196206	1962-06-18	30	FALSE	FALSE	1962	1960
62	Canada	62420	LP	Liberal Party of Canada	196206	1962-06-18	40	FALSE	FALSE	1962	1960
62	Canada	62620	PCP	Progressive Conservative Party	196206	1962-06-18	60	FALSE	FALSE	1962	1960
62	Canada	62951	Socred	Social Credit	196206	1962-06-18	95	FALSE	FALSE	1962	1960
62	Canada	62320	NDP	New Democratic Party	196304	1963-04-08	30	FALSE	FALSE	1963	1960
62	Canada	62420	LP	Liberal Party of Canada	196304	1963-04-08	40	FALSE	FALSE	1963	1960
62	Canada	62620	PCP	Progressive Conservative Party	196304	1963-04-08	60	FALSE	FALSE	1963	1960
62	Canada	62951	Socred	Social Credit	196304	1963-04-08	95	FALSE	FALSE	1963	1960
62	Canada	62320	NDP	New Democratic Party	196511	1965-11-08	30	FALSE	FALSE	1965	1970
62	Canada	62420	LP	Liberal Party of Canada	196511	1965-11-08	40	FALSE	FALSE	1965	1970
62	Canada	62620	PCP	Progressive Conservative Party	196511	1965-11-08	60	FALSE	FALSE	1965	1970
62	Canada	62951	Socred	Social Credit	196511	1965-11-08	95	FALSE	FALSE	1965	1970
62	Canada	62320	NDP	New Democratic Party	196806	1968-06-25	30	FALSE	FALSE	1968	1970
62	Canada	62420	LP	Liberal Party of Canada	196806	1968-06-25	40	FALSE	FALSE	1968	1970
62	Canada	62620	PCP	Progressive Conservative Party	196806	1968-06-25	60	FALSE	FALSE	1968	1970
62	Canada	62951	Socred	Social Credit	196806	1968-06-25	95	FALSE	FALSE	1968	1970
62	Canada	62320	NDP	New Democratic Party	197210	1972-10-30	30	FALSE	FALSE	1972	1970
62	Canada	62420	LP	Liberal Party of Canada	197210	1972-10-30	40	FALSE	FALSE	1972	1970
62	Canada	62620	PCP	Progressive Conservative Party	197210	1972-10-30	60	FALSE	FALSE	1972	1970
62	Canada	62951	Socred	Social Credit	197210	1972-10-30	95	FALSE	FALSE	1972	1970
62	Canada	62320	NDP	New Democratic Party	197407	1974-07-08	30	FALSE	FALSE	1974	1970
62	Canada	62420	LP	Liberal Party of Canada	197407	1974-07-08	40	FALSE	FALSE	1974	1970
62	Canada	62620	PCP	Progressive Conservative Party	197407	1974-07-08	60	FALSE	FALSE	1974	1970
62	Canada	62951	Socred	Social Credit	197407	1974-07-08	95	FALSE	FALSE	1974	1970
62	Canada	62320	NDP	New Democratic Party	197905	1979-05-22	30	FALSE	FALSE	1979	1980
62	Canada	62420	LP	Liberal Party of Canada	197905	1979-05-22	40	FALSE	FALSE	1979	1980
62	Canada	62620	PCP	Progressive Conservative Party	197905	1979-05-22	60	FALSE	FALSE	1979	1980
62	Canada	62320	NDP	New Democratic Party	198002	1980-02-18	30	FALSE	FALSE	1980	1980
62	Canada	62420	LP	Liberal Party of Canada	198002	1980-02-18	40	FALSE	FALSE	1980	1980
62	Canada	62620	PCP	Progressive Conservative Party	198002	1980-02-18	60	FALSE	FALSE	1980	1980
62	Canada	62320	NDP	New Democratic Party	198409	1984-09-04	30	FALSE	FALSE	1984	1980
62	Canada	62420	LP	Liberal Party of Canada	198409	1984-09-04	40	FALSE	FALSE	1984	1980
62	Canada	62620	PCP	Progressive Conservative Party	198409	1984-09-04	60	FALSE	FALSE	1984	1980
62	Canada	62320	NDP	New Democratic Party	198811	1988-11-21	30	FALSE	FALSE	1988	1990
62	Canada	62420	LP	Liberal Party of Canada	198811	1988-11-21	40	FALSE	FALSE	1988	1990
62	Canada	62620	PCP	Progressive Conservative Party	198811	1988-11-21	60	FALSE	FALSE	1988	1990
62	Canada	62320	NDP	New Democratic Party	199310	1993-10-25	30	FALSE	FALSE	1993	1990
62	Canada	62420	LP	Liberal Party of Canada	199310	1993-10-25	40	FALSE	FALSE	1993	1990
62	Canada	62620	PCP	Progressive Conservative Party	199310	1993-10-25	60	FALSE	FALSE	1993	1990
62	Canada	62621	RPC	Reform Party of Canada	199310	1993-10-25	60	FALSE	FALSE	1993	1990
62	Canada	62901	BQ	Quebec Bloc	199310	1993-10-25	90	FALSE	FALSE	1993	1990
62	Canada	62320	NDP	New Democratic Party	199706	1997-06-02	30	FALSE	FALSE	1997	2000
62	Canada	62420	LP	Liberal Party of Canada	199706	1997-06-02	40	FALSE	FALSE	1997	2000
62	Canada	62620	PCP	Progressive Conservative Party	199706	1997-06-02	60	FALSE	FALSE	1997	2000
62	Canada	62621	RPC	Reform Party of Canada	199706	1997-06-02	60	FALSE	FALSE	1997	2000
62	Canada	62901	BQ	Quebec Bloc	199706	1997-06-02	90	FALSE	FALSE	1997	2000
62	Canada	62320	NDP	New Democratic Party	200011	2000-11-27	30	FALSE	FALSE	2000	2000
62	Canada	62420	LP	Liberal Party of Canada	200011	2000-11-27	40	FALSE	FALSE	2000	2000
62	Canada	62620	PCP	Progressive Conservative Party	200011	2000-11-27	60	FALSE	FALSE	2000	2000
62	Canada	62622	CA	Canadian Reform Conservative Alliance	200011	2000-11-27	60	FALSE	FALSE	2000	2000
62	Canada	62901	BQ	Quebec Bloc	200011	2000-11-27	90	FALSE	FALSE	2000	2000
62	Canada	62320	NDP	New Democratic Party	200406	2004-06-28	30	TRUE	FALSE	2004	2000
62	Canada	62420	LP	Liberal Party of Canada	200406	2004-06-28	40	TRUE	FALSE	2004	2000
62	Canada	62623	CP	Conservative Party of Canada	200406	2004-06-28	60	TRUE	FALSE	2004	2000
62	Canada	62901	BQ	Quebec Bloc	200406	2004-06-28	90	TRUE	TRUE	2004	2000
62	Canada	62320	NDP	New Democratic Party	200601	2006-01-23	30	TRUE	FALSE	2006	2010
62	Canada	62420	LP	Liberal Party of Canada	200601	2006-01-23	40	TRUE	FALSE	2006	2010
62	Canada	62623	CP	Conservative Party of Canada	200601	2006-01-23	60	TRUE	FALSE	2006	2010
62	Canada	62901	BQ	Quebec Bloc	200601	2006-01-23	90	TRUE	TRUE	2006	2010
62	Canada	62110		Green Party	200810	2008-10-14	10	TRUE	FALSE	2008	2010
62	Canada	62320	NDP	New Democratic Party	200810	2008-10-14	30	TRUE	FALSE	2008	2010
62	Canada	62420	LP	Liberal Party of Canada	200810	2008-10-14	40	TRUE	FALSE	2008	2010
62	Canada	62623	CP	Conservative Party of Canada	200810	2008-10-14	60	TRUE	FALSE	2008	2010
62	Canada	62901	BQ	Quebec Bloc	200810	2008-10-14	90	TRUE	TRUE	2008	2010
62	Canada	62110		Green Party	201105	2011-05-02	10	TRUE	TRUE	2011	2010
62	Canada	62320	NDP	New Democratic Party	201105	2011-05-02	30	TRUE	TRUE	2011	2010
62	Canada	62420	LP	Liberal Party of Canada	201105	2011-05-02	40	TRUE	TRUE	2011	2010
62	Canada	62623	CP	Conservative Party of Canada	201105	2011-05-02	60	TRUE	TRUE	2011	2010
62	Canada	62901	BQ	Quebec Bloc	201105	2011-05-02	90	TRUE	TRUE	2011	2010
62	Canada	62110		Green Party	201510	2015-10-19	10	TRUE	FALSE	2015	2020
62	Canada	62320	NDP	New Democratic Party	201510	2015-10-19	30	TRUE	FALSE	2015	2020
62	Canada	62420	LP	Liberal Party of Canada	201510	2015-10-19	40	TRUE	FALSE	2015	2020
62	Canada	62623	CP	Conservative Party of Canada	201510	2015-10-19	60	TRUE	FALSE	2015	2020
62	Canada	62901	BQ	Quebec Bloc	201510	2015-10-19	90	TRUE	TRUE	2015	2020
63	Australia	63320	ALP	Australian Labor Party	194609	1946-09-28	30	FALSE	FALSE	1946	1950
63	Australia	63620	LPA	Liberal Party of Australia	194609	1946-09-28	60	FALSE	FALSE	1946	1950
63	Australia	63810	CP	Country Party	194609	1946-09-28	80	FALSE	FALSE	1946	1950
63	Australia	63320	ALP	Australian Labor Party	194912	1949-12-10	30	FALSE	FALSE	1949	1950
63	Australia	63620	LPA	Liberal Party of Australia	194912	1949-12-10	60	FALSE	FALSE	1949	1950
63	Australia	63810	CP	Country Party	194912	1949-12-10	80	FALSE	FALSE	1949	1950
63	Australia	63320	ALP	Australian Labor Party	195104	1951-04-28	30	FALSE	FALSE	1951	1950
63	Australia	63620	LPA	Liberal Party of Australia	195104	1951-04-28	60	FALSE	FALSE	1951	1950
63	Australia	63810	CP	Country Party	195104	1951-04-28	80	FALSE	FALSE	1951	1950
63	Australia	63320	ALP	Australian Labor Party	195405	1954-05-29	30	FALSE	FALSE	1954	1950
63	Australia	63620	LPA	Liberal Party of Australia	195405	1954-05-29	60	FALSE	FALSE	1954	1950
63	Australia	63810	CP	Country Party	195405	1954-05-29	80	FALSE	FALSE	1954	1950
63	Australia	63320	ALP	Australian Labor Party	195512	1955-12-10	30	FALSE	FALSE	1955	1960
63	Australia	63330	ALP-AC	Australian Labor Party (Anti-Communist)	195512	1955-12-10	30	FALSE	FALSE	1955	1960
63	Australia	63620	LPA	Liberal Party of Australia	195512	1955-12-10	60	FALSE	FALSE	1955	1960
63	Australia	63810	CP	Country Party	195512	1955-12-10	80	FALSE	FALSE	1955	1960
63	Australia	63320	ALP	Australian Labor Party	195811	1958-11-22	30	FALSE	FALSE	1958	1960
63	Australia	63330	DLP	Democratic Labor Party	195811	1958-11-22	30	FALSE	FALSE	1958	1960
63	Australia	63620	LPA	Liberal Party of Australia	195811	1958-11-22	60	FALSE	FALSE	1958	1960
63	Australia	63810	CP	Country Party	195811	1958-11-22	80	FALSE	FALSE	1958	1960
63	Australia	63320	ALP	Australian Labor Party	196112	1961-12-09	30	FALSE	FALSE	1961	1960
63	Australia	63330	DLP	Democratic Labor Party	196112	1961-12-09	30	FALSE	FALSE	1961	1960
63	Australia	63620	LPA	Liberal Party of Australia	196112	1961-12-09	60	FALSE	FALSE	1961	1960
63	Australia	63810	CP	Country Party	196112	1961-12-09	80	FALSE	FALSE	1961	1960
63	Australia	63320	ALP	Australian Labor Party	196311	1963-11-30	30	FALSE	FALSE	1963	1960
63	Australia	63330	DLP	Democratic Labor Party	196311	1963-11-30	30	FALSE	FALSE	1963	1960
63	Australia	63620	LPA	Liberal Party of Australia	196311	1963-11-30	60	FALSE	FALSE	1963	1960
63	Australia	63810	CP	Country Party	196311	1963-11-30	80	FALSE	FALSE	1963	1960
63	Australia	63320	ALP	Australian Labor Party	196611	1966-11-26	30	FALSE	FALSE	1966	1970
63	Australia	63330	DLP	Democratic Labor Party	196611	1966-11-26	30	FALSE	FALSE	1966	1970
63	Australia	63620	LPA	Liberal Party of Australia	196611	1966-11-26	60	FALSE	FALSE	1966	1970
63	Australia	63810	CP	Country Party	196611	1966-11-26	80	FALSE	FALSE	1966	1970
63	Australia	63320	ALP	Australian Labor Party	196910	1969-10-25	30	FALSE	FALSE	1969	1970
63	Australia	63330	DLP	Democratic Labor Party	196910	1969-10-25	30	FALSE	FALSE	1969	1970
63	Australia	63620	LPA	Liberal Party of Australia	196910	1969-10-25	60	FALSE	FALSE	1969	1970
63	Australia	63810	CP	Country Party	196910	1969-10-25	80	FALSE	FALSE	1969	1970
63	Australia	63320	ALP	Australian Labor Party	197212	1972-12-02	30	FALSE	FALSE	1972	1970
63	Australia	63330	DLP	Democratic Labor Party	197212	1972-12-02	30	FALSE	FALSE	1972	1970
63	Australia	63620	LPA	Liberal Party of Australia	197212	1972-12-02	60	FALSE	FALSE	1972	1970
63	Australia	63810	CP	Country Party	197212	1972-12-02	80	FALSE	FALSE	1972	1970
63	Australia	63320	ALP	Australian Labor Party	197405	1974-05-18	30	FALSE	FALSE	1974	1970
63	Australia	63330	DLP	Democratic Labor Party	197405	1974-05-18	30	FALSE	FALSE	1974	1970
63	Australia	63620	LPA	Liberal Party of Australia	197405	1974-05-18	60	FALSE	FALSE	1974	1970
63	Australia	63810	CP	Country Party	197405	1974-05-18	80	FALSE	FALSE	1974	1970
63	Australia	63320	ALP	Australian Labor Party	197512	1975-12-13	30	FALSE	FALSE	1975	1980
63	Australia	63330	DLP	Democratic Labor Party	197512	1975-12-13	30	FALSE	FALSE	1975	1980
63	Australia	63620	LPA	Liberal Party of Australia	197512	1975-12-13	60	FALSE	FALSE	1975	1980
63	Australia	63810	NCP	National Country Party	197512	1975-12-13	80	FALSE	FALSE	1975	1980
63	Australia	63320	ALP	Australian Labor Party	197712	1977-12-10	30	FALSE	FALSE	1977	1980
63	Australia	63330	DLP	Democratic Labor Party	197712	1977-12-10	30	FALSE	FALSE	1977	1980
63	Australia	63620	LPA	Liberal Party of Australia	197712	1977-12-10	60	FALSE	FALSE	1977	1980
63	Australia	63810	NCP	National Country Party	197712	1977-12-10	80	FALSE	FALSE	1977	1980
63	Australia	63320	ALP	Australian Labor Party	198010	1980-10-18	30	FALSE	FALSE	1980	1980
63	Australia	63620	LPA	Liberal Party of Australia	198010	1980-10-18	60	FALSE	FALSE	1980	1980
63	Australia	63810	NCP	National Country Party	198010	1980-10-18	80	FALSE	FALSE	1980	1980
63	Australia	63320	ALP	Australian Labor Party	198303	1983-03-05	30	FALSE	FALSE	1983	1980
63	Australia	63620	LPA	Liberal Party of Australia	198303	1983-03-05	60	FALSE	FALSE	1983	1980
63	Australia	63810	NPA	National Party of Australia	198303	1983-03-05	80	FALSE	FALSE	1983	1980
63	Australia	63320	ALP	Australian Labor Party	198412	1984-12-01	30	FALSE	FALSE	1984	1980
63	Australia	63620	LPA	Liberal Party of Australia	198412	1984-12-01	60	FALSE	FALSE	1984	1980
63	Australia	63810	NPA	National Party of Australia	198412	1984-12-01	80	FALSE	FALSE	1984	1980
63	Australia	63320	ALP	Australian Labor Party	198707	1987-07-11	30	FALSE	FALSE	1987	1990
63	Australia	63620	LPA	Liberal Party of Australia	198707	1987-07-11	60	FALSE	FALSE	1987	1990
63	Australia	63810	NPA	National Party of Australia	198707	1987-07-11	80	FALSE	FALSE	1987	1990
63	Australia	63320	ALP	Australian Labor Party	199003	1990-03-24	30	FALSE	FALSE	1990	1990
63	Australia	63321	AD	Australian Democrats	199003	1990-03-24	30	FALSE	FALSE	1990	1990
63	Australia	63620	LPA	Liberal Party of Australia	199003	1990-03-24	60	FALSE	FALSE	1990	1990
63	Australia	63810	NPA	National Party of Australia	199003	1990-03-24	80	FALSE	FALSE	1990	1990
63	Australia	63320	ALP	Australian Labor Party	199303	1993-03-13	30	FALSE	FALSE	1993	1990
63	Australia	63620	LPA	Liberal Party of Australia	199303	1993-03-13	60	FALSE	FALSE	1993	1990
63	Australia	63810	NPA	National Party of Australia	199303	1993-03-13	80	FALSE	FALSE	1993	1990
63	Australia	63320	ALP	Australian Labor Party	199603	1996-03-02	30	FALSE	FALSE	1996	2000
63	Australia	63321	AD	Australian Democrats	199603	1996-03-02	30	FALSE	FALSE	1996	2000
63	Australia	63620	LPA	Liberal Party of Australia	199603	1996-03-02	60	FALSE	FALSE	1996	2000
63	Australia	63810	NPA	National Party of Australia	199603	1996-03-02	80	FALSE	FALSE	1996	2000
63	Australia	63320	ALP	Australian Labor Party	199810	1998-10-03	30	FALSE	FALSE	1998	2000
63	Australia	63321	AD	Australian Democrats	199810	1998-10-03	30	FALSE	FALSE	1998	2000
63	Australia	63620	LPA	Liberal Party of Australia	199810	1998-10-03	60	FALSE	FALSE	1998	2000
63	Australia	63810	NPA	National Party of Australia	199810	1998-10-03	80	FALSE	FALSE	1998	2000
63	Australia	63320	ALP	Australian Labor Party	200111	2001-11-10	30	FALSE	FALSE	2001	2000
63	Australia	63321	AD	Australian Democrats	200111	2001-11-10	30	FALSE	FALSE	2001	2000
63	Australia	63620	LPA	Liberal Party of Australia	200111	2001-11-10	60	TRUE	FALSE	2001	2000
63	Australia	63810	NPA	National Party of Australia	200111	2001-11-10	80	TRUE	FALSE	2001	2000
63	Australia	63110		Australian Greens	200410	2004-10-09	10	TRUE	FALSE	2004	2000
63	Australia	63320	ALP	Australian Labor Party	200410	2004-10-09	30	TRUE	FALSE	2004	2000
63	Australia	63620	LPA	Liberal Party of Australia	200410	2004-10-09	60	TRUE	FALSE	2004	2000
63	Australia	63810	NPA	National Party of Australia	200410	2004-10-09	80	TRUE	FALSE	2004	2000
63	Australia	63110		Australian Greens	200711	2007-11-24	10	TRUE	FALSE	2007	2010
63	Australia	63320	ALP	Australian Labor Party	200711	2007-11-24	30	TRUE	FALSE	2007	2010
63	Australia	63620	LPA	Liberal Party of Australia	200711	2007-11-24	60	TRUE	FALSE	2007	2010
63	Australia	63810	NPA	National Party of Australia	200711	2007-11-24	80	TRUE	FALSE	2007	2010
63	Australia	63110		Australian Greens	201008	2010-08-21	10	TRUE	FALSE	2010	2010
63	Australia	63320	ALP	Australian Labor Party	201008	2010-08-21	30	TRUE	FALSE	2010	2010
63	Australia	63620	LPA	Liberal Party of Australia	201008	2010-08-21	60	TRUE	FALSE	2010	2010
63	Australia	63621	LNP	Liberal National Party of Queensland	201008	2010-08-21	60	TRUE	FALSE	2010	2010
63	Australia	63810	NPA	National Party of Australia	201008	2010-08-21	80	TRUE	FALSE	2010	2010
63	Australia	63110		Australian Greens	201309	2013-09-07	10	TRUE	FALSE	2013	2010
63	Australia	63320	ALP	Australian Labor Party	201309	2013-09-07	30	TRUE	FALSE	2013	2010
63	Australia	63410	PUP	Palmer United Party	201309	2013-09-07	40	TRUE	FALSE	2013	2010
63	Australia	63620	LPA	Liberal Party of Australia	201309	2013-09-07	60	TRUE	FALSE	2013	2010
63	Australia	63621	LNP	Liberal National Party of Queensland	201309	2013-09-07	60	TRUE	FALSE	2013	2010
63	Australia	63622	CLP	Country Liberal Party	201309	2013-09-07	60	TRUE	FALSE	2013	2010
63	Australia	63710	KAT	Katter's Australian Party	201309	2013-09-07	70	TRUE	FALSE	2013	2010
63	Australia	63810	NPA	National Party of Australia	201309	2013-09-07	80	TRUE	FALSE	2013	2010
63	Australia	63110		Australian Greens	201607	2016-07-02	10	TRUE	FALSE	2016	2020
63	Australia	63320	ALP	Australian Labor Party	201607	2016-07-02	30	TRUE	FALSE	2016	2020
63	Australia	63620	LPA	Liberal Party of Australia	201607	2016-07-02	60	TRUE	FALSE	2016	2020
63	Australia	63621	LNP	Liberal National Party of Queensland	201607	2016-07-02	60	TRUE	FALSE	2016	2020
63	Australia	63710	KAT	Katter's Australian Party	201607	2016-07-02	70	TRUE	FALSE	2016	2020
63	Australia	63810	NPA	National Party of Australia	201607	2016-07-02	80	TRUE	FALSE	2016	2020
63	Australia	63901	NXT	Nick Xenophon Team	201607	2016-07-02	95	TRUE	FALSE	2016	2020
63	Australia	63110		Australian Greens	201905	2019-05-18	10	TRUE	FALSE	2019	2020
63	Australia	63320	ALP	Australian Labor Party	201905	2019-05-18	30	TRUE	FALSE	2019	2020
63	Australia	63620	LPA	Liberal Party of Australia	201905	2019-05-18	60	TRUE	FALSE	2019	2020
63	Australia	63621	LNP	Liberal National Party of Queensland	201905	2019-05-18	60	TRUE	FALSE	2019	2020
63	Australia	63710	KAT	Katter's Australian Party	201905	2019-05-18	70	TRUE	FALSE	2019	2020
63	Australia	63810	NPA	National Party of Australia	201905	2019-05-18	80	TRUE	FALSE	2019	2020
63	Australia	63901		Centre Alliance	201905	2019-05-18	95	TRUE	FALSE	2019	2020
64	New Zealand	64320	Labour	New Zealand Labour Party	194611	1946-11-27	30	FALSE	FALSE	1946	1950
64	New Zealand	64620	National	New Zealand National Party	194611	1946-11-27	60	FALSE	FALSE	1946	1950
64	New Zealand	64320	Labour	New Zealand Labour Party	194911	1949-11-30	30	FALSE	FALSE	1949	1950
64	New Zealand	64620	National	New Zealand National Party	194911	1949-11-30	60	FALSE	FALSE	1949	1950
64	New Zealand	64320	Labour	New Zealand Labour Party	195109	1951-09-01	30	FALSE	FALSE	1951	1950
64	New Zealand	64620	National	New Zealand National Party	195109	1951-09-01	60	FALSE	FALSE	1951	1950
64	New Zealand	64320	Labour	New Zealand Labour Party	195411	1954-11-13	30	FALSE	FALSE	1954	1950
64	New Zealand	64620	National	New Zealand National Party	195411	1954-11-13	60	FALSE	FALSE	1954	1950
64	New Zealand	64951		Social Credit Political League	195411	1954-11-13	95	FALSE	FALSE	1954	1950
64	New Zealand	64320	Labour	New Zealand Labour Party	195711	1957-11-30	30	FALSE	FALSE	1957	1960
64	New Zealand	64620	National	New Zealand National Party	195711	1957-11-30	60	FALSE	FALSE	1957	1960
64	New Zealand	64951		Social Credit Political League	195711	1957-11-30	95	FALSE	FALSE	1957	1960
64	New Zealand	64320	Labour	New Zealand Labour Party	196011	1960-11-26	30	FALSE	FALSE	1960	1960
64	New Zealand	64620	National	New Zealand National Party	196011	1960-11-26	60	FALSE	FALSE	1960	1960
64	New Zealand	64951		Social Credit Political League	196011	1960-11-26	95	FALSE	FALSE	1960	1960
64	New Zealand	64320	Labour	New Zealand Labour Party	196311	1963-11-30	30	FALSE	FALSE	1963	1960
64	New Zealand	64620	National	New Zealand National Party	196311	1963-11-30	60	FALSE	FALSE	1963	1960
64	New Zealand	64951		Social Credit Political League	196311	1963-11-30	95	FALSE	FALSE	1963	1960
64	New Zealand	64320	Labour	New Zealand Labour Party	196611	1966-11-26	30	FALSE	FALSE	1966	1970
64	New Zealand	64620	National	New Zealand National Party	196611	1966-11-26	60	FALSE	FALSE	1966	1970
64	New Zealand	64951		Social Credit Political League	196611	1966-11-26	95	FALSE	FALSE	1966	1970
64	New Zealand	64320	Labour	New Zealand Labour Party	196911	1969-11-29	30	FALSE	FALSE	1969	1970
64	New Zealand	64620	National	New Zealand National Party	196911	1969-11-29	60	FALSE	FALSE	1969	1970
64	New Zealand	64951		Social Credit Political League	196911	1969-11-29	95	FALSE	FALSE	1969	1970
64	New Zealand	64320	Labour	New Zealand Labour Party	197211	1972-11-25	30	FALSE	FALSE	1972	1970
64	New Zealand	64620	National	New Zealand National Party	197211	1972-11-25	60	FALSE	FALSE	1972	1970
64	New Zealand	64951		Social Credit Political League	197211	1972-11-25	95	FALSE	FALSE	1972	1970
64	New Zealand	64320	Labour	New Zealand Labour Party	197511	1975-11-29	30	FALSE	FALSE	1975	1980
64	New Zealand	64620	National	New Zealand National Party	197511	1975-11-29	60	FALSE	FALSE	1975	1980
64	New Zealand	64951		Social Credit Political League	197511	1975-11-29	95	FALSE	FALSE	1975	1980
64	New Zealand	64320	Labour	New Zealand Labour Party	197811	1978-11-25	30	FALSE	FALSE	1978	1980
64	New Zealand	64620	National	New Zealand National Party	197811	1978-11-25	60	FALSE	FALSE	1978	1980
64	New Zealand	64951		Social Credit Political League	197811	1978-11-25	95	FALSE	FALSE	1978	1980
64	New Zealand	64320	Labour	New Zealand Labour Party	198111	1981-11-28	30	FALSE	FALSE	1981	1980
64	New Zealand	64620	National	New Zealand National Party	198111	1981-11-28	60	FALSE	FALSE	1981	1980
64	New Zealand	64951		Social Credit Political League	198111	1981-11-28	95	FALSE	FALSE	1981	1980
64	New Zealand	64320	Labour	New Zealand Labour Party	198407	1984-07-14	30	FALSE	FALSE	1984	1980
64	New Zealand	64620	National	New Zealand National Party	198407	1984-07-14	60	FALSE	FALSE	1984	1980
64	New Zealand	64951		Social Credit Political League	198407	1984-07-14	95	TRUE	FALSE	1984	1980
64	New Zealand	64320	Labour	New Zealand Labour Party	198708	1987-08-15	30	FALSE	FALSE	1987	1990
64	New Zealand	64620	National	New Zealand National Party	198708	1987-08-15	60	FALSE	FALSE	1987	1990
64	New Zealand	64951	NZDP	New Zealand Democratic Party	198708	1987-08-15	95	FALSE	FALSE	1987	1990
64	New Zealand	64320	Labour	New Zealand Labour Party	199010	1990-10-27	30	FALSE	FALSE	1990	1990
64	New Zealand	64620	National	New Zealand National Party	199010	1990-10-27	60	FALSE	FALSE	1990	1990
64	New Zealand	64951	NZDP	New Zealand Democratic Party	199010	1990-10-27	95	FALSE	FALSE	1990	1990
64	New Zealand	64320	Labour	New Zealand Labour Party	199311	1993-11-06	30	TRUE	FALSE	1993	1990
64	New Zealand	64321	Alliance	The Alliance	199311	1993-11-06	30	TRUE	FALSE	1993	1990
64	New Zealand	64620	National	New Zealand National Party	199311	1993-11-06	60	TRUE	FALSE	1993	1990
64	New Zealand	64621	NZF	New Zealand First Party	199311	1993-11-06	70	FALSE	FALSE	1993	1990
64	New Zealand	64320	Labour	New Zealand Labour Party	199610	1996-10-12	30	FALSE	FALSE	1996	2000
64	New Zealand	64321	Alliance	The Alliance	199610	1996-10-12	30	FALSE	FALSE	1996	2000
64	New Zealand	64420	ACT	ACT New Zealand	199610	1996-10-12	40	TRUE	FALSE	1996	2000
64	New Zealand	64620	National	New Zealand National Party	199610	1996-10-12	60	FALSE	FALSE	1996	2000
64	New Zealand	64621	NZF	New Zealand First Party	199610	1996-10-12	70	FALSE	FALSE	1996	2000
64	New Zealand	64110	Greens	Green Party of Aotearoa New Zealand	199911	1999-11-27	10	FALSE	FALSE	1999	2000
64	New Zealand	64320	Labour	New Zealand Labour Party	199911	1999-11-27	30	TRUE	FALSE	1999	2000
64	New Zealand	64321	Alliance	The Alliance	199911	1999-11-27	30	TRUE	FALSE	1999	2000
64	New Zealand	64420	ACT	ACT New Zealand	199911	1999-11-27	40	TRUE	FALSE	1999	2000
64	New Zealand	64620	National	New Zealand National Party	199911	1999-11-27	60	TRUE	FALSE	1999	2000
64	New Zealand	64621	NZF	New Zealand First Party	199911	1999-11-27	70	FALSE	FALSE	1999	2000
64	New Zealand	64110	Greens	Green Party of Aotearoa New Zealand	200207	2002-07-27	10	FALSE	FALSE	2002	2000
64	New Zealand	64320	Labour	New Zealand Labour Party	200207	2002-07-27	30	FALSE	FALSE	2002	2000
64	New Zealand	64420	ACT	ACT New Zealand	200207	2002-07-27	40	TRUE	FALSE	2002	2000
64	New Zealand	64421		United Future New Zealand	200207	2002-07-27	40	TRUE	FALSE	2002	2000
64	New Zealand	64422	Progressive	Jim Anderton’s Progressive Coalition	200207	2002-07-27	40	TRUE	FALSE	2002	2000
64	New Zealand	64620	National	New Zealand National Party	200207	2002-07-27	60	FALSE	FALSE	2002	2000
64	New Zealand	64621	NZF	New Zealand First Party	200207	2002-07-27	70	TRUE	FALSE	2002	2000
64	New Zealand	64110	Greens	Green Party of Aotearoa New Zealand	200509	2005-09-17	10	TRUE	FALSE	2005	2010
64	New Zealand	64320	Labour	New Zealand Labour Party	200509	2005-09-17	30	TRUE	FALSE	2005	2010
64	New Zealand	64420	ACT	ACT New Zealand	200509	2005-09-17	40	TRUE	FALSE	2005	2010
64	New Zealand	64422	Progressive	Jim Anderton’s Progressive	200509	2005-09-17	40	TRUE	FALSE	2005	2010
64	New Zealand	64620	National	New Zealand National Party	200509	2005-09-17	60	TRUE	FALSE	2005	2010
64	New Zealand	64901		Māori Party	200509	2005-09-17	90	TRUE	FALSE	2005	2010
64	New Zealand	64110	Greens	Green Party of Aotearoa New Zealand	200811	2008-11-08	10	TRUE	FALSE	2008	2010
64	New Zealand	64320	Labour	New Zealand Labour Party	200811	2008-11-08	30	TRUE	FALSE	2008	2010
64	New Zealand	64420	ACT	ACT New Zealand	200811	2008-11-08	40	TRUE	FALSE	2008	2010
64	New Zealand	64421		United Future New Zealand	200811	2008-11-08	40	TRUE	FALSE	2008	2010
64	New Zealand	64422	Progressive	Progressive Party	200811	2008-11-08	40	TRUE	FALSE	2008	2010
64	New Zealand	64620	National	New Zealand National Party	200811	2008-11-08	60	TRUE	FALSE	2008	2010
64	New Zealand	64901		Māori Party	200811	2008-11-08	90	TRUE	FALSE	2008	2010
64	New Zealand	64110	Greens	Green Party of Aotearoa New Zealand	201111	2011-11-26	10	TRUE	FALSE	2011	2010
64	New Zealand	64320	Labour	New Zealand Labour Party	201111	2011-11-26	30	TRUE	FALSE	2011	2010
64	New Zealand	64420	ACT	ACT New Zealand	201111	2011-11-26	40	TRUE	FALSE	2011	2010
64	New Zealand	64421		United Future New Zealand	201111	2011-11-26	40	TRUE	FALSE	2011	2010
64	New Zealand	64620	National	New Zealand National Party	201111	2011-11-26	60	TRUE	FALSE	2011	2010
64	New Zealand	64621	NZF	New Zealand First Party	201111	2011-11-26	70	TRUE	FALSE	2011	2010
64	New Zealand	64901		Māori Party	201111	2011-11-26	90	TRUE	FALSE	2011	2010
64	New Zealand	64902	Mana	Mana Party	201111	2011-11-26	90	TRUE	FALSE	2011	2010
64	New Zealand	64110	Greens	Green Party of Aotearoa New Zealand	201409	2014-09-20	10	TRUE	FALSE	2014	2010
64	New Zealand	64320	Labour	New Zealand Labour Party	201409	2014-09-20	30	TRUE	FALSE	2014	2010
64	New Zealand	64420	ACT	ACT New Zealand	201409	2014-09-20	40	TRUE	FALSE	2014	2010
64	New Zealand	64421		United Future New Zealand	201409	2014-09-20	40	TRUE	FALSE	2014	2010
64	New Zealand	64620	National	New Zealand National Party	201409	2014-09-20	60	TRUE	FALSE	2014	2010
64	New Zealand	64621	NZF	New Zealand First Party	201409	2014-09-20	70	TRUE	FALSE	2014	2010
64	New Zealand	64901		Māori Party	201409	2014-09-20	90	TRUE	FALSE	2014	2010
64	New Zealand	64110	Greens	Green Party of Aotearoa New Zealand	201709	2017-09-23	10	TRUE	FALSE	2017	2020
64	New Zealand	64320	Labour	New Zealand Labour Party	201709	2017-09-23	30	TRUE	FALSE	2017	2020
64	New Zealand	64420	ACT	ACT New Zealand	201709	2017-09-23	40	TRUE	FALSE	2017	2020
64	New Zealand	64620	National	New Zealand National Party	201709	2017-09-23	60	TRUE	FALSE	2017	2020
64	New Zealand	64621	NZF	New Zealand First Party	201709	2017-09-23	70	TRUE	FALSE	2017	2020
64	New Zealand	64901		Māori Party	201709	2017-09-23	90	TRUE	FALSE	2017	2020
64	New Zealand	64110	Greens	Green Party of Aotearoa New Zealand	202010	2020-10-17	10	TRUE	FALSE	2020	2020
64	New Zealand	64320	Labour	New Zealand Labour Party	202010	2020-10-17	30	TRUE	FALSE	2020	2020
64	New Zealand	64420	ACT	ACT New Zealand	202010	2020-10-17	40	TRUE	FALSE	2020	2020
64	New Zealand	64620	National	New Zealand National Party	202010	2020-10-17	60	TRUE	FALSE	2020	2020
64	New Zealand	64621	NZF	New Zealand First Party	202010	2020-10-17	70	TRUE	FALSE	2020	2020
64	New Zealand	64901		Māori Party	202010	2020-10-17	90	TRUE	FALSE	2020	2020
71	Japan	71220	JCP	Japanese Communist Party	196011	1960-11-20	20	FALSE	FALSE	1960	1960
71	Japan	71320	JSP	Japan Socialist Party	196011	1960-11-20	30	FALSE	FALSE	1960	1960
71	Japan	71321	DSP	Democratic Socialist Party	196011	1960-11-20	30	FALSE	FALSE	1960	1960
71	Japan	71620	LDP	Liberal Democratic Party	196011	1960-11-20	60	FALSE	FALSE	1960	1960
71	Japan	71220	JCP	Japanese Communist Party	196311	1963-11-21	20	FALSE	FALSE	1963	1960
71	Japan	71320	JSP	Japan Socialist Party	196311	1963-11-21	30	FALSE	FALSE	1963	1960
71	Japan	71321	DSP	Democratic Socialist Party	196311	1963-11-21	30	FALSE	FALSE	1963	1960
71	Japan	71620	LDP	Liberal Democratic Party	196311	1963-11-21	60	FALSE	FALSE	1963	1960
71	Japan	71220	JCP	Japanese Communist Party	196701	1967-01-29	20	FALSE	FALSE	1967	1970
71	Japan	71320	JSP	Japan Socialist Party	196701	1967-01-29	30	FALSE	FALSE	1967	1970
71	Japan	71321	DSP	Democratic Socialist Party	196701	1967-01-29	30	FALSE	FALSE	1967	1970
71	Japan	71530	CGP	Clean Government Party	196701	1967-01-29	50	FALSE	FALSE	1967	1970
71	Japan	71620	LDP	Liberal Democratic Party	196701	1967-01-29	60	FALSE	FALSE	1967	1970
71	Japan	71220	JCP	Japanese Communist Party	196912	1969-12-27	20	FALSE	FALSE	1969	1970
71	Japan	71320	JSP	Japan Socialist Party	196912	1969-12-27	30	FALSE	FALSE	1969	1970
71	Japan	71321	DSP	Democratic Socialist Party	196912	1969-12-27	30	FALSE	FALSE	1969	1970
71	Japan	71530	CGP	Clean Government Party	196912	1969-12-27	50	FALSE	FALSE	1969	1970
71	Japan	71620	LDP	Liberal Democratic Party	196912	1969-12-27	60	FALSE	FALSE	1969	1970
71	Japan	71220	JCP	Japanese Communist Party	197212	1972-12-10	20	FALSE	FALSE	1972	1970
71	Japan	71320	JSP	Japan Socialist Party	197212	1972-12-10	30	FALSE	FALSE	1972	1970
71	Japan	71321	DSP	Democratic Socialist Party	197212	1972-12-10	30	FALSE	FALSE	1972	1970
71	Japan	71530	CGP	Clean Government Party	197212	1972-12-10	50	FALSE	FALSE	1972	1970
71	Japan	71620	LDP	Liberal Democratic Party	197212	1972-12-10	60	FALSE	FALSE	1972	1970
71	Japan	71220	JCP	Japanese Communist Party	197612	1976-12-05	20	FALSE	FALSE	1976	1980
71	Japan	71320	JSP	Japan Socialist Party	197612	1976-12-05	30	FALSE	FALSE	1976	1980
71	Japan	71321	DSP	Democratic Socialist Party	197612	1976-12-05	30	FALSE	FALSE	1976	1980
71	Japan	71530	CGP	Clean Government Party	197612	1976-12-05	50	FALSE	FALSE	1976	1980
71	Japan	71620	LDP	Liberal Democratic Party	197612	1976-12-05	60	FALSE	FALSE	1976	1980
71	Japan	71621	NLC	New Liberal Club	197612	1976-12-05	60	FALSE	FALSE	1976	1980
71	Japan	71220	JCP	Japanese Communist Party	197910	1979-10-07	20	FALSE	FALSE	1979	1980
71	Japan	71320	JSP	Japan Socialist Party	197910	1979-10-07	30	FALSE	FALSE	1979	1980
71	Japan	71321	DSP	Democratic Socialist Party	197910	1979-10-07	30	FALSE	FALSE	1979	1980
71	Japan	71322	SDF	Social Democratic Federation	197910	1979-10-07	30	FALSE	FALSE	1979	1980
71	Japan	71530	CGP	Clean Government Party	197910	1979-10-07	50	FALSE	FALSE	1979	1980
71	Japan	71620	LDP	Liberal Democratic Party	197910	1979-10-07	60	FALSE	FALSE	1979	1980
71	Japan	71621	NLC	New Liberal Club	197910	1979-10-07	60	FALSE	FALSE	1979	1980
71	Japan	71220	JCP	Japanese Communist Party	198006	1980-06-22	20	FALSE	FALSE	1980	1980
71	Japan	71320	JSP	Japan Socialist Party	198006	1980-06-22	30	FALSE	FALSE	1980	1980
71	Japan	71321	DSP	Democratic Socialist Party	198006	1980-06-22	30	FALSE	FALSE	1980	1980
71	Japan	71530	CGP	Clean Government Party	198006	1980-06-22	50	FALSE	FALSE	1980	1980
71	Japan	71620	LDP	Liberal Democratic Party	198006	1980-06-22	60	FALSE	FALSE	1980	1980
71	Japan	71621	NLC	New Liberal Club	198006	1980-06-22	60	FALSE	FALSE	1980	1980
71	Japan	71220	JCP	Japanese Communist Party	198312	1983-12-18	20	FALSE	FALSE	1983	1980
71	Japan	71320	JSP	Japan Socialist Party	198312	1983-12-18	30	FALSE	FALSE	1983	1980
71	Japan	71321	DSP	Democratic Socialist Party	198312	1983-12-18	30	FALSE	FALSE	1983	1980
71	Japan	71322	SDF	Social Democratic Federation	198312	1983-12-18	30	FALSE	FALSE	1983	1980
71	Japan	71530	CGP	Clean Government Party	198312	1983-12-18	50	FALSE	FALSE	1983	1980
71	Japan	71620	LDP	Liberal Democratic Party	198312	1983-12-18	60	FALSE	FALSE	1983	1980
71	Japan	71621	NLC	New Liberal Club	198312	1983-12-18	60	FALSE	FALSE	1983	1980
71	Japan	71220	JCP	Japanese Communist Party	198607	1986-07-06	20	FALSE	FALSE	1986	1990
71	Japan	71320	JSP	Japan Socialist Party	198607	1986-07-06	30	FALSE	FALSE	1986	1990
71	Japan	71321	DSP	Democratic Socialist Party	198607	1986-07-06	30	FALSE	FALSE	1986	1990
71	Japan	71322	SDF	Social Democratic Federation	198607	1986-07-06	30	FALSE	FALSE	1986	1990
71	Japan	71530	CGP	Clean Government Party	198607	1986-07-06	50	FALSE	FALSE	1986	1990
71	Japan	71620	LDP	Liberal Democratic Party	198607	1986-07-06	60	FALSE	FALSE	1986	1990
71	Japan	71621	NLC	New Liberal Club	198607	1986-07-06	60	FALSE	FALSE	1986	1990
71	Japan	71220	JCP	Japanese Communist Party	199002	1990-02-18	20	FALSE	FALSE	1990	1990
71	Japan	71320	JSP	Japan Socialist Party	199002	1990-02-18	30	FALSE	FALSE	1990	1990
71	Japan	71321	DSP	Democratic Socialist Party	199002	1990-02-18	30	FALSE	FALSE	1990	1990
71	Japan	71322	SDF	Social Democratic Federation	199002	1990-02-18	30	FALSE	FALSE	1990	1990
71	Japan	71530	CGP	Clean Government Party	199002	1990-02-18	50	FALSE	FALSE	1990	1990
71	Japan	71620	LDP	Liberal Democratic Party	199002	1990-02-18	60	FALSE	FALSE	1990	1990
71	Japan	71220	JCP	Japanese Communist Party	199307	1993-07-18	20	FALSE	FALSE	1993	1990
71	Japan	71320	SDPJ	Social Democratic Party of Japan	199307	1993-07-18	30	FALSE	FALSE	1993	1990
71	Japan	71321	DSP	Democratic Socialist Party	199307	1993-07-18	30	FALSE	FALSE	1993	1990
71	Japan	71530	CGP	Clean Government Party	199307	1993-07-18	50	FALSE	FALSE	1993	1990
71	Japan	71620	LDP	Liberal Democratic Party	199307	1993-07-18	60	FALSE	FALSE	1993	1990
71	Japan	71622	JRP	Japan Renewal Party	199307	1993-07-18	60	FALSE	FALSE	1993	1990
71	Japan	71951	NPH	New Party Harbinger	199307	1993-07-18	95	FALSE	FALSE	1993	1990
71	Japan	71952	JNP	Japan New Party	199307	1993-07-18	95	FALSE	FALSE	1993	1990
71	Japan	71220	JCP	Japanese Communist Party	199610	1996-10-20	20	FALSE	FALSE	1996	2000
71	Japan	71320	SDP	Social Democratic Party	199610	1996-10-20	30	FALSE	FALSE	1996	2000
71	Japan	71620	LDP	Liberal Democratic Party	199610	1996-10-20	60	FALSE	FALSE	1996	2000
71	Japan	71623	NFP	New Frontier Party	199610	1996-10-20	60	FALSE	FALSE	1996	2000
71	Japan	71624	DPJ	Democratic Party of Japan	199610	1996-10-20	60	FALSE	FALSE	1996	2000
71	Japan	71951	NPH	New Party Harbinger	199610	1996-10-20	95	FALSE	FALSE	1996	2000
71	Japan	71220	JCP	Japanese Communist Party	200006	2000-06-25	20	FALSE	FALSE	2000	2000
71	Japan	71320	SDP	Social Democratic Party	200006	2000-06-25	30	FALSE	FALSE	2000	2000
71	Japan	71530	NKP	New Clean Government Party	200006	2000-06-25	50	FALSE	FALSE	2000	2000
71	Japan	71620	LDP	Liberal Democratic Party	200006	2000-06-25	60	FALSE	FALSE	2000	2000
71	Japan	71624	DPJ	Democratic Party of Japan	200006	2000-06-25	60	FALSE	FALSE	2000	2000
71	Japan	71625	LP	Liberal Party	200006	2000-06-25	60	FALSE	FALSE	2000	2000
71	Japan	71626	NCP	New Conservative Party	200006	2000-06-25	60	FALSE	FALSE	2000	2000
71	Japan	71220	JCP	Japanese Communist Party	200311	2003-11-09	20	FALSE	FALSE	2003	2000
71	Japan	71320	SDP	Social Democratic Party	200311	2003-11-09	30	FALSE	FALSE	2003	2000
71	Japan	71420	LL	Liberal League	200311	2003-11-09	40	FALSE	FALSE	2003	2000
71	Japan	71530	NKP	New Clean Government Party	200311	2003-11-09	50	FALSE	FALSE	2003	2000
71	Japan	71620	LDP	Liberal Democratic Party	200311	2003-11-09	60	FALSE	FALSE	2003	2000
71	Japan	71624	DPJ	Democratic Party of Japan	200311	2003-11-09	60	FALSE	FALSE	2003	2000
71	Japan	71626	NCP	New Conservative Party	200311	2003-11-09	60	FALSE	FALSE	2003	2000
71	Japan	71640		Independent's Party	200311	2003-11-09	60	FALSE	FALSE	2003	2000
71	Japan	71220	JCP	Japanese Communist Party	200509	2005-09-11	20	FALSE	FALSE	2005	2010
71	Japan	71320	SDP	Social Democratic Party	200509	2005-09-11	30	FALSE	FALSE	2005	2010
71	Japan	71530	NKP	New Clean Government Party	200509	2005-09-11	50	FALSE	FALSE	2005	2010
71	Japan	71620	LDP	Liberal Democratic Party	200509	2005-09-11	60	FALSE	FALSE	2005	2010
71	Japan	71624	DPJ	Democratic Party of Japan	200509	2005-09-11	60	FALSE	FALSE	2005	2010
71	Japan	71630	PNP	People's New Party	200509	2005-09-11	60	FALSE	FALSE	2005	2010
71	Japan	71220	JCP	Japanese Communist Party	200908	2009-08-30	20	FALSE	FALSE	2009	2010
71	Japan	71320	SDP	Social Democratic Party	200908	2009-08-30	30	FALSE	FALSE	2009	2010
71	Japan	71410		Your Party	200908	2009-08-30	40	FALSE	FALSE	2009	2010
71	Japan	71530	NKP	New Clean Government Party	200908	2009-08-30	50	FALSE	FALSE	2009	2010
71	Japan	71620	LDP	Liberal Democratic Party	200908	2009-08-30	60	FALSE	FALSE	2009	2010
71	Japan	71624	DPJ	Democratic Party of Japan	200908	2009-08-30	60	FALSE	FALSE	2009	2010
71	Japan	71630	PNP	People's New Party	200908	2009-08-30	60	FALSE	FALSE	2009	2010
71	Japan	71953	NPN	New Party Nippon	200908	2009-08-30	40	FALSE	FALSE	2009	2010
71	Japan	71110		Tomorrow Party of Japan	201212	2012-12-16	10	FALSE	FALSE	2012	2010
71	Japan	71220	JCP	Japanese Communist Party	201212	2012-12-16	20	FALSE	FALSE	2012	2010
71	Japan	71320	SDP	Social Democratic Party	201212	2012-12-16	30	FALSE	FALSE	2012	2010
71	Japan	71410		Your Party	201212	2012-12-16	40	FALSE	FALSE	2012	2010
71	Japan	71430	JRP	Japan Restoration Party	201212	2012-12-16	60	FALSE	FALSE	2012	2010
71	Japan	71530	NKP	New Clean Government Party	201212	2012-12-16	50	FALSE	FALSE	2012	2010
71	Japan	71620	LDP	Liberal Democratic Party	201212	2012-12-16	60	FALSE	FALSE	2012	2010
71	Japan	71624	DPJ	Democratic Party of Japan	201212	2012-12-16	60	FALSE	FALSE	2012	2010
71	Japan	71630	PNP	People's New Party	201212	2012-12-16	60	FALSE	FALSE	2012	2010
71	Japan	71650	NPD	New Party Mother Earth	201212	2012-12-16	90	FALSE	FALSE	2012	2010
71	Japan	71111	PLP	People's Life Party	201412	2014-12-14	10	FALSE	FALSE	2014	2010
71	Japan	71220	JCP	Japanese Communist Party	201412	2014-12-14	20	TRUE	FALSE	2014	2010
71	Japan	71320	SDP	Social Democratic Party	201412	2014-12-14	30	TRUE	FALSE	2014	2010
71	Japan	71530	NKP	New Clean Government Party	201412	2014-12-14	50	FALSE	FALSE	2014	2010
71	Japan	71620	LDP	Liberal Democratic Party	201412	2014-12-14	60	FALSE	FALSE	2014	2010
71	Japan	71624	DPJ	Democratic Party of Japan	201412	2014-12-14	60	FALSE	FALSE	2014	2010
71	Japan	71660	JIP	(Japan Innovation Party	201412	2014-12-14	60	FALSE	FALSE	2014	2010
71	Japan	71710	PFG	Party for Future Generations	201412	2014-12-14	70	FALSE	FALSE	2014	2010
71	Japan	71220	JCP	Japanese Communist Party	201710	2017-10-22	20	TRUE	FALSE	2017	2020
71	Japan	71320	SDP	Social Democratic Party	201710	2017-10-22	30	TRUE	FALSE	2017	2020
71	Japan	71430	JRP	Japan Restoration Party	201710	2017-10-22	60	TRUE	FALSE	2017	2020
71	Japan	71440	CDP	Constitutional Democratic Party of Japan	201710	2017-10-22	40	TRUE	FALSE	2017	2020
71	Japan	71530	NKP	New Clean Government Party	201710	2017-10-22	50	TRUE	FALSE	2017	2020
71	Japan	71620	LDP	Liberal Democratic Party	201710	2017-10-22	60	TRUE	FALSE	2017	2020
71	Japan	71627		Party of Hope	201710	2017-10-22	60	TRUE	FALSE	2017	2020
80	Bulgaria	80220	BSP	Bulgarian Socialist Party	199006	1990-06-10	30	FALSE	FALSE	1990	1990
80	Bulgaria	80410	SDS	Union of Democratic Forces	199006	1990-06-10	40	FALSE	FALSE	1990	1990
80	Bulgaria	80810	BZNS	Bulgarian Agrarian National Union	199006	1990-06-10	80	FALSE	FALSE	1990	1990
80	Bulgaria	80951	DPS	Movement for Rights and Freedoms	199006	1990-06-10	90	FALSE	FALSE	1990	1990
80	Bulgaria	80220	BSP	Bulgarian Socialist Party	199110	1991-10-13	30	FALSE	FALSE	1991	1990
80	Bulgaria	80228		Coalition of Bulgarian Socialist Party	199110	1991-10-13	30	FALSE	FALSE	1991	1990
80	Bulgaria	80410	SDS	Union of Democratic Forces	199110	1991-10-13	40	FALSE	FALSE	1991	1990
80	Bulgaria	80951	DPS	Movement for Rights and Freedoms	199110	1991-10-13	90	FALSE	FALSE	1991	1990
80	Bulgaria	80110	PKE	Political Club ‘Ekoglasnost'	199412	1994-12-18	10	FALSE	FALSE	1994	1990
80	Bulgaria	80220	BSP	Bulgarian Socialist Party	199412	1994-12-18	30	FALSE	FALSE	1994	1990
80	Bulgaria	80228	BSP-BZNS-AS-PKE	Coalition of Bulgarian Socialist Party, Bulgarian Agrarian People’s Union - Alexandar Stambolijski and Political Club 'Ekoglasnost'	199412	1994-12-18	30	FALSE	FALSE	1994	1990
80	Bulgaria	80410	SDS	Union of Democratic Forces	199412	1994-12-18	40	FALSE	FALSE	1994	1990
80	Bulgaria	80811	NS	People’s Union	199412	1994-12-18	70	FALSE	FALSE	1994	1990
80	Bulgaria	80812	BZNS-AS	Bulgarian Agrarian People’s Union - Alexandar Stambolijski	199412	1994-12-18	80	FALSE	FALSE	1994	1990
80	Bulgaria	80901	BBB	Bulgarian Business Bloc	199412	1994-12-18	60	FALSE	FALSE	1994	1990
80	Bulgaria	80951	DPS	Movement for Rights and Freedoms	199412	1994-12-18	90	FALSE	FALSE	1994	1990
80	Bulgaria	80110	PKE	Political Club ‘Ekoglasnost'	199704	1997-04-19	10	FALSE	FALSE	1997	2000
80	Bulgaria	80220	BSP	Bulgarian Socialist Party	199704	1997-04-19	30	FALSE	FALSE	1997	2000
80	Bulgaria	80229	DL	Democratic Left	199704	1997-04-19	30	FALSE	FALSE	1997	2000
80	Bulgaria	80320	KEL	Euroleft Coalition	199704	1997-04-19	30	FALSE	FALSE	1997	2000
80	Bulgaria	80411	ODS	United Democratic Forces	199704	1997-04-19	40	FALSE	FALSE	1997	2000
80	Bulgaria	80901	BBB	Bulgarian Business Bloc	199704	1997-04-19	60	FALSE	FALSE	1997	2000
80	Bulgaria	80951	DPS	Movement for Rights and Freedoms	199704	1997-04-19	90	FALSE	FALSE	1997	2000
80	Bulgaria	80221	KzB	Coalition for Bulgaria	200106	2001-06-18	30	FALSE	FALSE	2001	2000
80	Bulgaria	80411	ODS	United Democratic Forces	200106	2001-06-18	40	FALSE	FALSE	2001	2000
80	Bulgaria	80902	NDSV	National Movement Simeon the Second	200106	2001-06-18	40	FALSE	FALSE	2001	2000
80	Bulgaria	80951	DPS	Movement for Rights and Freedoms	200106	2001-06-18	90	FALSE	FALSE	2001	2000
80	Bulgaria	80220	BSP	Bulgarian Socialist Party	200506	2005-06-25	30	FALSE	FALSE	2005	2010
80	Bulgaria	80221	KzB	Coalition for Bulgaria	200506	2005-06-25	30	FALSE	FALSE	2005	2010
80	Bulgaria	80411	ODS	United Democratic Forces	200506	2005-06-25	40	FALSE	FALSE	2005	2010
80	Bulgaria	80610	DSB	Democrats for a Strong Bulgaria	200506	2005-06-25	40	FALSE	FALSE	2005	2010
80	Bulgaria	80710	ATAKA	National Union Attack	200506	2005-06-25	70	FALSE	FALSE	2005	2010
80	Bulgaria	80813	BNS	Bulgarian People's Union	200506	2005-06-25	80	FALSE	FALSE	2005	2010
80	Bulgaria	80902	NDSV	National Movement Simeon the Second	200506	2005-06-25	40	FALSE	FALSE	2005	2010
80	Bulgaria	80951	DPS	Movement for Rights and Freedoms	200506	2005-06-25	90	FALSE	FALSE	2005	2010
80	Bulgaria	80051	SK	Blue Coalition	200907	2009-07-05	50	FALSE	FALSE	2009	2010
80	Bulgaria	80221	KzB	Coalition for Bulgaria	200907	2009-07-05	30	FALSE	FALSE	2009	2010
80	Bulgaria	80510	GERB	Citizens for European Development of Bulgaria	200907	2009-07-05	50	TRUE	TRUE	2009	2010
80	Bulgaria	80620	RZS	Order, Law and Justice	200907	2009-07-05	60	FALSE	FALSE	2009	2010
80	Bulgaria	80710	ATAKA	National Union Attack	200907	2009-07-05	70	TRUE	TRUE	2009	2010
80	Bulgaria	80951	DPS	Movement for Rights and Freedoms	200907	2009-07-05	90	FALSE	FALSE	2009	2010
80	Bulgaria	80220	BSP	Bulgarian Socialist Party	201305	2013-05-12	30	TRUE	TRUE	2013	2010
80	Bulgaria	80510	GERB	Citizens for European Development of Bulgaria	201305	2013-05-12	50	TRUE	TRUE	2013	2010
80	Bulgaria	80710	ATAKA	National Union Attack	201305	2013-05-12	70	TRUE	TRUE	2013	2010
80	Bulgaria	80951	DPS	Movement for Rights and Freedoms	201305	2013-05-12	90	TRUE	TRUE	2013	2010
80	Bulgaria	80061		Reformist bloc	201410	2014-10-05	60	TRUE	TRUE	2014	2010
80	Bulgaria	80062		Patriotic Front - NFSB and VMRO	201410	2014-10-05	60	TRUE	TRUE	2014	2010
80	Bulgaria	80221	BSP-Left Bulgariya	BSP-Left Bulgaria	201410	2014-10-05	30	TRUE	TRUE	2014	2010
80	Bulgaria	80330	ABV	Alternative for Bulgarian Revival	201410	2014-10-05	30	TRUE	TRUE	2014	2010
80	Bulgaria	80510	GERB	Citizens for European Development of Bulgaria	201410	2014-10-05	50	TRUE	TRUE	2014	2010
80	Bulgaria	80630	BBZ	Bulgaria without Censorship	201410	2014-10-05	60	TRUE	TRUE	2014	2010
80	Bulgaria	80710	ATAKA	National Union Attack	201410	2014-10-05	70	TRUE	TRUE	2014	2010
80	Bulgaria	80951	DPS	Movement for Rights and Freedoms	201410	2014-10-05	90	FALSE	FALSE	2014	2010
80	Bulgaria	80071	OP	United Patriots	201703	2017-03-26	70	TRUE	TRUE	2017	2020
80	Bulgaria	80221	BSPzB	BSP for Bulgaria	201703	2017-03-26	30	TRUE	TRUE	2017	2020
80	Bulgaria	80510	GERB	Citizens for European Development of Bulgaria	201703	2017-03-26	50	TRUE	TRUE	2017	2020
80	Bulgaria	80640		Will	201703	2017-03-26	60	TRUE	TRUE	2017	2020
80	Bulgaria	80951	DPS	Movement for Rights and Freedoms	201703	2017-03-26	90	TRUE	TRUE	2017	2020
81	Croatia	81111	SZH	Green Alliance of Croatia	199004	1990-04-22	10	FALSE	FALSE	1990	1990
81	Croatia	81112	ZAS	Green Action of Split	199004	1990-04-22	10	FALSE	FALSE	1990	1990
81	Croatia	81220	SKH-SDP	League of Communists of Croatia - Party of Democratic Changes	199004	1990-04-22	20	FALSE	FALSE	1990	1990
81	Croatia	81221	SSH	Socialist Party of Croatia	199004	1990-04-22	20	FALSE	FALSE	1990	1990
81	Croatia	81222	SSOH	Union of Socialist Youth of Croatia	199004	1990-04-22	20	FALSE	FALSE	1990	1990
81	Croatia	81229	SKH-SDP-SSH	League of Communists of Croatia - Party of Democratic Changes and Socialist Party of Croatia	199004	1990-04-22	20	FALSE	FALSE	1990	1990
81	Croatia	81420	KNS	Coalition of People’s Accord	199004	1990-04-22	40	FALSE	FALSE	1990	1990
81	Croatia	81711	HDZ	Croatian Democratic Union	199004	1990-04-22	70	FALSE	FALSE	1990	1990
81	Croatia	81220	SDPH	Social Democratic Party of Croatia - Party of Democratic Changes	199208	1992-08-02	20	FALSE	FALSE	1992	1990
81	Croatia	81410	HSLS	Croatian Social-Liberal Party	199208	1992-08-02	40	FALSE	FALSE	1992	1990
81	Croatia	81711	HDZ	Croatian Democratic Union	199208	1992-08-02	70	FALSE	FALSE	1992	1990
81	Croatia	81712	HNS	Croatian People’s Party	199208	1992-08-02	40	FALSE	FALSE	1992	1990
81	Croatia	81713	HSP	Croatian Party of Rights	199208	1992-08-02	70	FALSE	FALSE	1992	1990
81	Croatia	81810	HSS	Croatian Peasant Party	199208	1992-08-02	80	FALSE	FALSE	1992	1990
81	Croatia	81951	SNS	Serbian People’s Party	199208	1992-08-02	90	FALSE	FALSE	1992	1990
81	Croatia	81953	IDS	Istrian Democratic Assembly	199208	1992-08-02	90	FALSE	FALSE	1992	1990
81	Croatia	81954	DA	Dalmatian Action	199208	1992-08-02	90	FALSE	FALSE	1992	1990
81	Croatia	81955	RiDS	Democratic Alliance of Rijeka	199208	1992-08-02	90	FALSE	FALSE	1992	1990
81	Croatia	81959	DA-IDS-RDS	Coalititon of Dalmatian Action, Istrian Democratic Assembly and Democratic Alliance of Rijeka	199208	1992-08-02	90	FALSE	FALSE	1992	1990
81	Croatia	81220	SDP	Social Democratic Party of Croatia	199510	1995-10-29	20	FALSE	FALSE	1995	2000
81	Croatia	81410	HSLS	Croatian Social-Liberal Party	199510	1995-10-29	40	FALSE	FALSE	1995	2000
81	Croatia	81430	HND	Croatian Independent Democrats	199510	1995-10-29	40	FALSE	FALSE	1995	2000
81	Croatia	81711	HDZ	Croatian Democratic Union	199510	1995-10-29	70	FALSE	FALSE	1995	2000
81	Croatia	81712	HNS	Croatian People’s Party	199510	1995-10-29	40	FALSE	FALSE	1995	2000
81	Croatia	81713	HSP	Croatian Party of Rights	199510	1995-10-29	70	FALSE	FALSE	1995	2000
81	Croatia	81810	HSS	Croatian Peasant Party	199510	1995-10-29	80	FALSE	FALSE	1995	2000
81	Croatia	81899	ZL	Joint List Bloc	199510	1995-10-29	90	FALSE	FALSE	1995	2000
81	Croatia	81956	SBHS	Croatian Party of Slavonia and Baranja	199510	1995-10-29	90	FALSE	FALSE	1995	2000
81	Croatia	81220	SDP	Social Democratic Party of Croatia	200001	2000-01-03	20	TRUE	FALSE	2000	2000
81	Croatia	81411	LS	Liberal Party	200001	2000-01-03	40	TRUE	FALSE	2000	2000
81	Croatia	81711	HDZ	Croatian Democratic Union	200001	2000-01-03	70	FALSE	FALSE	2000	2000
81	Croatia	81712	HNS	Croatian People’s Party	200001	2000-01-03	40	TRUE	FALSE	2000	2000
81	Croatia	81713	HSP	Croatian Party of Rights	200001	2000-01-03	70	TRUE	FALSE	2000	2000
81	Croatia	81810	HSS	Croatian Peasant Party	200001	2000-01-03	80	TRUE	FALSE	2000	2000
81	Croatia	81953	IDS	Istrian Democratic Assembly	200001	2000-01-03	90	TRUE	FALSE	2000	2000
81	Croatia	81220	SDP	Social Democratic Party of Croatia	200311	2003-11-23	20	TRUE	FALSE	2003	2000
81	Croatia	81411	LS	Liberal Party	200311	2003-11-23	40	TRUE	FALSE	2003	2000
81	Croatia	81711	HDZ	Croatian Democratic Union	200311	2003-11-23	70	TRUE	FALSE	2003	2000
81	Croatia	81712	HNS	Croatian People’s Party	200311	2003-11-23	40	TRUE	FALSE	2003	2000
81	Croatia	81713	HSP	Croatian Party of Rights	200311	2003-11-23	70	TRUE	FALSE	2003	2000
81	Croatia	81810	HSS	Croatian Peasant Party	200311	2003-11-23	80	TRUE	FALSE	2003	2000
81	Croatia	81910	SDSS	Independent Democratic Serbian Party	200311	2003-11-23	90	TRUE	FALSE	2003	2000
81	Croatia	81957	HSU	Croatian Party of Pensioners	200311	2003-11-23	95	TRUE	FALSE	2003	2000
81	Croatia	81220	SDP	Social Democratic Party of Croatia	200711	2007-11-25	20	TRUE	FALSE	2007	2010
81	Croatia	81711	HDZ	Croatian Democratic Union	200711	2007-11-25	70	TRUE	FALSE	2007	2010
81	Croatia	81712	HNS	Croatian People’s Party - Liberal Democrats	200711	2007-11-25	40	TRUE	FALSE	2007	2010
81	Croatia	81910	SDSS	Independent Democratic Serbian Party	200711	2007-11-25	90	TRUE	FALSE	2007	2010
81	Croatia	81952	HDSSB	Croatian Democratic Assembly of Slavonia and Baranja	200711	2007-11-25	95	TRUE	FALSE	2007	2010
81	Croatia	81953	IDS	Istrian Democratic Assembly	200711	2007-11-25	90	TRUE	FALSE	2007	2010
81	Croatia	81032	Kukuriku	Kukuriku Coalition	201112	2011-12-04	30	TRUE	FALSE	2011	2010
81	Croatia	81230	HL	Croatian Labourists - Labour Party	201112	2011-12-04	20	TRUE	FALSE	2011	2010
81	Croatia	81440		Independent List of Ivan Grubišić	201112	2011-12-04	40	TRUE	FALSE	2011	2010
81	Croatia	81711	HDZ	Croatian Democratic Union	201112	2011-12-04	70	TRUE	FALSE	2011	2010
81	Croatia	81810	HSS	Croatian Peasant Party	201112	2011-12-04	80	TRUE	FALSE	2011	2010
81	Croatia	81910	SDSS	Independent Democratic Serbian Party	201112	2011-12-04	90	TRUE	FALSE	2011	2010
81	Croatia	81952	HDSSB	Croatian Democratic Assembly of Slavonia and Baranja	201112	2011-12-04	95	TRUE	FALSE	2011	2010
81	Croatia	81032		Croatia is growing	201511	2015-11-08	30	TRUE	FALSE	2015	2020
81	Croatia	81061		Patriotic Coalition	201511	2015-11-08	60	TRUE	FALSE	2015	2020
81	Croatia	81091		Our Own Right	201511	2015-11-08	90	TRUE	FALSE	2015	2020
81	Croatia	81450	NS-R	People's Party - Reformists	201511	2015-11-08	40	TRUE	FALSE	2015	2020
81	Croatia	81460	MOST	Bridge of Independent Lists	201511	2015-11-08	40	TRUE	FALSE	2015	2020
81	Croatia	81952	HDSSB	Croatian Democratic Assembly of Slavonia and Baranja	201511	2015-11-08	95	TRUE	FALSE	2015	2020
81	Croatia	81960		Human Shield	201511	2015-11-08	95	TRUE	FALSE	2015	2020
81	Croatia	81961		Milan Bandić 365 - The Party of Labour and Solidarity	201511	2015-11-08	95	TRUE	FALSE	2015	2020
81	Croatia	81022		The Only Option Coalition	201609	2016-09-11	20	FALSE	FALSE	2016	2020
81	Croatia	81032		People's coalition	201609	2016-09-11	30	TRUE	FALSE	2016	2020
81	Croatia	81043		Coalition for Prime Minister	201609	2016-09-11	40	TRUE	FALSE	2016	2020
81	Croatia	81091		Even Stronger Istria Coalition	201609	2016-09-11	90	TRUE	FALSE	2016	2020
81	Croatia	81460	MOST	Bridge of Independent Lists	201609	2016-09-11	40	TRUE	FALSE	2016	2020
81	Croatia	81711	HDZ	Croatian Democratic Union	201609	2016-09-11	70	TRUE	FALSE	2016	2020
81	Croatia	81032		Restart Coalition	202007	2020-07-05	30	TRUE	FALSE	2020	2020
81	Croatia	81044	SSIP-P-F	Party with a First and Last Name - Smart - Focus	202007	2020-07-05	40	TRUE	FALSE	2020	2020
81	Croatia	81240		We can!-political platform	202007	2020-07-05	20	TRUE	FALSE	2020	2020
81	Croatia	81245	RF	Workers' Front	202007	2020-07-05	20	TRUE	FALSE	2020	2020
81	Croatia	81310	NL	New Left	202007	2020-07-05	30	TRUE	FALSE	2020	2020
81	Croatia	81450	NS-R	People's Party - Reformists	202007	2020-07-05	40	TRUE	FALSE	2020	2020
81	Croatia	81460	MOST	Bridge of Independent Lists	202007	2020-07-05	40	TRUE	FALSE	2020	2020
81	Croatia	81711	HDZ	Croatian Democratic Union	202007	2020-07-05	70	TRUE	FALSE	2020	2020
81	Croatia	81712	HNS	Croatian People’s Party - Liberal Democrats	202007	2020-07-05	40	TRUE	FALSE	2020	2020
81	Croatia	81714	DPMŠ	Miroslav Škoro Homeland Movement	202007	2020-07-05	70	TRUE	FALSE	2020	2020
81	Croatia	81910	SDSS	Independent Democratic Serbian Party	202007	2020-07-05	90	TRUE	FALSE	2020	2020
82	Czech Republic	82220	KSČ	Communist Party of Czechoslovakia	199006	1990-06-09	20	FALSE	FALSE	1990	1990
82	Czech Republic	82410	OF	Civic Forum	199006	1990-06-09	40	FALSE	FALSE	1990	1990
82	Czech Republic	82520	ČSL	Czechoslovak People’s Party	199006	1990-06-09	60	FALSE	FALSE	1990	1990
82	Czech Republic	82529	KDU	Christian and Democratic Union	199006	1990-06-09	50	FALSE	FALSE	1990	1990
82	Czech Republic	82951	HSD-SMS	Movement for an Autonomous Democracy - Society for Moravia-Silesia	199006	1990-06-09	90	FALSE	FALSE	1990	1990
82	Czech Republic	82221	LB	Left Bloc	199206	1992-06-06	20	FALSE	FALSE	1992	1990
82	Czech Republic	82320	ČSSD	Czechoslovak Social Democratic Party	199206	1992-06-06	30	FALSE	FALSE	1992	1990
82	Czech Republic	82412	ODA	Civic Democratic Alliance	199206	1992-06-06	40	FALSE	FALSE	1992	1990
82	Czech Republic	82413	ODS	Civic Democratic Party	199206	1992-06-06	60	FALSE	FALSE	1992	1990
82	Czech Republic	82419	ODS-KDS	Civic Democratic Party - Christian Democratic Party	199206	1992-06-06	60	FALSE	FALSE	1992	1990
82	Czech Republic	82420	LSU	Liberal Social Union	199206	1992-06-06	40	FALSE	FALSE	1992	1990
82	Czech Republic	82521	KDS	Christian Democratic Party	199206	1992-06-06	50	FALSE	FALSE	1992	1990
82	Czech Republic	82523	KDU-ČSL	Christian and Democratic Union - Czech People's Party	199206	1992-06-06	50	FALSE	FALSE	1992	1990
82	Czech Republic	82710	SPR-RSČ	Association for the Republic – Republican Party of Czechoslovakia	199206	1992-06-06	70	FALSE	FALSE	1992	1990
82	Czech Republic	82951	HSD-SMS	Movement for an Autonomous Democracy - Society for Moravia-Silesia	199206	1992-06-06	90	FALSE	FALSE	1992	1990
82	Czech Republic	82220	KSČM	Communist Party of Bohemia and Moravia	199605	1996-05-31	20	FALSE	FALSE	1996	2000
82	Czech Republic	82320	ČSSD	Czech Social Democratic Party	199605	1996-05-31	30	FALSE	FALSE	1996	2000
82	Czech Republic	82412	ODA	Civic Democratic Alliance	199605	1996-05-31	40	FALSE	FALSE	1996	2000
82	Czech Republic	82413	ODS	Civic Democratic Party	199605	1996-05-31	60	FALSE	FALSE	1996	2000
82	Czech Republic	82523	KDU-ČSL	Christian and Democratic Union - Czech People's Party	199605	1996-05-31	50	FALSE	FALSE	1996	2000
82	Czech Republic	82710	SPR-RSČ	Association for the Republic – Republican Party of Czechoslovakia	199605	1996-05-31	70	FALSE	FALSE	1996	2000
82	Czech Republic	82901	DŽJ	Pensioners for a Life Security	199605	1996-05-31	95	FALSE	FALSE	1996	2000
82	Czech Republic	82220	KSČM	Communist Party of Bohemia and Moravia	199806	1998-06-19	20	FALSE	FALSE	1998	2000
82	Czech Republic	82320	ČSSD	Czech Social Democratic Party	199806	1998-06-19	30	FALSE	FALSE	1998	2000
82	Czech Republic	82413	ODS	Civic Democratic Party	199806	1998-06-19	60	FALSE	FALSE	1998	2000
82	Czech Republic	82421	US	Freedom Union	199806	1998-06-19	60	FALSE	FALSE	1998	2000
82	Czech Republic	82523	KDU-ČSL	Christian and Democratic Union - Czech People's Party	199806	1998-06-19	50	FALSE	FALSE	1998	2000
82	Czech Republic	82710	SPR-RSČ	Association for the Republic – Republican Party of Czechoslovakia	199806	1998-06-19	70	FALSE	FALSE	1998	2000
82	Czech Republic	82901	DŽJ	Pensioners for a Life Security	199806	1998-06-19	95	FALSE	FALSE	1998	2000
82	Czech Republic	82220	KSČM	Communist Party of Bohemia and Moravia	200206	2002-06-14	20	FALSE	FALSE	2002	2000
82	Czech Republic	82320	ČSSD	Czech Social Democratic Party	200206	2002-06-14	30	TRUE	TRUE	2002	2000
82	Czech Republic	82413	ODS	Civic Democratic Party	200206	2002-06-14	60	FALSE	FALSE	2002	2000
82	Czech Republic	82524	KDU-ČSL-US-DEU	Christian and Democratic Union - Czech People's Party -  Freedom Union - Democratic Union	200206	2002-06-14	60	FALSE	FALSE	2002	2000
82	Czech Republic	82710	SPR-RSČ	Association for the Republic – Republican Party of Czechoslovakia	200206	2002-06-14	70	TRUE	TRUE	2002	2000
82	Czech Republic	82110	SZ	Green Party	200606	2006-06-03	10	TRUE	TRUE	2006	2010
82	Czech Republic	82220	KSČM	Communist Party of Bohemia and Moravia	200606	2006-06-03	20	TRUE	TRUE	2006	2010
82	Czech Republic	82320	ČSSD	Czech Social Democratic Party	200606	2006-06-03	30	TRUE	TRUE	2006	2010
82	Czech Republic	82413	ODS	Civic Democratic Party	200606	2006-06-03	60	TRUE	TRUE	2006	2010
82	Czech Republic	82523	KDU-ČSL	Christian and Democratic Union - Czech People's Party	200606	2006-06-03	50	TRUE	TRUE	2006	2010
82	Czech Republic	82110	SZ	Green Party	201005	2010-05-29	10	TRUE	TRUE	2010	2010
82	Czech Republic	82220	KSČM	Communist Party of Bohemia and Moravia	201005	2010-05-29	20	TRUE	TRUE	2010	2010
82	Czech Republic	82320	ČSSD	Czech Social Democratic Party	201005	2010-05-29	30	TRUE	TRUE	2010	2010
82	Czech Republic	82413	ODS	Civic Democratic Party	201005	2010-05-29	60	TRUE	TRUE	2010	2010
82	Czech Republic	82523	KDU-ČSL	Christian and Democratic Union - Czech People's Party	201005	2010-05-29	50	TRUE	TRUE	2010	2010
82	Czech Republic	82530	TOP09	Tradition, Responsibility, Prosperity 09	201005	2010-05-29	50	TRUE	TRUE	2010	2010
82	Czech Republic	82952	VV	Public Affairs	201005	2010-05-29	90	TRUE	TRUE	2010	2010
82	Czech Republic	82110	SZ	Green Party	201310	2013-10-26	10	TRUE	TRUE	2013	2010
82	Czech Republic	82220	KSČM	Communist Party of Bohemia and Moravia	201310	2013-10-26	20	TRUE	TRUE	2013	2010
82	Czech Republic	82320	ČSSD	Czech Social Democratic Party	201310	2013-10-26	30	TRUE	TRUE	2013	2010
82	Czech Republic	82413	ODS	Civic Democratic Party	201310	2013-10-26	60	TRUE	TRUE	2013	2010
82	Czech Republic	82430	ANO	ANO 2011	201310	2013-10-26	40	TRUE	TRUE	2013	2010
82	Czech Republic	82523	KDU-ČSL	Christian and Democratic Union - Czech People's Party	201310	2013-10-26	50	TRUE	TRUE	2013	2010
82	Czech Republic	82530	TOP09	Tradition, Responsibility, Prosperity 09	201310	2013-10-26	50	TRUE	TRUE	2013	2010
82	Czech Republic	82720	Úsvit	Tomio Okamura's Dawn of Direct Democracy	201310	2013-10-26	70	TRUE	TRUE	2013	2010
82	Czech Republic	82220	KSČM	Communist Party of Bohemia and Moravia	201710	2017-10-21	20	TRUE	TRUE	2017	2020
82	Czech Republic	82320	ČSSD	Czech Social Democratic Party	201710	2017-10-21	30	TRUE	TRUE	2017	2020
82	Czech Republic	82413	ODS	Civic Democratic Party	201710	2017-10-21	60	TRUE	TRUE	2017	2020
82	Czech Republic	82430	ANO	ANO 2011	201710	2017-10-21	40	TRUE	TRUE	2017	2020
82	Czech Republic	82523	KDU-ČSL	Christian and Democratic Union - Czech People's Party	201710	2017-10-21	50	TRUE	TRUE	2017	2020
82	Czech Republic	82530	TOP09	Tradition, Responsibility, Prosperity 09	201710	2017-10-21	50	TRUE	TRUE	2017	2020
82	Czech Republic	82610	STAN	Mayors and Independents	201710	2017-10-21	60	TRUE	TRUE	2017	2020
82	Czech Republic	82721	SPD	Freedom and Direct Democracy	201710	2017-10-21	70	TRUE	TRUE	2017	2020
82	Czech Republic	82953	Piráti	Czech Pirate Party	201710	2017-10-21	95	TRUE	TRUE	2017	2020
83	Estonia	83220		Electoral Union ‘Secure Home'	199209	1992-09-20	20	FALSE	FALSE	1992	1990
83	Estonia	83320	ESDP	Estonian Social Democratic Party	199209	1992-09-20	30	FALSE	FALSE	1992	1990
83	Estonia	83410	EMKE/ESDP	Electoral coalition Estonian Rural Center Party - Estonian Social Democratic Party	199209	1992-09-20	30	FALSE	FALSE	1992	1990
83	Estonia	83421		Electoral Union ‘Popular Front'	199209	1992-09-20	40	FALSE	FALSE	1992	1990
83	Estonia	83710	RKI	National Coalition Pro Patria	199209	1992-09-20	60	FALSE	FALSE	1992	1990
83	Estonia	83711	ERSP	Estonian National Independence Party	199209	1992-09-20	60	FALSE	FALSE	1992	1990
83	Estonia	83712		Electoral Union ‘Estonian Citizen'	199209	1992-09-20	80	FALSE	FALSE	1992	1990
83	Estonia	83901		Electoral Union ‘Independent Royalists'	199209	1992-09-20	95	FALSE	FALSE	1992	1990
83	Estonia	83410	EMKE/ESDP/EAKL	Electoral coalition Estonian Rural Center Party - Estonian Social Democratic Party	199503	1995-03-05	30	FALSE	FALSE	1995	2000
83	Estonia	83411	K	Estonian Center Party	199503	1995-03-05	40	FALSE	FALSE	1995	2000
83	Estonia	83430	ER	Estonian Reform Party	199503	1995-03-05	40	FALSE	FALSE	1995	2000
83	Estonia	83610	VKRE	Republican and Conservative People’s Party ‘Right-wingers'	199503	1995-03-05	60	FALSE	FALSE	1995	2000
83	Estonia	83709	I/ERSP	Electoral Union Pro Patria and Estonian National Independence Party	199503	1995-03-05	60	FALSE	FALSE	1995	2000
83	Estonia	83713	KE	Coalition Party	199503	1995-03-05	80	FALSE	FALSE	1995	2000
83	Estonia	83719	KMÜ	Coalition Party and Rural Union	199503	1995-03-05	80	FALSE	FALSE	1995	2000
83	Estonia	83951		Electoral Union ‘Our Home is Estonia'	199503	1995-03-05	90	FALSE	FALSE	1995	2000
83	Estonia	83410	M	People’s Party Moderates	199903	1999-03-07	30	FALSE	FALSE	1999	2000
83	Estonia	83411	K	Estonian Center Party	199903	1999-03-07	40	TRUE	TRUE	1999	2000
83	Estonia	83430	ER	Estonian Reform Party	199903	1999-03-07	40	FALSE	FALSE	1999	2000
83	Estonia	83709		Pro Patria Union	199903	1999-03-07	60	FALSE	FALSE	1999	2000
83	Estonia	83713	KE	Coalition Party	199903	1999-03-07	80	FALSE	FALSE	1999	2000
83	Estonia	83810	EME	Estonian Rural People’s Party	199903	1999-03-07	80	FALSE	FALSE	1999	2000
83	Estonia	83952	EÜRP	Estonian United People’s Party	199903	1999-03-07	90	FALSE	FALSE	1999	2000
83	Estonia	83410	M	People’s Party Moderates	200303	2003-03-02	30	FALSE	FALSE	2003	2000
83	Estonia	83411	K	Estonian Center Party	200303	2003-03-02	40	FALSE	FALSE	2003	2000
83	Estonia	83430	ER	Estonian Reform Party	200303	2003-03-02	40	FALSE	FALSE	2003	2000
83	Estonia	83611	RP	Union for the Republic	200303	2003-03-02	60	FALSE	FALSE	2003	2000
83	Estonia	83612	ERL	Estonian People’s Union	200303	2003-03-02	80	FALSE	FALSE	2003	2000
83	Estonia	83709		Pro Patria Union	200303	2003-03-02	60	FALSE	FALSE	2003	2000
83	Estonia	83110	EER	Estonian Greens	200703	2007-03-04	10	TRUE	TRUE	2007	2010
83	Estonia	83410	SDE	Social Democratic Party	200703	2007-03-04	30	TRUE	TRUE	2007	2010
83	Estonia	83411	K	Estonian Center Party	200703	2007-03-04	40	TRUE	TRUE	2007	2010
83	Estonia	83430	ER	Estonian Reform Party	200703	2007-03-04	40	TRUE	TRUE	2007	2010
83	Estonia	83611	IRL	Pro Patria and Res Publica Union	200703	2007-03-04	60	TRUE	TRUE	2007	2010
83	Estonia	83612	ERL	Estonian People’s Union	200703	2007-03-04	80	TRUE	TRUE	2007	2010
83	Estonia	83110	EER	Estonian Greens	201103	2011-03-06	10	TRUE	TRUE	2011	2010
83	Estonia	83410	SDE	Social Democratic Party	201103	2011-03-06	30	TRUE	TRUE	2011	2010
83	Estonia	83411	K	Estonian Center Party	201103	2011-03-06	40	TRUE	TRUE	2011	2010
83	Estonia	83430	ER	Estonian Reform Party	201103	2011-03-06	40	TRUE	TRUE	2011	2010
83	Estonia	83611	IRL	Pro Patria and Res Publica Union	201103	2011-03-06	60	TRUE	TRUE	2011	2010
83	Estonia	83612	ERL	Estonian People’s Union	201103	2011-03-06	80	TRUE	TRUE	2011	2010
83	Estonia	83410	SDE	Social Democratic Party	201503	2015-03-01	30	TRUE	TRUE	2015	2020
83	Estonia	83411	K	Estonian Center Party	201503	2015-03-01	40	TRUE	TRUE	2015	2020
83	Estonia	83430	ER	Estonian Reform Party	201503	2015-03-01	40	TRUE	TRUE	2015	2020
83	Estonia	83440	EVA	Free Party	201503	2015-03-01	60	TRUE	TRUE	2015	2020
83	Estonia	83611	IRL	Pro Patria and Res Publica Union	201503	2015-03-01	60	TRUE	TRUE	2015	2020
83	Estonia	83720	EKRE	Conservative People's Party of Estonia	201503	2015-03-01	70	TRUE	TRUE	2015	2020
83	Estonia	83410	SDE	Social Democratic Party	201903	2019-03-03	30	TRUE	TRUE	2019	2020
83	Estonia	83411	K	Estonian Center Party	201903	2019-03-03	40	TRUE	TRUE	2019	2020
83	Estonia	83430	ER	Estonian Reform Party	201903	2019-03-03	40	TRUE	TRUE	2019	2020
83	Estonia	83611		Pro Patria	201903	2019-03-03	60	TRUE	TRUE	2019	2020
83	Estonia	83720	EKRE	Conservative People's Party of Estonia	201903	2019-03-03	70	TRUE	TRUE	2019	2020
84	Georgia	84095		Round Table - Free Georgia	199010	1990-10-28	95	TRUE	FALSE	1990	1990
84	Georgia	84220	SKP	Communist Party of Georgia	199010	1990-10-28	20	TRUE	FALSE	1990	1990
84	Georgia	84720		Popular Front	199010	1990-10-28	70	TRUE	FALSE	1990	1990
84	Georgia	84952		Democratic Georgia	199010	1990-10-28	95	TRUE	FALSE	1990	1990
84	Georgia	84110	Greens	Green Party of Georgia	199210	1992-10-11	10	FALSE	FALSE	1992	1990
84	Georgia	84221	Mshvidoba	Election Bloc ‘Peace’	199210	1992-10-11	40	FALSE	FALSE	1992	1990
84	Georgia	84222	SMSP	Georgian Workers’ Socialist Party	199210	1992-10-11	30	FALSE	FALSE	1992	1990
84	Georgia	84321	SSDP	Social Democratic Party of Georgia	199210	1992-10-11	30	FALSE	FALSE	1992	1990
84	Georgia	84322	SSSK	Georgian Social Justice Union	199210	1992-10-11	30	FALSE	FALSE	1992	1990
84	Georgia	84411		Charter 91	199210	1992-10-11	40	FALSE	FALSE	1992	1990
84	Georgia	84421		Election Bloc ‘Oktober 11’	199210	1992-10-11	60	FALSE	FALSE	1992	1990
84	Georgia	84422		‘Unity' Bloc	199210	1992-10-11	40	FALSE	FALSE	1992	1990
84	Georgia	84423	DP	Democratic Party	199210	1992-10-11	30	FALSE	FALSE	1992	1990
84	Georgia	84521	SGK	Union of God’s Children of Georgia	199210	1992-10-11	70	FALSE	FALSE	1992	1990
84	Georgia	84710	KTK	Union of Georgian Traditionalists	199210	1992-10-11	60	FALSE	FALSE	1992	1990
84	Georgia	84711	EDP	National Democratic Party	199210	1992-10-11	50	FALSE	FALSE	1992	1990
84	Georgia	84712	ICS	Ilia Chavchavadze Society	199210	1992-10-11	70	FALSE	FALSE	1992	1990
84	Georgia	84713	SSMKS	Merab Kostava Society	199210	1992-10-11	70	FALSE	FALSE	1992	1990
84	Georgia	84714	SETAK	Union of National Agreement and Revival of Georgia	199210	1992-10-11	30	FALSE	FALSE	1992	1990
84	Georgia	84715	SEDP	Georgian National Independent Party	199210	1992-10-11	70	FALSE	FALSE	1992	1990
84	Georgia	84810	SSFK	All-Georgian Farmers’ Union	199210	1992-10-11	80	FALSE	FALSE	1992	1990
84	Georgia	84951	KMSP	People’s Friendship and Justice	199210	1992-10-11	30	FALSE	FALSE	1992	1990
84	Georgia	84223	SSP	Socialist Party of Georgia	199511	1995-11-05	20	FALSE	FALSE	1995	2000
84	Georgia	84323	SMK	Citizens’ Union of Georgia	199511	1995-11-05	30	FALSE	FALSE	1995	2000
84	Georgia	84424	SSAK	All-Georgian Revival Union	199511	1995-11-05	90	FALSE	FALSE	1995	2000
84	Georgia	84425	BP	Bloc ‘Progress’	199511	1995-11-05	40	FALSE	FALSE	1995	2000
84	Georgia	84426	PKT	Political Alliance ‘Support’	199511	1995-11-05	40	FALSE	FALSE	1995	2000
84	Georgia	84427	SRKET	Reformers' Union of Georgia - National Concord	199511	1995-11-05	40	FALSE	FALSE	1995	2000
84	Georgia	84710	KTK	Union of Georgian Traditionalists	199511	1995-11-05	60	FALSE	FALSE	1995	2000
84	Georgia	84711	EDP	National Democratic Party	199511	1995-11-05	50	FALSE	FALSE	1995	2000
84	Georgia	84223	SSP	Socialist Party of Georgia	199910	1999-10-31	20	FALSE	FALSE	1999	2000
84	Georgia	84323	SMK	Citizens’ Union of Georgia	199910	1999-10-31	30	FALSE	FALSE	1999	2000
84	Georgia	84424		Bloc ‘Georgia's Revival’	199910	1999-10-31	90	FALSE	FALSE	1999	2000
84	Georgia	84428	MGS	Industry will save Georgia	199910	1999-10-31	60	FALSE	FALSE	1999	2000
84	Georgia	84424	DAP	Union for the Democratic Revival	200311	2003-11-02	90	FALSE	FALSE	2003	2000
84	Georgia	84429	SLP	Georgian Labour Party	200311	2003-11-02	30	FALSE	FALSE	2003	2000
84	Georgia	84431	AM	New Rights	200311	2003-11-02	60	FALSE	FALSE	2003	2000
84	Georgia	84716	S-NM	Bloc ‘Saakashvili - National Movement’	200311	2003-11-02	40	FALSE	FALSE	2003	2000
84	Georgia	84428	MGS	Industry will save Georgia	200403	2004-03-28	60	FALSE	FALSE	2004	2000
84	Georgia	84431	AM	New Rights	200403	2004-03-28	60	FALSE	FALSE	2004	2000
84	Georgia	84716	ENM	United National Movement	200403	2004-03-28	40	FALSE	FALSE	2004	2000
84	Georgia	84041		United Opposition (National Council/Rights)	200805	2008-05-21	40	TRUE	FALSE	2008	2010
84	Georgia	84429	SLP	Georgian Labour Party	200805	2008-05-21	30	TRUE	FALSE	2008	2010
84	Georgia	84440	Respublikelebi	Republican Party of Georgia	200805	2008-05-21	40	TRUE	FALSE	2008	2010
84	Georgia	84530	KDM	Christian-Democratic Movement	200805	2008-05-21	50	TRUE	FALSE	2008	2010
84	Georgia	84716	ENM	United National Movement	200805	2008-05-21	40	TRUE	FALSE	2008	2010
84	Georgia	84042		Bidzina Ivanishvili - Georgian Dream	201210	2012-10-01	40	TRUE	FALSE	2012	2010
84	Georgia	84716	ENM	United National Movement	201210	2012-10-01	40	TRUE	FALSE	2012	2010
84	Georgia	84428	MGS	Industry will save Georgia	201610	2016-10-08	60	TRUE	FALSE	2016	2020
84	Georgia	84450		Georgian Dream - Democratic Georgia	201610	2016-10-08	40	TRUE	FALSE	2016	2020
84	Georgia	84716	ENM	United National Movement	201610	2016-10-08	40	TRUE	FALSE	2016	2020
84	Georgia	84730		Alliance of Patriots of Georgia	201610	2016-10-08	70	TRUE	FALSE	2016	2020
84	Georgia	84429	SLP	Georgian Labour Party	202010	2020-10-31	30	TRUE	FALSE	2020	2020
84	Georgia	84435		Strategy Aghmashenebeli	202010	2020-10-31	40	TRUE	FALSE	2020	2020
84	Georgia	84445		Try for Georgia	202010	2020-10-31	40	TRUE	FALSE	2020	2020
84	Georgia	84450		Georgian Dream - Democratic Georgia	202010	2020-10-31	40	TRUE	FALSE	2020	2020
84	Georgia	84460		New Political Center - Girchi	202010	2020-10-31	40	TRUE	FALSE	2020	2020
84	Georgia	84610		European Georgia - Movement for Liberty	202010	2020-10-31	60	TRUE	FALSE	2020	2020
84	Georgia	84716	ENM	United National Movement	202010	2020-10-31	40	TRUE	FALSE	2020	2020
84	Georgia	84730		Alliance of Patriots of Georgia	202010	2020-10-31	70	TRUE	FALSE	2020	2020
85	German Democratic Republic	85111	Grüne-UFV	Green Party-Independent Women's League	199003	1990-03-18	10	FALSE	FALSE	1990	1990
85	German Democratic Republic	85112	B 90	Alliance 90	199003	1990-03-18	10	FALSE	FALSE	1990	1990
85	German Democratic Republic	85210	AVL	United Left Action Alliance	199003	1990-03-18	20	FALSE	FALSE	1990	1990
85	German Democratic Republic	85221	PDS	Party for Democratic Socialism	199003	1990-03-18	20	FALSE	FALSE	1990	1990
85	German Democratic Republic	85320	SPD	Social Democratic Party of Germany	199003	1990-03-18	30	FALSE	FALSE	1990	1990
85	German Democratic Republic	85421	FDP	Free Democratic Party	199003	1990-03-18	40	FALSE	FALSE	1990	1990
85	German Democratic Republic	85422	LDP	Liberal Democratic Party	199003	1990-03-18	40	FALSE	FALSE	1990	1990
85	German Democratic Republic	85423	DFP	German Forum Party	199003	1990-03-18	40	FALSE	FALSE	1990	1990
85	German Democratic Republic	85424	NDPD	National Democratic Party of Germany	199003	1990-03-18	40	FALSE	FALSE	1990	1990
85	German Democratic Republic	85429	BFD	Alliance of Free Democrats	199003	1990-03-18	40	FALSE	FALSE	1990	1990
85	German Democratic Republic	85521	CDU	Christian Democratic Union	199003	1990-03-18	50	FALSE	FALSE	1990	1990
85	German Democratic Republic	85522	DSU	German Social Union	199003	1990-03-18	50	FALSE	FALSE	1990	1990
85	German Democratic Republic	85523	DA	Democratic Opening	199003	1990-03-18	50	FALSE	FALSE	1990	1990
85	German Democratic Republic	85524	DBD	Democratic Peasants’ Party of Germany	199003	1990-03-18	80	FALSE	FALSE	1990	1990
85	German Democratic Republic	85901	DFD	Democratic Women’s League	199003	1990-03-18	95	FALSE	FALSE	1990	1990
86	Hungary	86220	MSzP	Hungarian Socialist Party	199003	1990-03-25	30	FALSE	FALSE	1990	1990
86	Hungary	86320	MSzDP	Hungarian Social Democratic Party	199003	1990-03-25	30	FALSE	FALSE	1990	1990
86	Hungary	86421	FiDeSz	Federation of Young Democrats	199003	1990-03-25	60	FALSE	FALSE	1990	1990
86	Hungary	86422	SzDSz	Alliance of Free Democrats	199003	1990-03-25	40	FALSE	FALSE	1990	1990
86	Hungary	86521	MDF	Hungarian Democratic Forum	199003	1990-03-25	50	FALSE	FALSE	1990	1990
86	Hungary	86522	KDNP	Christian Democratic People’s Party	199003	1990-03-25	50	FALSE	FALSE	1990	1990
86	Hungary	86810	FKgP	Independent Smallholders’ Party	199003	1990-03-25	80	FALSE	FALSE	1990	1990
86	Hungary	86811	ASz	Agrarian Alliance	199003	1990-03-25	80	FALSE	FALSE	1990	1990
86	Hungary	86220	MSzP	Hungarian Socialist Party	199405	1994-05-08	30	FALSE	FALSE	1994	1990
86	Hungary	86320	MSzDP	Hungarian Social Democratic Party	199405	1994-05-08	30	TRUE	TRUE	1994	1990
86	Hungary	86421	FiDeSz	Federation of Young Democrats	199405	1994-05-08	60	FALSE	FALSE	1994	1990
86	Hungary	86422	SzDSz	Alliance of Free Democrats	199405	1994-05-08	40	FALSE	FALSE	1994	1990
86	Hungary	86521	MDF	Hungarian Democratic Forum	199405	1994-05-08	50	FALSE	FALSE	1994	1990
86	Hungary	86522	KDNP	Christian Democratic People’s Party	199405	1994-05-08	50	FALSE	FALSE	1994	1990
86	Hungary	86810	FKgP	Independent Smallholders’ Party	199405	1994-05-08	80	FALSE	FALSE	1994	1990
86	Hungary	86220	MSzP	Hungarian Socialist Party	199805	1998-05-10	30	FALSE	FALSE	1998	2000
86	Hungary	86421	FiDeSz-MPP-MDF	Federation of Young Democrats - Hungarian Civic Party - Hungarian Democratic Forum- Alliance	199805	1998-05-10	60	FALSE	FALSE	1998	2000
86	Hungary	86422	SzDSz	Alliance of Free Democrats	199805	1998-05-10	40	FALSE	FALSE	1998	2000
86	Hungary	86521	MDF	Hungarian Democratic Forum	199805	1998-05-10	50	FALSE	FALSE	1998	2000
86	Hungary	86522	KDNP	Christian Democratic People’s Party	199805	1998-05-10	50	TRUE	TRUE	1998	2000
86	Hungary	86620	MIÉP	Hungarian Justice and Life Party	199805	1998-05-10	70	FALSE	FALSE	1998	2000
86	Hungary	86810	FKgP	Independent Smallholders’ Party	199805	1998-05-10	80	FALSE	FALSE	1998	2000
86	Hungary	86220	MSzP	Hungarian Socialist Party	200204	2002-04-07	30	TRUE	TRUE	2002	2000
86	Hungary	86421	FiDeSz-MPP-MDF	Federation of Young Democrats - Hungarian Civic Party - Hungarian Democratic Forum- Alliance	200204	2002-04-07	60	FALSE	FALSE	2002	2000
86	Hungary	86422	SzDSz	Alliance of Free Democrats	200204	2002-04-07	40	TRUE	TRUE	2002	2000
86	Hungary	86521	MDF	Hungarian Democratic Forum	200204	2002-04-07	50	TRUE	TRUE	2002	2000
86	Hungary	86810	FKgP	Independent Smallholders’ Party	200204	2002-04-07	80	TRUE	TRUE	2002	2000
86	Hungary	86220	MSzP	Hungarian Socialist Party	200604	2006-04-09	30	TRUE	TRUE	2006	2010
86	Hungary	86320	MSzDP	Hungarian Social Democratic Party	200604	2006-04-09	30	TRUE	TRUE	2006	2010
86	Hungary	86421	FiDeSz-MPSz-KDNP	Alliance of Federation of Young Democrats - Hungarian Civic Union - Christian Democratic People's Party	200604	2006-04-09	60	TRUE	TRUE	2006	2010
86	Hungary	86422	SzDSz	Alliance of Free Democrats	200604	2006-04-09	40	FALSE	FALSE	2006	2010
86	Hungary	86521	MDF	Hungarian Democratic Forum	200604	2006-04-09	50	TRUE	TRUE	2006	2010
86	Hungary	86110	LMP	Politics Can Be Different	201004	2010-04-11	10	TRUE	TRUE	2010	2010
86	Hungary	86220	MSzP	Hungarian Socialist Party	201004	2010-04-11	30	TRUE	TRUE	2010	2010
86	Hungary	86320	MSzDP	Hungarian Social Democratic Party	201004	2010-04-11	30	TRUE	TRUE	2010	2010
86	Hungary	86421	FiDeSz-MPSz-KDNP	Alliance of Federation of Young Democrats - Hungarian Civic Union - Christian Democratic People's Party	201004	2010-04-11	60	TRUE	TRUE	2010	2010
86	Hungary	86710	Jobbik	Movement for a Better Hungary	201004	2010-04-11	70	TRUE	TRUE	2010	2010
86	Hungary	86110	LMP	Politics Can Be Different	201404	2014-04-06	10	TRUE	TRUE	2014	2010
86	Hungary	86220	MSzP	Hungarian Socialist Party	201404	2014-04-06	30	TRUE	TRUE	2014	2010
86	Hungary	86221	DK	Democratic Coalition	201404	2014-04-06	20	TRUE	TRUE	2014	2010
86	Hungary	86340	E14-PM	Together 2014 -Dialogue for Hungary Electoral Alliance	201404	2014-04-06	20	TRUE	TRUE	2014	2010
86	Hungary	86421	FiDeSz-MPSz-KDNP	Alliance of Federation of Young Democrats - Hungarian Civic Union - Christian Democratic People's Party	201404	2014-04-06	60	TRUE	TRUE	2014	2010
86	Hungary	86710	Jobbik	Movement for a Better Hungary	201404	2014-04-06	70	TRUE	TRUE	2014	2010
86	Hungary	86110	LMP	Politics Can Be Different	201804	2018-04-08	10	TRUE	TRUE	2018	2020
86	Hungary	86111	PM	Dialogue for Hungary	201804	2018-04-08	20	TRUE	TRUE	2018	2020
86	Hungary	86220	MSzP	Hungarian Socialist Party	201804	2018-04-08	30	TRUE	TRUE	2018	2020
86	Hungary	86221	DK	Democratic Coalition	201804	2018-04-08	20	TRUE	TRUE	2018	2020
86	Hungary	86340	E14-PM	Together 2014 -Dialogue for Hungary Electoral Alliance	201804	2018-04-08	20	TRUE	TRUE	2018	2020
86	Hungary	86421	FiDeSz-KDNP	Alliance of Federation of Young Democrats - Christian Democratic People's Party	201804	2018-04-08	60	TRUE	TRUE	2018	2020
86	Hungary	86710	Jobbik	Movement for a Better Hungary	201804	2018-04-08	70	TRUE	TRUE	2018	2020
87	Latvia	87220	SLAT	Harmony for Latvia - Rebirth of the Economy	199306	1993-06-05	20	FALSE	FALSE	1993	1990
87	Latvia	87410	LC	Latvian Way Union	199306	1993-06-05	40	FALSE	FALSE	1993	1990
87	Latvia	87420	LLP	Latvian Liberal Party	199306	1993-06-05	40	FALSE	FALSE	1993	1990
87	Latvia	87430	DCP	Democratic Centre Party	199306	1993-06-05	40	FALSE	FALSE	1993	1990
87	Latvia	87520	KDS	Christian Democratic Union	199306	1993-06-05	50	FALSE	FALSE	1993	1990
87	Latvia	87710	LNNK	Latvian National Independence Movement	199306	1993-06-05	60	FALSE	FALSE	1993	1990
87	Latvia	87721	TB	For Fatherland and Freedom	199306	1993-06-05	70	FALSE	FALSE	1993	1990
87	Latvia	87810	LZS	Latvian Farmers’ Union	199306	1993-06-05	80	FALSE	FALSE	1993	1990
87	Latvia	87951	L	Equal Rights	199306	1993-06-05	90	FALSE	FALSE	1993	1990
87	Latvia	87310	LSP	Latvian Socialist Party	199509	1995-09-30	30	FALSE	FALSE	1995	2000
87	Latvia	87320	LVP	Latvian Unity Party	199509	1995-09-30	20	FALSE	FALSE	1995	2000
87	Latvia	87410	LC	Latvian Way Union	199509	1995-09-30	40	FALSE	FALSE	1995	2000
87	Latvia	87411	DPS	Democratic Party ‘Saimnieks’	199509	1995-09-30	40	FALSE	FALSE	1995	2000
87	Latvia	87421	TSP	National Harmony Party	199509	1995-09-30	20	FALSE	FALSE	1995	2000
87	Latvia	87611	LNNK-LZP	Coalition Latvian National Conservative Party and Latvian Green Party	199509	1995-09-30	60	FALSE	FALSE	1995	2000
87	Latvia	87721	TB	For Fatherland and Freedom	199509	1995-09-30	70	FALSE	FALSE	1995	2000
87	Latvia	87722	TKL-ZP	Popular Movement for Latvia-Zigerista Party	199509	1995-09-30	70	FALSE	FALSE	1995	2000
87	Latvia	87811	LZS-LKDS-LDP	Coalition of Latvian Farmers' Union, Latvian Christian Democratic Union and Democratic Party of Latgale	199509	1995-09-30	80	FALSE	FALSE	1995	2000
87	Latvia	87311	LSDA	Latvian Social Democratic Alliance	199810	1998-10-03	30	FALSE	FALSE	1998	2000
87	Latvia	87410	LC	Latvian Way Union	199810	1998-10-03	40	FALSE	FALSE	1998	2000
87	Latvia	87421	TSP	National Harmony Party	199810	1998-10-03	20	FALSE	FALSE	1998	2000
87	Latvia	87431	JP	New Party	199810	1998-10-03	40	FALSE	FALSE	1998	2000
87	Latvia	87610	TP	People’s Party	199810	1998-10-03	60	FALSE	FALSE	1998	2000
87	Latvia	87723	TB-LNNK	For Fatherland and Freedom - Latvian National Independence Movement	199810	1998-10-03	70	FALSE	FALSE	1998	2000
87	Latvia	87110	ZZS	Greens' and Farmers’ Union	200210	2002-10-05	80	FALSE	FALSE	2002	2000
87	Latvia	87410	LC	Latvian Way Union	200210	2002-10-05	40	FALSE	FALSE	2002	2000
87	Latvia	87422	PCTVL	For Human Rights in a United Latvia	200210	2002-10-05	30	FALSE	FALSE	2002	2000
87	Latvia	87423	JL	New Era	200210	2002-10-05	60	FALSE	FALSE	2002	2000
87	Latvia	87521	LPP	Latvia’s First Party	200210	2002-10-05	50	FALSE	FALSE	2002	2000
87	Latvia	87610	TP	People’s Party	200210	2002-10-05	60	FALSE	FALSE	2002	2000
87	Latvia	87723	TB-LNNK	For Fatherland and Freedom - Latvian National Independence Movement	200210	2002-10-05	70	FALSE	FALSE	2002	2000
87	Latvia	87021	SC	Concord Centre	200610	2006-10-07	20	TRUE	TRUE	2006	2010
87	Latvia	87041	LPP/LC	‘Latvia's First Party' and ‘Latvian Way' Union	200610	2006-10-07	40	TRUE	TRUE	2006	2010
87	Latvia	87110	ZZS	Greens' and Farmers’ Union	200610	2006-10-07	80	TRUE	TRUE	2006	2010
87	Latvia	87422	PCTVL	For Human Rights in a United Latvia	200610	2006-10-07	30	TRUE	TRUE	2006	2010
87	Latvia	87423	JL	New Era	200610	2006-10-07	60	TRUE	TRUE	2006	2010
87	Latvia	87610	TP	People’s Party	200610	2006-10-07	60	TRUE	TRUE	2006	2010
87	Latvia	87723	TB-LNNK	For Fatherland and Freedom - Latvian National Independence Movement	200610	2006-10-07	70	TRUE	TRUE	2006	2010
87	Latvia	87021	SC	Concord Centre	201010	2010-10-02	20	TRUE	TRUE	2010	2010
87	Latvia	87061	PLL	For a Good Latvia	201010	2010-10-02	40	TRUE	TRUE	2010	2010
87	Latvia	87062		Unity	201010	2010-10-02	60	TRUE	TRUE	2010	2010
87	Latvia	87071		National Alliance ‘All For Latvia!' – ‘For Fatherland and Freedom - Latvian National Independence Movement'	201010	2010-10-02	70	TRUE	TRUE	2010	2010
87	Latvia	87110	ZZS	Greens' and Farmers’ Union	201010	2010-10-02	80	TRUE	TRUE	2010	2010
87	Latvia	87021	SC	Concord Centre	201109	2011-09-17	20	TRUE	TRUE	2011	2010
87	Latvia	87062		Unity	201109	2011-09-17	60	TRUE	TRUE	2011	2010
87	Latvia	87071		National Alliance ‘All For Latvia!' – ‘For Fatherland and Freedom - Latvian National Independence Movement'	201109	2011-09-17	70	TRUE	TRUE	2011	2010
87	Latvia	87110	ZZS	Greens' and Farmers’ Union	201109	2011-09-17	80	TRUE	TRUE	2011	2010
87	Latvia	87620	ZRP	Zatlers' Reform Party	201109	2011-09-17	60	TRUE	TRUE	2011	2010
87	Latvia	87062		Unity	201410	2014-10-04	60	TRUE	TRUE	2014	2010
87	Latvia	87071		National Alliance ‘All For Latvia!' – ‘For Fatherland and Freedom - Latvian National Independence Movement'	201410	2014-10-04	70	TRUE	TRUE	2014	2010
87	Latvia	87110	ZZS	Greens' and Farmers’ Union	201410	2014-10-04	80	TRUE	TRUE	2014	2010
87	Latvia	87340	SDPS	Social Democartic Party Harmony	201410	2014-10-04	30	TRUE	TRUE	2014	2010
87	Latvia	87630		For Latvia from the Heart	201410	2014-10-04	60	TRUE	TRUE	2014	2010
87	Latvia	87901		Latvian Association of Regions	201410	2014-10-04	90	TRUE	TRUE	2014	2010
87	Latvia	87042		Development/For!	201810	2018-10-06	40	TRUE	TRUE	2018	2020
87	Latvia	87062		Unity	201810	2018-10-06	60	TRUE	TRUE	2018	2020
87	Latvia	87071		National Alliance ‘All For Latvia!' – ‘For Fatherland and Freedom - Latvian National Independence Movement'	201810	2018-10-06	70	TRUE	TRUE	2018	2020
87	Latvia	87110	ZZS	Greens' and Farmers’ Union	201810	2018-10-06	80	TRUE	TRUE	2018	2020
87	Latvia	87340	SDPS	Social Democartic Party Harmony	201810	2018-10-06	30	TRUE	TRUE	2018	2020
87	Latvia	87640		New Conservative Party	201810	2018-10-06	60	TRUE	TRUE	2018	2020
87	Latvia	87730	KPV LV	Who owns the state?	201810	2018-10-06	70	TRUE	TRUE	2018	2020
92	Poland	92210	SLD	Democratic Left Alliance	199110	1991-10-27	30	FALSE	FALSE	1991	1990
92	Poland	92211	SD	Democratic Party	199110	1991-10-27	30	FALSE	FALSE	1991	1990
92	Poland	92320	NSZZ	Independent Self-governing Trade Union ‘Solidarity’	199110	1991-10-27	30	FALSE	FALSE	1991	1990
92	Poland	92321	SP	Labour Solidarity	199110	1991-10-27	30	FALSE	FALSE	1991	1990
92	Poland	92410	UD	Democratic Union	199110	1991-10-27	30	FALSE	FALSE	1991	1990
92	Poland	92420	KLD	Liberal-Democratic Congress	199110	1991-10-27	40	FALSE	FALSE	1991	1990
92	Poland	92431	PPPP	Polish Beer-Lovers' Party	199110	1991-10-27	40	TRUE	TRUE	1991	1990
92	Poland	92432	UPR	Union of Real Politics	199110	1991-10-27	40	FALSE	FALSE	1991	1990
92	Poland	92433	PPG	Polish Economic Program (Large Beer)	199110	1991-10-27	40	FALSE	FALSE	1991	1990
92	Poland	92520	ChDSP	Christian Democratic Labour Party	199110	1991-10-27	50	FALSE	FALSE	1991	1990
92	Poland	92521	POC	Centre Citizens’ Alliance	199110	1991-10-27	50	FALSE	FALSE	1991	1990
92	Poland	92522	PChD	Party of Christian Democrats	199110	1991-10-27	50	FALSE	FALSE	1991	1990
92	Poland	92523	RdR	Movement for the Republic	199110	1991-10-27	50	FALSE	FALSE	1991	1990
92	Poland	92530	WAK	Catholic Electoral Action	199110	1991-10-27	50	FALSE	FALSE	1991	1990
92	Poland	92710	KPN	Confederation for an Independent Poland	199110	1991-10-27	70	TRUE	FALSE	1991	1990
92	Poland	92711	PZZ	Polish Western Union	199110	1991-10-27	70	FALSE	FALSE	1991	1990
92	Poland	92712	PX	Party X	199110	1991-10-27	70	FALSE	FALSE	1991	1990
92	Poland	92810	PL	Peasant Accord	199110	1991-10-27	80	FALSE	FALSE	1991	1990
92	Poland	92811	PSL	Polish Peasants' Party	199110	1991-10-27	80	FALSE	FALSE	1991	1990
92	Poland	92952	RAŚ	Movement for the Autonomy of Silesia	199110	1991-10-27	90	FALSE	FALSE	1991	1990
92	Poland	92953	MN	German Minority	199110	1991-10-27	90	FALSE	FALSE	1991	1990
92	Poland	92210	SLD	Democratic Left Alliance	199309	1993-09-19	30	TRUE	FALSE	1993	1990
92	Poland	92322	UP	Union of Labour	199309	1993-09-19	30	TRUE	FALSE	1993	1990
92	Poland	92410	UD	Democratic Union	199309	1993-09-19	30	TRUE	FALSE	1993	1990
92	Poland	92710	KPN	Confederation for an Independent Poland	199309	1993-09-19	70	TRUE	FALSE	1993	1990
92	Poland	92811	PSL	Polish Peasants' Party	199309	1993-09-19	80	TRUE	FALSE	1993	1990
92	Poland	92901	BBWR	Non-Party Bloc in Support of Reforms	199309	1993-09-19	95	FALSE	FALSE	1993	1990
92	Poland	92953	MN	German Minority	199309	1993-09-19	90	TRUE	TRUE	1993	1990
92	Poland	92210	SLD	Democratic Left Alliance	199709	1997-09-21	30	FALSE	FALSE	1997	2000
92	Poland	92322	UP	Union of Labour	199709	1997-09-21	30	FALSE	FALSE	1997	2000
92	Poland	92434	UW	Freedom Union	199709	1997-09-21	40	FALSE	FALSE	1997	2000
92	Poland	92620	AWS	Electoral Action ‘Solidarity'	199709	1997-09-21	50	FALSE	FALSE	1997	2000
92	Poland	92621	ROP	Movement for the Reconstruction of Poland	199709	1997-09-21	40	FALSE	FALSE	1997	2000
92	Poland	92811	PSL	Polish Peasants' Party	199709	1997-09-21	80	FALSE	FALSE	1997	2000
92	Poland	92953	MN	German Minority	199709	1997-09-21	90	FALSE	FALSE	1997	2000
92	Poland	92212	SLD-UP	Coalion of the Democratic Left Alliance and the Union of Labour	200109	2001-09-23	30	TRUE	TRUE	2001	2000
92	Poland	92435	PO	Civic Platform	200109	2001-09-23	40	FALSE	FALSE	2001	2000
92	Poland	92436	PiS	Law and Justice	200109	2001-09-23	60	FALSE	FALSE	2001	2000
92	Poland	92622	SRP	Self-Defence of the Polish Republic	200109	2001-09-23	80	TRUE	TRUE	2001	2000
92	Poland	92713	LPR	League of Polish Families	200109	2001-09-23	50	TRUE	TRUE	2001	2000
92	Poland	92811	PSL	Polish Peasants' Party	200109	2001-09-23	80	TRUE	TRUE	2001	2000
92	Poland	92953	MN	German Minority	200109	2001-09-23	90	TRUE	TRUE	2001	2000
92	Poland	92210	SLD	Democratic Left Alliance	200509	2005-09-25	30	FALSE	FALSE	2005	2010
92	Poland	92435	PO	Civic Platform	200509	2005-09-25	40	FALSE	FALSE	2005	2010
92	Poland	92436	PiS	Law and Justice	200509	2005-09-25	60	FALSE	FALSE	2005	2010
92	Poland	92622	SRP	Self-Defence of the Polish Republic	200509	2005-09-25	80	FALSE	FALSE	2005	2010
92	Poland	92713	LPR	League of Polish Families	200509	2005-09-25	50	FALSE	FALSE	2005	2010
92	Poland	92811	PSL	Polish Peasants' Party	200509	2005-09-25	80	FALSE	FALSE	2005	2010
92	Poland	92953	MN	German Minority	200509	2005-09-25	90	FALSE	FALSE	2005	2010
92	Poland	92021	LiD	Left and Democrats	200710	2007-10-21	30	TRUE	TRUE	2007	2010
92	Poland	92435	PO	Civic Platform	200710	2007-10-21	40	TRUE	TRUE	2007	2010
92	Poland	92436	PiS	Law and Justice	200710	2007-10-21	60	TRUE	TRUE	2007	2010
92	Poland	92811	PSL	Polish Peasants' Party	200710	2007-10-21	80	TRUE	TRUE	2007	2010
92	Poland	92953	MN	German Minority	200710	2007-10-21	90	TRUE	TRUE	2007	2010
92	Poland	92210	SLD	Democratic Left Alliance	201110	2011-10-09	30	TRUE	TRUE	2011	2010
92	Poland	92435	PO	Civic Platform	201110	2011-10-09	40	TRUE	TRUE	2011	2010
92	Poland	92436	PiS	Law and Justice	201110	2011-10-09	60	TRUE	TRUE	2011	2010
92	Poland	92440	RP	Palikot's Movement	201110	2011-10-09	40	TRUE	TRUE	2011	2010
92	Poland	92811	PSL	Polish Peasants' Party	201110	2011-10-09	80	TRUE	TRUE	2011	2010
92	Poland	92953	MN	German Minority	201110	2011-10-09	90	TRUE	TRUE	2011	2010
92	Poland	92022	ZL	United Left	201510	2015-10-25	20	TRUE	TRUE	2015	2020
92	Poland	92435	PO	Civic Platform	201510	2015-10-25	40	TRUE	TRUE	2015	2020
92	Poland	92436	PiS	Law and Justice	201510	2015-10-25	60	TRUE	TRUE	2015	2020
92	Poland	92450	.N	Modern	201510	2015-10-25	40	TRUE	TRUE	2015	2020
92	Poland	92720		Kukiz'15	201510	2015-10-25	70	TRUE	TRUE	2015	2020
92	Poland	92811	PSL	Polish Peasants' Party	201510	2015-10-25	80	TRUE	TRUE	2015	2020
92	Poland	92953	MN	German Minority	201510	2015-10-25	90	TRUE	TRUE	2015	2020
92	Poland	92023		The Left	201910	2019-10-13	30	NA	NA	NA	NA
92	Poland	92040	KO	Civic Coalition	201910	2019-10-13	40	NA	NA	NA	NA
92	Poland	92050	PSL	Polish Coalition	201910	2019-10-13	50	TRUE	TRUE	2019	2020
92	Poland	92070	KWiN	Confederation Liberty and Independence	201910	2019-10-13	70	TRUE	TRUE	2019	2020
92	Poland	92436	PiS	Law and Justice	201910	2019-10-13	60	TRUE	TRUE	2019	2020
92	Poland	92455		Spring	201910	2019-10-13	40	TRUE	TRUE	2019	2020
92	Poland	92953	MN	German Minority	201910	2019-10-13	90	TRUE	TRUE	2019	2020
93	Romania	93111	MER	Ecological Movement of Romania	199005	1990-05-20	10	FALSE	FALSE	1990	1990
93	Romania	93112	PER	Romanian Ecological Party	199005	1990-05-20	10	FALSE	FALSE	1990	1990
93	Romania	93221	FSN	National Salvation Front	199005	1990-05-20	30	FALSE	FALSE	1990	1990
93	Romania	93222	PSDR	Romanian Socialist Democratic Party	199005	1990-05-20	20	FALSE	FALSE	1990	1990
93	Romania	93320	PSDR	Romanian Social Democratic Party	199005	1990-05-20	30	FALSE	FALSE	1990	1990
93	Romania	93430	PNL	National Liberal Party	199005	1990-05-20	40	FALSE	FALSE	1990	1990
93	Romania	93521	PNŢCD	Christian Democratic National Peasants’ Party	199005	1990-05-20	50	FALSE	FALSE	1990	1990
93	Romania	93523	PND	National Democratic Party	199005	1990-05-20	50	FALSE	FALSE	1990	1990
93	Romania	93524	FDRT	Romanian Democratic Front from Timisoara	199005	1990-05-20	50	FALSE	FALSE	1990	1990
93	Romania	93529	GDC	Democratic Group of the Centre	199005	1990-05-20	50	FALSE	FALSE	1990	1990
93	Romania	93711	PUNR	Romanian National Unity Party	199005	1990-05-20	70	FALSE	FALSE	1990	1990
93	Romania	93714	PR	Republican Party	199005	1990-05-20	70	FALSE	FALSE	1990	1990
93	Romania	93719	AUR	Romanian Unity Alliance	199005	1990-05-20	70	FALSE	FALSE	1990	1990
93	Romania	93810	PDAR	Democratic Agrarian Party of Romania	199005	1990-05-20	80	FALSE	FALSE	1990	1990
93	Romania	93951	UDMR/RMDSz	Hungarian Democratic Alliance of Romania	199005	1990-05-20	90	FALSE	FALSE	1990	1990
93	Romania	93221	FSN	National Salvation Front	199209	1992-09-27	30	FALSE	FALSE	1992	1990
93	Romania	93223	FDSN	Democratic National Salvation Front	199209	1992-09-27	20	FALSE	FALSE	1992	1990
93	Romania	93411	CDR	Democratic Convention of Romania	199209	1992-09-27	50	FALSE	FALSE	1992	1990
93	Romania	93711	PUNR	Romanian National Unity Party	199209	1992-09-27	70	FALSE	FALSE	1992	1990
93	Romania	93712	PRM	Greater Romania Party	199209	1992-09-27	70	FALSE	FALSE	1992	1990
93	Romania	93713	PSM	Socialist Labour Party	199209	1992-09-27	20	FALSE	FALSE	1992	1990
93	Romania	93810	PDAR	Democratic Agrarian Party of Romania	199209	1992-09-27	80	FALSE	FALSE	1992	1990
93	Romania	93951	UDMR/RMDSz	Hungarian Democratic Alliance of Romania	199209	1992-09-27	90	FALSE	FALSE	1992	1990
93	Romania	93223	PDSR	Party of Social Democracy of Romania	199611	1996-11-03	20	TRUE	TRUE	1996	2000
93	Romania	93322	USD	Social Democratic Union	199611	1996-11-03	30	TRUE	TRUE	1996	2000
93	Romania	93411	CDR	Democratic Convention of Romania	199611	1996-11-03	50	TRUE	TRUE	1996	2000
93	Romania	93711	PUNR	Romanian National Unity Party	199611	1996-11-03	70	TRUE	TRUE	1996	2000
93	Romania	93712	PRM	Greater Romania Party	199611	1996-11-03	70	TRUE	TRUE	1996	2000
93	Romania	93951	UDMR/RMDSz	Hungarian Democratic Alliance of Romania	199611	1996-11-03	90	TRUE	TRUE	1996	2000
93	Romania	93221	PD	Democratic Party	200011	2000-11-26	30	TRUE	TRUE	2000	2000
93	Romania	93223	PDSR	Social Democratic Pole of Romania	200011	2000-11-26	20	TRUE	TRUE	2000	2000
93	Romania	93430	PNL	National Liberal Party	200011	2000-11-26	40	TRUE	TRUE	2000	2000
93	Romania	93712	PRM	Greater Romania Party	200011	2000-11-26	70	TRUE	TRUE	2000	2000
93	Romania	93951	UDMR/RMDSz	Hungarian Democratic Alliance of Romania	200011	2000-11-26	90	TRUE	TRUE	2000	2000
93	Romania	93041	ADA	Justice and Truth Alliance	200411	2004-11-28	40	TRUE	TRUE	2004	2000
93	Romania	93712	PRM	Greater Romania Party	200411	2004-11-28	70	TRUE	TRUE	2004	2000
93	Romania	93951	UDMR/RMDSz	Hungarian Democratic Alliance of Romania	200411	2004-11-28	90	TRUE	TRUE	2004	2000
93	Romania	93430	PNL	National Liberal Party	200811	2008-11-30	40	TRUE	TRUE	2008	2010
93	Romania	93530	PDL	Democratic Liberal Party	200811	2008-11-30	50	TRUE	TRUE	2008	2010
93	Romania	93951	UDMR/RMDSz	Hungarian Democratic Alliance of Romania	200811	2008-11-30	90	TRUE	TRUE	2008	2010
93	Romania	93031	USL	Social Liberal Union	201212	2012-12-09	30	TRUE	TRUE	2012	2010
93	Romania	93061	ARD	Right Romania Alliance	201212	2012-12-09	60	TRUE	TRUE	2012	2010
93	Romania	93951	UDMR/RMDSz	Hungarian Democratic Alliance of Romania	201212	2012-12-09	90	TRUE	TRUE	2012	2010
93	Romania	93981	PP-DD	People's Party - Dan Dianconescu	201212	2012-12-09	70	TRUE	TRUE	2012	2010
93	Romania	93223	PSD	Social Democratic Party	201612	2016-12-11	20	TRUE	TRUE	2016	2020
93	Romania	93420	ALDE	Alliance of Liberals and Democrats	201612	2016-12-11	40	TRUE	TRUE	2016	2020
93	Romania	93430	PNL	National Liberal Party	201612	2016-12-11	40	TRUE	TRUE	2016	2020
93	Romania	93440	USR	Save Romania Union	201612	2016-12-11	40	TRUE	TRUE	2016	2020
93	Romania	93540	PMP	People's Movement Party	201612	2016-12-11	50	TRUE	TRUE	2016	2020
93	Romania	93951	UDMR/RMDSz	Hungarian Democratic Alliance of Romania	201612	2016-12-11	90	TRUE	TRUE	2016	2020
95	Serbia	95221	SPS	Socialist Party of Serbia	199012	1990-12-09	20	FALSE	FALSE	1990	1990
95	Serbia	95222	SRSV	Alliance of Reform Forces of Yugoslavia for Vojvodina	199012	1990-12-09	40	FALSE	FALSE	1990	1990
95	Serbia	95430	DS	Democratic Party	199012	1990-12-09	40	FALSE	FALSE	1990	1990
95	Serbia	95710	SPO	Serbian Renewal Movement	199012	1990-12-09	40	FALSE	FALSE	1990	1990
95	Serbia	95810	SSS	Peasants Party of Serbia	199012	1990-12-09	80	FALSE	FALSE	1990	1990
95	Serbia	95951	DZVM	Democratic Community of Magyars of Vojvodina	199012	1990-12-09	90	FALSE	FALSE	1990	1990
95	Serbia	95952	SDA	Party of Democratic Action	199012	1990-12-09	90	FALSE	FALSE	1990	1990
95	Serbia	95221	SPS	Socialist Party of Serbia	199212	1992-12-20	20	FALSE	FALSE	1992	1990
95	Serbia	95222	RDSV	Reformist Democratic Party of Vojvodina	199212	1992-12-20	40	FALSE	FALSE	1992	1990
95	Serbia	95420	DEPOS	Democratic Movement of Serbia	199212	1992-12-20	40	FALSE	FALSE	1992	1990
95	Serbia	95422	ND	New Democracy	199212	1992-12-20	30	FALSE	FALSE	1992	1990
95	Serbia	95430	DS	Democratic Party	199212	1992-12-20	40	FALSE	FALSE	1992	1990
95	Serbia	95711	SRS	Serbian Radical Party	199212	1992-12-20	70	FALSE	FALSE	1992	1990
95	Serbia	95810	SSS	Peasants Party of Serbia	199212	1992-12-20	80	FALSE	FALSE	1992	1990
95	Serbia	95951	DZVM	Democratic Community of Magyars of Vojvodina	199212	1992-12-20	90	FALSE	FALSE	1992	1990
95	Serbia	95221	SPS	Socialist Party of Serbia	199312	1993-12-19	20	FALSE	FALSE	1993	1990
95	Serbia	95420	DEPOS	Democratic Movement of Serbia	199312	1993-12-19	40	FALSE	FALSE	1993	1990
95	Serbia	95421	GSS	Civic Alliance of Serbia	199312	1993-12-19	40	FALSE	FALSE	1993	1990
95	Serbia	95422	ND	New Democracy	199312	1993-12-19	30	FALSE	FALSE	1993	1990
95	Serbia	95430	DS	Democratic Party	199312	1993-12-19	40	FALSE	FALSE	1993	1990
95	Serbia	95710	SPO	Serbian Renewal Movement	199312	1993-12-19	40	FALSE	FALSE	1993	1990
95	Serbia	95711	SRS	Serbian Radical Party	199312	1993-12-19	70	FALSE	FALSE	1993	1990
95	Serbia	95712	DSS	Democratic Party of Serbia	199312	1993-12-19	60	FALSE	FALSE	1993	1990
95	Serbia	95951	DZVM	Democratic Community of Magyars of Vojvodina	199312	1993-12-19	90	FALSE	FALSE	1993	1990
95	Serbia	95954	KAP	Coalition of Albanian Parties	199312	1993-12-19	90	FALSE	FALSE	1993	1990
95	Serbia	95955	PVD/PDD	Party for Democratic Activity	199312	1993-12-19	90	FALSE	FALSE	1993	1990
95	Serbia	95091	KV	Vojvodina Coalition	199709	1997-09-21	90	FALSE	FALSE	1997	2000
95	Serbia	95221	SPS	Socialist Party of Serbia	199709	1997-09-21	20	FALSE	FALSE	1997	2000
95	Serbia	95223	JUL	Yugoslav Left	199709	1997-09-21	30	FALSE	FALSE	1997	2000
95	Serbia	95229		Coalition of Socialist Party of Serbia, Yugoslav Left and New Democracy	199709	1997-09-21	30	FALSE	FALSE	1997	2000
95	Serbia	95422	ND	New Democracy	199709	1997-09-21	30	FALSE	FALSE	1997	2000
95	Serbia	95710	SPO	Serbian Renewal Movement	199709	1997-09-21	40	FALSE	FALSE	1997	2000
95	Serbia	95711	SRS	Serbian Radical Party	199709	1997-09-21	70	FALSE	FALSE	1997	2000
95	Serbia	95221	SPS	Socialist Party of Serbia	200012	2000-12-23	20	FALSE	FALSE	2000	2000
95	Serbia	95423	DOS	Democratic Opposition of Serbia	200012	2000-12-23	40	FALSE	FALSE	2000	2000
95	Serbia	95711	SRS	Serbian Radical Party	200012	2000-12-23	70	FALSE	FALSE	2000	2000
95	Serbia	95060	SPO/NS	Serbian Renewal Movement/New Serbia	200312	2003-12-28	60	FALSE	FALSE	2003	2000
95	Serbia	95221	SPS	Socialist Party of Serbia	200312	2003-12-28	20	FALSE	FALSE	2003	2000
95	Serbia	95430	DS	Democratic Party	200312	2003-12-28	40	FALSE	FALSE	2003	2000
95	Serbia	95450		G17plus	200312	2003-12-28	40	FALSE	FALSE	2003	2000
95	Serbia	95711	SRS	Serbian Radical Party	200312	2003-12-28	70	FALSE	FALSE	2003	2000
95	Serbia	95712	DSS	Democratic Party of Serbia	200312	2003-12-28	60	FALSE	FALSE	2003	2000
95	Serbia	95065	DSS/NS	Democratic Party of Serbia/New Serbia	200701	2007-01-21	60	FALSE	FALSE	2007	2010
95	Serbia	95221	SPS	Socialist Party of Serbia	200701	2007-01-21	20	FALSE	FALSE	2007	2010
95	Serbia	95430	DS	Democratic Party	200701	2007-01-21	40	FALSE	FALSE	2007	2010
95	Serbia	95431	LDP	Liberal Democratic Party	200701	2007-01-21	40	FALSE	FALSE	2007	2010
95	Serbia	95450		G17plus	200701	2007-01-21	40	FALSE	FALSE	2007	2010
95	Serbia	95711	SRS	Serbian Radical Party	200701	2007-01-21	70	FALSE	FALSE	2007	2010
95	Serbia	95040	ZES	For a European Serbia Alliance	200805	2008-05-11	40	FALSE	FALSE	2008	2010
95	Serbia	95065	DSS/NS	Democratic Party of Serbia/New Serbia	200805	2008-05-11	60	FALSE	FALSE	2008	2010
95	Serbia	95431	LDP	Liberal Democratic Party	200805	2008-05-11	40	FALSE	FALSE	2008	2010
95	Serbia	95711	SRS	Serbian Radical Party	200805	2008-05-11	70	FALSE	FALSE	2008	2010
95	Serbia	95901	MK	Hungarian Coalition	200805	2008-05-11	90	FALSE	FALSE	2008	2010
95	Serbia	95021	SPS/PUPS/JS	Socialist Party of Serbia/Party of United Pensioners of Serbia/United Serbia	201205	2012-05-06	20	TRUE	FALSE	2012	2010
95	Serbia	95041		Choice For a Better Life – Boris Tadić	201205	2012-05-06	40	TRUE	FALSE	2012	2010
95	Serbia	95042		Turnover – Čedomir Jovanović	201205	2012-05-06	40	TRUE	FALSE	2012	2010
95	Serbia	95070		Let's get Serbia moving - Tomislav Nikolic	201205	2012-05-06	70	FALSE	FALSE	2012	2010
95	Serbia	95451	URS	United Regions of Serbia – Mlađan Dinkić	201205	2012-05-06	40	TRUE	FALSE	2012	2010
95	Serbia	95712	DSS	Democratic Party of Serbia	201205	2012-05-06	60	TRUE	FALSE	2012	2010
95	Serbia	95720		None-of-the-above	201205	2012-05-06	70	TRUE	FALSE	2012	2010
95	Serbia	95902	VMSZ	Alliance of Vojvodina Hungarians	201205	2012-05-06	90	FALSE	FALSE	2012	2010
95	Serbia	95021	SPS/PUPS/JS	Socialist Party of Serbia/Party of United Pensioners of Serbia/United Serbia	201403	2014-03-16	20	TRUE	FALSE	2014	2010
95	Serbia	95045	NDS-Z/LSV/ZZS/VMDK/ZZV/DLR	New Democratic Party-Greens/League of Social Democrats of Vojvodina/Together for Serbia/Democartic Fellowship of Vojvodina Hungarians/Together for Vojvodina/Democratic Left of Roma	201403	2014-03-16	40	TRUE	FALSE	2014	2010
95	Serbia	95071	SNS/SDPS/NS/SPO/PS	Aleksandar Vucic - The future in which we believe	201403	2014-03-16	70	TRUE	FALSE	2014	2010
95	Serbia	95430	DS	Democratic Party	201403	2014-03-16	40	TRUE	FALSE	2014	2010
95	Serbia	95712	DSS	Democratic Party of Serbia	201403	2014-03-16	60	TRUE	FALSE	2014	2010
95	Serbia	95902	VMSZ	Alliance of Vojvodina Hungarians	201403	2014-03-16	90	TRUE	FALSE	2014	2010
95	Serbia	95952	SDA	Party of Democratic Action	201403	2014-03-16	90	FALSE	FALSE	2014	2010
95	Serbia	95955	PVD/PDD	Party for Democratic Activity	201403	2014-03-16	90	FALSE	FALSE	2014	2010
95	Serbia	95021	SPS/JS	Ivica Dačić –  Socialist Party of Serbia, United Serbia – Dragan Markovic Palma	201604	2016-04-24	20	TRUE	FALSE	2016	2020
95	Serbia	95043	LDP/LSV/SDS	Boris Tadić, Čedomir Jovanović – Alliance for a Better Serbia	201604	2016-04-24	40	TRUE	FALSE	2016	2020
95	Serbia	95044		For a just Serbia (DS, Nova, DSHV, ZZS)	201604	2016-04-24	40	TRUE	FALSE	2016	2020
95	Serbia	95066	Dveri/DSS	Dveri – DPS – Sanda Raskovic Ivic – Bosko Obradovic	201604	2016-04-24	60	TRUE	FALSE	2016	2020
95	Serbia	95071		Aleksandar Vucic – Serbia wins	201604	2016-04-24	70	TRUE	FALSE	2016	2020
95	Serbia	95100	ZS	Green Party	201604	2016-04-24	10	TRUE	FALSE	2016	2020
95	Serbia	95440	DJB	Now it’s enough – Sasa Radulovic	201604	2016-04-24	40	TRUE	FALSE	2016	2020
95	Serbia	95711	SRS	Serbian Radical Party	201604	2016-04-24	70	TRUE	FALSE	2016	2020
95	Serbia	95902	VMSZ	Alliance of Vojvodina Hungarians	201604	2016-04-24	90	TRUE	FALSE	2016	2020
95	Serbia	95903	BDZ	Bosniak Democratic Community of Sandzak	201604	2016-04-24	90	TRUE	FALSE	2016	2020
95	Serbia	95952	SDA	Party of Democratic Action	201604	2016-04-24	90	TRUE	FALSE	2016	2020
95	Serbia	95021	SPS/JS	Ivica Dačić –  Socialist Party of Serbia, United Serbia – Dragan Markovic Palma	202006	2020-06-21	20	TRUE	FALSE	2020	2020
95	Serbia	95071		Aleksandar Vučić — For Our Children	202006	2020-06-21	70	TRUE	FALSE	2020	2020
95	Serbia	95093		Academician Muamer Zukorlic - Straight ahead - Party of Justice and Reconciliation (SPP) - Democratic Party of Macedonians (DPM)	202006	2020-06-21	90	TRUE	FALSE	2020	2020
95	Serbia	95730	SPAS	Serbian Partiotic Alliance	202006	2020-06-21	70	TRUE	FALSE	2020	2020
95	Serbia	95902	VMSZ	Alliance of Vojvodina Hungarians	202006	2020-06-21	90	TRUE	FALSE	2020	2020
95	Serbia	95952	SDA	Party of Democratic Action	202006	2020-06-21	90	TRUE	FALSE	2020	2020
95	Serbia	95955	PVD/PDD	Party for Democratic Activity	202006	2020-06-21	90	FALSE	FALSE	2020	2020
95	Serbia	95011	MORAMO	We must	202204	2022-04-03	10	TRUE	FALSE	2022	2020
95	Serbia	95021	SPS/JS	Ivica Dačić –  Socialist Party of Serbia, United Serbia – Dragan Markovic Palma	202204	2022-04-03	20	TRUE	FALSE	2022	2020
95	Serbia	95046	UZPS	United for the Victory of Serbia	202204	2022-04-03	40	TRUE	FALSE	2022	2020
95	Serbia	95067	NADA	National Democratic Alternative	202204	2022-04-03	60	TRUE	FALSE	2022	2020
95	Serbia	95071		Aleksandar Vučić — For Our Children	202204	2022-04-03	70	TRUE	FALSE	2022	2020
95	Serbia	95072	Dveri-POKS	Serbian Movement Dveri - Movement for the Restoration of the Kingdom of Seria	202204	2022-04-03	70	TRUE	FALSE	2022	2020
95	Serbia	95735	SSZ	Serbian Party Oathkeepers	202204	2022-04-03	70	FALSE	FALSE	2022	2020
95	Serbia	95902	VMSZ	Alliance of Vojvodina Hungarians	202204	2022-04-03	90	TRUE	FALSE	2022	2020
95	Serbia	95903	SPP	Justice and Reconciliation Party	202204	2022-04-03	90	FALSE	FALSE	2022	2020
95	Serbia	95952	SDA	Party of Democratic Action	202204	2022-04-03	90	FALSE	FALSE	2022	2020
96	Slovakia	96111	SZ	Green Party of Slovakia	199006	1990-06-09	10	TRUE	TRUE	1990	1990
96	Slovakia	96220	SDľ	Party of the Democratic Left	199006	1990-06-09	30	FALSE	FALSE	1990	1990
96	Slovakia	96420	DS	Democratic Party	199006	1990-06-09	40	FALSE	FALSE	1990	1990
96	Slovakia	96430	VPN	Public Against Violence	199006	1990-06-09	40	TRUE	TRUE	1990	1990
96	Slovakia	96521	KDH	Christian Democratic Movement	199006	1990-06-09	50	TRUE	TRUE	1990	1990
96	Slovakia	96710	SNS	Slovak National Party	199006	1990-06-09	70	FALSE	FALSE	1990	1990
96	Slovakia	96952	ESWS-MKdH	Coalition of Coexistence and the Hungarian Christian-Democratic Movement	199006	1990-06-09	90	TRUE	FALSE	1990	1990
96	Slovakia	96220	SDľ	Party of the Democratic Left	199206	1992-06-06	30	TRUE	FALSE	1992	1990
96	Slovakia	96431	ADSR	Alliance of Democrats of the Slovak Republic	199206	1992-06-06	40	FALSE	FALSE	1992	1990
96	Slovakia	96521	KDH	Christian Democratic Movement	199206	1992-06-06	50	FALSE	FALSE	1992	1990
96	Slovakia	96710	SNS	Slovak National Party	199206	1992-06-06	70	FALSE	FALSE	1992	1990
96	Slovakia	96711	HZDS	Movement for a Democratic Slovakia	199206	1992-06-06	70	FALSE	FALSE	1992	1990
96	Slovakia	96951	ESWS	Coexistence	199206	1992-06-06	90	FALSE	FALSE	1992	1990
96	Slovakia	96952	ESWS-MKdH	Coalition of Coexistence and the Hungarian Christian-Democratic Movement	199206	1992-06-06	90	FALSE	FALSE	1992	1990
96	Slovakia	96210	ZRS	Workers’ Association of Slovakia	199409	1994-09-30	20	FALSE	FALSE	1994	1990
96	Slovakia	96221	SV	Common Choice	199409	1994-09-30	30	FALSE	FALSE	1994	1990
96	Slovakia	96421	DÚS	Democratic Union of Slovakia	199409	1994-09-30	40	TRUE	TRUE	1994	1990
96	Slovakia	96521	KDH	Christian Democratic Movement	199409	1994-09-30	50	TRUE	TRUE	1994	1990
96	Slovakia	96710	SNS	Slovak National Party	199409	1994-09-30	70	FALSE	FALSE	1994	1990
96	Slovakia	96711	HZDS	Movement for a Democratic Slovakia	199409	1994-09-30	70	FALSE	FALSE	1994	1990
96	Slovakia	96712	NDS	National Democratic Party - New Alternative	199409	1994-09-30	70	FALSE	FALSE	1994	1990
96	Slovakia	96951	ESWS	Coexistence	199409	1994-09-30	90	FALSE	FALSE	1994	1990
96	Slovakia	96952	MK	Hungarian Coalition	199409	1994-09-30	90	FALSE	FALSE	1994	1990
96	Slovakia	96953	MKdH/MKdM	Hungarian Christian Democratic Movement	199409	1994-09-30	90	TRUE	TRUE	1994	1990
96	Slovakia	96954	MOS/MPP	Hungarian Civic Party	199409	1994-09-30	90	FALSE	FALSE	1994	1990
96	Slovakia	96220	SDľ	Party of the Democratic Left	199809	1998-09-26	30	FALSE	FALSE	1998	2000
96	Slovakia	96422	SOP	Party of Civic Understanding	199809	1998-09-26	40	FALSE	FALSE	1998	2000
96	Slovakia	96522	SDK	Slovak Democratic Coalition	199809	1998-09-26	50	TRUE	TRUE	1998	2000
96	Slovakia	96710	SNS	Slovak National Party	199809	1998-09-26	70	FALSE	FALSE	1998	2000
96	Slovakia	96711	HZDS	Movement for a Democratic Slovakia	199809	1998-09-26	70	FALSE	FALSE	1998	2000
96	Slovakia	96952	SMK/MKP	Party of the Hungarian Coalition	199809	1998-09-26	90	FALSE	FALSE	1998	2000
96	Slovakia	96220	SDľ	Party of the Democratic Left	200209	2002-09-20	30	FALSE	FALSE	2002	2000
96	Slovakia	96222	KSS	Communist Party of Slovakia	200209	2002-09-20	20	FALSE	FALSE	2002	2000
96	Slovakia	96423	Smer	Direction-Social Democracy	200209	2002-09-20	30	FALSE	FALSE	2002	2000
96	Slovakia	96424	ANO	Alliance of the New Citizen	200209	2002-09-20	40	TRUE	TRUE	2002	2000
96	Slovakia	96521	KDH	Christian Democratic Movement	200209	2002-09-20	50	FALSE	FALSE	2002	2000
96	Slovakia	96523	SDKÚ	Slovak Democratic and Christian Union	200209	2002-09-20	50	TRUE	TRUE	2002	2000
96	Slovakia	96711	HZDS	Movement for a Democratic Slovakia	200209	2002-09-20	70	TRUE	TRUE	2002	2000
96	Slovakia	96952	SMK/MKP	Party of the Hungarian Coalition	200209	2002-09-20	90	FALSE	FALSE	2002	2000
96	Slovakia	96423	Smer	Direction-Social Democracy	200606	2006-06-17	30	TRUE	TRUE	2006	2010
96	Slovakia	96521	KDH	Christian Democratic Movement	200606	2006-06-17	50	TRUE	TRUE	2006	2010
96	Slovakia	96523	SDKÚ-DS	Slovak Democratic and Christian Union - Democartic Party	200606	2006-06-17	50	TRUE	TRUE	2006	2010
96	Slovakia	96710	SNS	Slovak National Party	200606	2006-06-17	70	TRUE	TRUE	2006	2010
96	Slovakia	96711	HZDS	Movement for a Democratic Slovakia	200606	2006-06-17	70	TRUE	TRUE	2006	2010
96	Slovakia	96952	SMK/MKP	Party of the Hungarian Coalition	200606	2006-06-17	90	TRUE	TRUE	2006	2010
96	Slovakia	96423	Smer	Direction-Social Democracy	201006	2010-06-12	30	TRUE	TRUE	2010	2010
96	Slovakia	96440	SaS	Freedom and Solidarity	201006	2010-06-12	40	TRUE	TRUE	2010	2010
96	Slovakia	96521	KDH	Christian Democratic Movement	201006	2010-06-12	50	TRUE	TRUE	2010	2010
96	Slovakia	96523	SDKÚ-DS	Slovak Democratic and Christian Union - Democartic Party	201006	2010-06-12	50	TRUE	TRUE	2010	2010
96	Slovakia	96610	OKS	Civic Conservative Party	201006	2010-06-12	60	TRUE	TRUE	2010	2010
96	Slovakia	96710	SNS	Slovak National Party	201006	2010-06-12	70	TRUE	TRUE	2010	2010
96	Slovakia	96711	HZDS	Movement for a Democratic Slovakia	201006	2010-06-12	70	TRUE	TRUE	2010	2010
96	Slovakia	96955		Bridge	201006	2010-06-12	95	TRUE	TRUE	2010	2010
96	Slovakia	96423	Smer	Direction-Social Democracy	201203	2012-03-10	30	TRUE	TRUE	2012	2010
96	Slovakia	96440	SaS	Freedom and Solidarity	201203	2012-03-10	40	TRUE	TRUE	2012	2010
96	Slovakia	96521	KDH	Christian Democratic Movement	201203	2012-03-10	50	TRUE	TRUE	2012	2010
96	Slovakia	96523	SDKÚ-DS	Slovak Democratic and Christian Union - Democartic Party	201203	2012-03-10	50	TRUE	TRUE	2012	2010
96	Slovakia	96620	OľaNO	Ordinary People and Independent Personalities	201203	2012-03-10	60	TRUE	TRUE	2012	2010
96	Slovakia	96710	SNS	Slovak National Party	201203	2012-03-10	70	TRUE	TRUE	2012	2010
96	Slovakia	96955		Bridge	201203	2012-03-10	95	TRUE	TRUE	2012	2010
96	Slovakia	96423	Smer	Direction-Social Democracy	201603	2016-03-05	30	TRUE	TRUE	2016	2020
96	Slovakia	96440	SaS	Freedom and Solidarity	201603	2016-03-05	40	TRUE	TRUE	2016	2020
96	Slovakia	96521	KDH	Christian Democratic Movement	201603	2016-03-05	50	TRUE	TRUE	2016	2020
96	Slovakia	96620	OľaNO	Ordinary People and Independent Personalities	201603	2016-03-05	60	TRUE	TRUE	2016	2020
96	Slovakia	96630		Network	201603	2016-03-05	60	TRUE	TRUE	2016	2020
96	Slovakia	96710	SNS	Slovak National Party	201603	2016-03-05	70	TRUE	TRUE	2016	2020
96	Slovakia	96720	ĽSNS	Kotleba – People's Party Our Slovakia	201603	2016-03-05	70	TRUE	TRUE	2016	2020
96	Slovakia	96725		We Are Family	201603	2016-03-05	70	TRUE	TRUE	2016	2020
96	Slovakia	96955		Bridge	201603	2016-03-05	95	TRUE	TRUE	2016	2020
97	Slovenia	97110	ZS	Greens of Slovenia	199004	1990-04-08	10	FALSE	FALSE	1990	1990
97	Slovenia	97220	ZKS	League of Communists of Slovenia	199004	1990-04-08	20	FALSE	FALSE	1990	1990
97	Slovenia	97320	SDSS	Social-Democratic Party of Slovenia	199004	1990-04-08	30	FALSE	FALSE	1990	1990
97	Slovenia	97421	LDS	Liberal Democratic Party	199004	1990-04-08	40	FALSE	FALSE	1990	1990
97	Slovenia	97430	DSS	Democratic Party of Slovenia	199004	1990-04-08	60	FALSE	FALSE	1990	1990
97	Slovenia	97520	SKD	Slovenian Christian Democrats	199004	1990-04-08	50	FALSE	FALSE	1990	1990
97	Slovenia	97521	SLS	Slovenian People's Party	199004	1990-04-08	50	FALSE	FALSE	1990	1990
97	Slovenia	97810	SKZ	Slovenian Peasant League	199004	1990-04-08	80	FALSE	FALSE	1990	1990
97	Slovenia	97110	ZS	Greens of Slovenia	199212	1992-12-06	10	FALSE	FALSE	1992	1990
97	Slovenia	97223	ZL	Unity, Asssociated List	199212	1992-12-06	20	FALSE	FALSE	1992	1990
97	Slovenia	97320	SDSS	Social-Democratic Party of Slovenia	199212	1992-12-06	30	FALSE	FALSE	1992	1990
97	Slovenia	97421	LDS	Liberal Democratic Party	199212	1992-12-06	40	FALSE	FALSE	1992	1990
97	Slovenia	97430	DSS	Democratic Party of Slovenia	199212	1992-12-06	60	FALSE	FALSE	1992	1990
97	Slovenia	97520	SKD	Slovenian Christian Democrats	199212	1992-12-06	50	FALSE	FALSE	1992	1990
97	Slovenia	97521	SLS	Slovenian People's Party	199212	1992-12-06	50	FALSE	FALSE	1992	1990
97	Slovenia	97710	SNS	Slovenian National Party	199212	1992-12-06	70	FALSE	FALSE	1992	1990
97	Slovenia	97320	SDSS	Social-Democratic Party of Slovenia	199611	1996-11-10	30	FALSE	FALSE	1996	2000
97	Slovenia	97321	ZLSD	Associated List of Social Democrats	199611	1996-11-10	30	FALSE	FALSE	1996	2000
97	Slovenia	97421	LDS	Liberal Democracy of Slovenia	199611	1996-11-10	40	FALSE	FALSE	1996	2000
97	Slovenia	97520	SKD	Slovenian Christian Democrats	199611	1996-11-10	50	FALSE	FALSE	1996	2000
97	Slovenia	97521	SLS	Slovenian People's Party	199611	1996-11-10	50	FALSE	FALSE	1996	2000
97	Slovenia	97710	SNS	Slovenian National Party	199611	1996-11-10	70	FALSE	FALSE	1996	2000
97	Slovenia	97951	DeSUS	Democratic Party of Pensioners of Slovenia	199611	1996-11-10	95	FALSE	FALSE	1996	2000
97	Slovenia	97320	SDSS	Social-Democratic Party of Slovenia	200010	2000-10-15	30	FALSE	FALSE	2000	2000
97	Slovenia	97321	ZLSD	Associated List of Social Democrats	200010	2000-10-15	30	FALSE	FALSE	2000	2000
97	Slovenia	97421	LDS	Liberal Democracy of Slovenia	200010	2000-10-15	40	FALSE	FALSE	2000	2000
97	Slovenia	97521	SLS	Slovenian People's Party	200010	2000-10-15	50	FALSE	FALSE	2000	2000
97	Slovenia	97522	Nsi	New Slovenian Christian People’s Party	200010	2000-10-15	50	FALSE	FALSE	2000	2000
97	Slovenia	97710	SNS	Slovenian National Party	200010	2000-10-15	70	FALSE	FALSE	2000	2000
97	Slovenia	97951	DeSUS	Democratic Party of Pensioners of Slovenia	200010	2000-10-15	95	FALSE	FALSE	2000	2000
97	Slovenia	97952	SMS	Party of Slovenian Youth	200010	2000-10-15	95	FALSE	FALSE	2000	2000
97	Slovenia	97322	SD	Social Democratic Party	200410	2004-10-03	30	TRUE	TRUE	2004	2000
97	Slovenia	97330	SDS	Slovenian Democratic Party	200410	2004-10-03	60	TRUE	TRUE	2004	2000
97	Slovenia	97421	LDS	Liberal Democracy of Slovenia	200410	2004-10-03	40	TRUE	TRUE	2004	2000
97	Slovenia	97521	SLS	Slovenian People's Party	200410	2004-10-03	50	TRUE	TRUE	2004	2000
97	Slovenia	97522	Nsi	New Slovenian Christian People’s Party	200410	2004-10-03	50	TRUE	TRUE	2004	2000
97	Slovenia	97710	SNS	Slovenian National Party	200410	2004-10-03	70	TRUE	TRUE	2004	2000
97	Slovenia	97951	DeSUS	Democratic Party of Pensioners of Slovenia	200410	2004-10-03	95	TRUE	TRUE	2004	2000
97	Slovenia	97322	SD	Social Democratic Party	200809	2008-09-21	30	TRUE	TRUE	2008	2010
97	Slovenia	97330	SDS	Slovenian Democratic Party	200809	2008-09-21	60	TRUE	TRUE	2008	2010
97	Slovenia	97421	LDS	Liberal Democracy of Slovenia	200809	2008-09-21	40	TRUE	TRUE	2008	2010
97	Slovenia	97440		For Real	200809	2008-09-21	40	TRUE	TRUE	2008	2010
97	Slovenia	97521	SLS	Slovenian People's Party	200809	2008-09-21	50	TRUE	TRUE	2008	2010
97	Slovenia	97522	Nsi	New Slovenian Christian People’s Party	200809	2008-09-21	50	TRUE	TRUE	2008	2010
97	Slovenia	97710	SNS	Slovenian National Party	200809	2008-09-21	70	TRUE	TRUE	2008	2010
97	Slovenia	97951	DeSUS	Democratic Party of Pensioners of Slovenia	200809	2008-09-21	95	TRUE	TRUE	2008	2010
97	Slovenia	97322	SD	Social Democratic Party	201112	2011-12-04	30	TRUE	TRUE	2011	2010
97	Slovenia	97330	SDS	Slovenian Democratic Party	201112	2011-12-04	60	TRUE	TRUE	2011	2010
97	Slovenia	97340	PS	Zoran Janković's List - Positive Slovenia	201112	2011-12-04	30	TRUE	TRUE	2011	2010
97	Slovenia	97421	LDS	Liberal Democracy of Slovenia	201112	2011-12-04	40	TRUE	TRUE	2011	2010
97	Slovenia	97440		For Real	201112	2011-12-04	40	TRUE	TRUE	2011	2010
97	Slovenia	97450	LGV	Gregor Virant's Civic List	201112	2011-12-04	40	TRUE	TRUE	2011	2010
97	Slovenia	97521	SLS	Slovenian People's Party	201112	2011-12-04	50	TRUE	TRUE	2011	2010
97	Slovenia	97522	Nsi	New Slovenian Christian People’s Party	201112	2011-12-04	50	TRUE	TRUE	2011	2010
97	Slovenia	97710	SNS	Slovenian National Party	201112	2011-12-04	70	TRUE	TRUE	2011	2010
97	Slovenia	97951	DeSUS	Democratic Party of Pensioners of Slovenia	201112	2011-12-04	95	TRUE	TRUE	2011	2010
97	Slovenia	97020	ZL	United Left	201407	2014-07-13	20	TRUE	TRUE	2014	2010
97	Slovenia	97322	SD	Social Democratic Party	201407	2014-07-13	30	TRUE	TRUE	2014	2010
97	Slovenia	97330	SDS	Slovenian Democratic Party	201407	2014-07-13	60	TRUE	TRUE	2014	2010
97	Slovenia	97460	ZaAB	Alliance of Alenka Bratušek	201407	2014-07-13	40	TRUE	TRUE	2014	2010
97	Slovenia	97461	SMC	Party of Miro Cerar	201407	2014-07-13	40	TRUE	TRUE	2014	2010
97	Slovenia	97522	Nsi	New Slovenian Christian People’s Party	201407	2014-07-13	50	TRUE	TRUE	2014	2010
97	Slovenia	97951	DeSUS	Democratic Party of Pensioners of Slovenia	201407	2014-07-13	95	TRUE	TRUE	2014	2010
97	Slovenia	97230		The Left	201806	2018-06-03	20	TRUE	TRUE	2018	2020
97	Slovenia	97322	SD	Social Democratic Party	201806	2018-06-03	30	TRUE	TRUE	2018	2020
97	Slovenia	97330	SDS	Slovenian Democratic Party	201806	2018-06-03	60	TRUE	TRUE	2018	2020
97	Slovenia	97341	LMŠ	List of Marjan Šarec	201806	2018-06-03	40	TRUE	TRUE	2018	2020
97	Slovenia	97460	SAB	Party of Alenka Bratušek	201806	2018-06-03	40	TRUE	TRUE	2018	2020
97	Slovenia	97461	SMC	Modern Centre Party	201806	2018-06-03	40	TRUE	TRUE	2018	2020
97	Slovenia	97522	Nsi	New Slovenian Christian People’s Party	201806	2018-06-03	50	TRUE	TRUE	2018	2020
97	Slovenia	97710	SNS	Slovenian National Party	201806	2018-06-03	70	TRUE	TRUE	2018	2020
97	Slovenia	97951	DeSUS	Democratic Party of Pensioners of Slovenia	201806	2018-06-03	95	TRUE	TRUE	2018	2020
98	Ukraine	98221	KPU	Communist Party of Ukraine	199404	1994-04-10	20	TRUE	TRUE	1994	1990
98	Ukraine	98321	SPU	Socialist Party of Ukraine	199404	1994-04-10	30	TRUE	TRUE	1994	1990
98	Ukraine	98325	SDPU	Social Democractic Party of Ukraine	199404	1994-04-10	30	TRUE	TRUE	1994	1990
98	Ukraine	98421	MBR	Interregional Reform Bloc	199404	1994-04-10	40	TRUE	TRUE	1994	1990
98	Ukraine	98422	PDVU	Party of Democratic Rebirth of Ukraine	199404	1994-04-10	40	TRUE	TRUE	1994	1990
98	Ukraine	98423	PT	Labour Party	199404	1994-04-10	30	TRUE	TRUE	1994	1990
98	Ukraine	98424	HKU	Civic Congress of Ukraine	199404	1994-04-10	40	TRUE	TRUE	1994	1990
98	Ukraine	98521	KhDPU	Christian Democratic Party of Ukraine	199404	1994-04-10	50	TRUE	TRUE	1994	1990
98	Ukraine	98611	Rukh	Popular Movement of Ukraine	199404	1994-04-10	60	TRUE	TRUE	1994	1990
98	Ukraine	98612	URP	Ukrainian Republican Party	199404	1994-04-10	60	TRUE	TRUE	1994	1990
98	Ukraine	98613	DPU	Democratic Party of Ukraine	199404	1994-04-10	60	TRUE	TRUE	1994	1990
98	Ukraine	98711	KUN	Congress of Ukrainian Nationalists	199404	1994-04-10	70	TRUE	TRUE	1994	1990
98	Ukraine	98712	UKRP	Ukrainian Conservative Republican Party	199404	1994-04-10	60	TRUE	TRUE	1994	1990
98	Ukraine	98713	UNA	Ukrainian National Assembly	199404	1994-04-10	70	FALSE	FALSE	1994	1990
98	Ukraine	98810	SelPU	Peasant Party of Ukraine	199404	1994-04-10	80	TRUE	TRUE	1994	1990
98	Ukraine	98951	PEVK	Party of Economic Revival of Crimea	199404	1994-04-10	90	TRUE	TRUE	1994	1990
98	Ukraine	98111	PZU	Green Party of Ukraine	199803	1998-03-29	10	TRUE	TRUE	1998	2000
98	Ukraine	98221	KPU	Communist Party of Ukraine	199803	1998-03-29	20	TRUE	TRUE	1998	2000
98	Ukraine	98322	PSPU	Progressive Socialist Party of Ukraine	199803	1998-03-29	20	TRUE	TRUE	1998	2000
98	Ukraine	98323	SPU-SelPU	Bloc Socialist Party of Ukraine and Peasant Party of Ukraine	199803	1998-03-29	30	TRUE	TRUE	1998	2000
98	Ukraine	98324		All-Ukrainian Association ‘Community'	199803	1998-03-29	60	TRUE	TRUE	1998	2000
98	Ukraine	98426	NDPU	People’s Democratic Party of Ukraine	199803	1998-03-29	40	TRUE	TRUE	1998	2000
98	Ukraine	98427	SDPU(O)	Social Democratic Party of Ukraine (United)	199803	1998-03-29	20	TRUE	TRUE	1998	2000
98	Ukraine	98428		Forward, Ukraine!	199803	1998-03-29	60	TRUE	TRUE	1998	2000
98	Ukraine	98521	KhDPU	Christian Democratic Party of Ukraine	199803	1998-03-29	50	FALSE	FALSE	1998	2000
98	Ukraine	98611	Rukh	Popular Movement of Ukraine	199803	1998-03-29	60	TRUE	TRUE	1998	2000
98	Ukraine	98614	NF	Electoral Bloc ‘National Front'	199803	1998-03-29	60	TRUE	TRUE	1998	2000
98	Ukraine	98811	APU	Agrarian Party of Ukraine	199803	1998-03-29	80	TRUE	TRUE	1998	2000
98	Ukraine	98221	KPU	Communist Party of Ukraine	200203	2002-03-31	20	TRUE	TRUE	2002	2000
98	Ukraine	98321	SPU	Socialist Party of Ukraine	200203	2002-03-31	30	TRUE	TRUE	2002	2000
98	Ukraine	98427	SDPU(O)	Social Democratic Party of Ukraine (United)	200203	2002-03-31	20	TRUE	TRUE	2002	2000
98	Ukraine	98429	ZYU	For a United Ukraine!	200203	2002-03-31	40	TRUE	TRUE	2002	2000
98	Ukraine	98615	NU	Viktor Yushchenko Bloc ‘Our Ukraine'	200203	2002-03-31	60	TRUE	TRUE	2002	2000
98	Ukraine	98616	BYuT	Juliya Tymoshenko Election Bloc	200203	2002-03-31	60	TRUE	TRUE	2002	2000
98	Ukraine	98221	KPU	Communist Party of Ukraine	200603	2006-03-26	20	TRUE	TRUE	2006	2010
98	Ukraine	98321	SPU	Socialist Party of Ukraine	200603	2006-03-26	30	TRUE	TRUE	2006	2010
98	Ukraine	98615	NU	Viktor Yushchenko Bloc ‘Our Ukraine'	200603	2006-03-26	60	TRUE	TRUE	2006	2010
98	Ukraine	98616	BYuT	Juliya Tymoshenko Election Bloc	200603	2006-03-26	60	TRUE	TRUE	2006	2010
98	Ukraine	98952	PR	Party of Regions	200603	2006-03-26	95	TRUE	TRUE	2006	2010
98	Ukraine	98221	KPU	Communist Party of Ukraine	200709	2007-09-30	20	TRUE	TRUE	2007	2010
98	Ukraine	98321	SPU	Socialist Party of Ukraine	200709	2007-09-30	30	TRUE	TRUE	2007	2010
98	Ukraine	98615	NU-NS	‘Our Ukraine - People's Self-Defense'	200709	2007-09-30	60	TRUE	TRUE	2007	2010
98	Ukraine	98616	BYuT	Juliya Tymoshenko Election Bloc	200709	2007-09-30	60	TRUE	TRUE	2007	2010
98	Ukraine	98952	PR	Party of Regions	200709	2007-09-30	95	TRUE	TRUE	2007	2010
98	Ukraine	98221	KPU	Communist Party of Ukraine	201210	2012-10-28	20	TRUE	TRUE	2012	2010
98	Ukraine	98617		All-Ukrainian Union ‘Fatherland'	201210	2012-10-28	60	TRUE	TRUE	2012	2010
98	Ukraine	98630	UDAR	Ukrainian Democratic Alliance for Reform	201210	2012-10-28	60	TRUE	TRUE	2012	2010
98	Ukraine	98720		All-Ukrainian Union ‘Freedom'	201210	2012-10-28	70	TRUE	TRUE	2012	2010
98	Ukraine	98952	PR	Party of Regions	201210	2012-10-28	95	TRUE	TRUE	2012	2010
98	Ukraine	98617		All-Ukrainian Union ‘Fatherland'	201410	2014-10-26	60	TRUE	TRUE	2014	2010
98	Ukraine	98618		People's Front	201410	2014-10-26	60	TRUE	TRUE	2014	2010
98	Ukraine	98620		Union ‘Self Help'	201410	2014-10-26	60	TRUE	TRUE	2014	2010
98	Ukraine	98631		Petro Poroshenko Bloc ‘Solidarity'	201410	2014-10-26	60	TRUE	TRUE	2014	2010
98	Ukraine	98720		All-Ukrainian Union ‘Freedom'	201410	2014-10-26	70	TRUE	TRUE	2014	2010
98	Ukraine	98730		Radical Party of Oleh Lyashko	201410	2014-10-26	70	TRUE	TRUE	2014	2010
98	Ukraine	98910		Opposition Bloc	201410	2014-10-26	90	TRUE	TRUE	2014	2010
98	Ukraine	98340		Opposition Platform - For Life	201907	2019-07-21	30	TRUE	TRUE	2019	2020
98	Ukraine	98350		Opposition Bloc	201907	2019-07-21	30	TRUE	TRUE	2019	2020
98	Ukraine	98440		Servant of the People	201907	2019-07-21	40	TRUE	TRUE	2019	2020
98	Ukraine	98450		Voice	201907	2019-07-21	40	TRUE	TRUE	2019	2020
98	Ukraine	98617		All-Ukrainian Union ‘Fatherland'	201907	2019-07-21	60	TRUE	TRUE	2019	2020
98	Ukraine	98631		European Solidarity	201907	2019-07-21	60	TRUE	TRUE	2019	2020
